 ,,,,,,,,,
,,,,,,,,,
,,,,,,,,,
  ,,,,,,,,,
  ,,,,,,,,,
,,,,,,,,,
NCAA Softball,,,,,,,,,
Division IShutouts,,,,,,,,,
Through Games 06/04/2026,,,,,,,,,
,,,,,,,,,
,,,,,,,,,
Rank,Name,G,SHO,,,,,,
1,Alabama,65,24,,,,,,
2,Southeastern La.,62,22,,,,,,
3,Texas Tech,71,21,,,,,,
4,Belmont,54,19,,,,,,
5,Florida,64,18,,,,,,
,Tennessee,61,18,,,,,,
,UNC Greensboro,62,18,,,,,,
8,Mississippi St.,64,17,,,,,,
9,Nebraska,60,16,,,,,,
,Boston U.,62,16,,,,,,
11,Arkansas,60,15,,,,,,
,Utah,56,15,,,,,,
,Omaha,49,15,,,,,,
14,California Baptist,62,14,,,,,,
,Texas,65,14,,,,,,
,UNCW,51,14,,,,,,
17,North Florida,61,12,,,,,,
,LSU,59,12,,,,,,
,Clemson,56,12,,,,,,
,Washington,57,12,,,,,,
,Oklahoma St.,58,12,,,,,,
,Oklahoma,62,12,,,,,,
,Hawaii,50,12,,,,,,
24,Lindenwood,56,11,,,,,,
,UCLA,63,11,,,,,,
,Texas St.,61,11,,,,,,
,Ole Miss,62,11,,,,,,
,South Alabama,59,11,,,,,,
,Jacksonville St.,61,11,,,,,,
30,Arizona,55,10,,,,,,
,Austin Peay,54,10,,,,,,
,Georgia,61,10,,,,,,
,Virginia Tech,60,10,,,,,,
,Radford,51,10,,,,,,
,South Fla.,61,10,,,,,,
,UT Martin,54,10,,,,,,
,Princeton,49,10,,,,,,
38,UIW,54,9,,,,,,
,Louisiana Tech,56,9,,,,,,
,LMU (CA),52,9,,,,,,
,Cal St. Fullerton,56,9,,,,,,
,Missouri St.,50,9,,,,,,
,Florida St.,62,9,,,,,,
,Wisconsin,54,9,,,,,,
,Missouri,57,9,,,,,,
,North Ala.,52,9,,,,,,
,Campbell,57,9,,,,,,
48,USC Upstate,61,8,,,,,,
,Army West Point,58,8,,,,,,
,Michigan,58,8,,,,,,
,Dayton,50,8,,,,,,
,Fairfield,51,8,,,,,,
,Hofstra,54,8,,,,,,
,Indiana,59,8,,,,,,
,Ohio St.,53,8,,,,,,
,Penn St.,54,8,,,,,,
,Saint Louis,51,8,,,,,,
,Samford,59,8,,,,,,
,Siena,47,8,,,,,,
,Southern Ill.,51,8,,,,,,
,Southern Miss.,57,8,,,,,,
,Liberty,57,8,,,,,,
63,Central Ark.,57,7,,,,,,
,Virginia,55,7,,,,,,
,UC Santa Barbara,57,7,,,,,,
,Delaware St.,46,7,,,,,,
,George Mason,51,7,,,,,,
,Howard,47,7,,,,,,
,Western Ky.,53,7,,,,,,
,Western Mich.,55,7,,,,,,
,New Mexico St.,54,7,,,,,,
,North Dakota,51,7,,,,,,
,ULM,58,7,,,,,,
,Oakland,49,7,,,,,,
,Oregon,55,7,,,,,,
,Saint Mary's (CA),58,7,,,,,,
,Sam Houston,56,7,,,,,,
,Southern U.,52,7,,,,,,
,Texas Southern,42,7,,,,,,
,Marshall,57,7,,,,,,
81,Tarleton St.,61,6,,,,,,
,Chattanooga,55,6,,,,,,
,App State,50,6,,,,,,
,Bowling Green,49,6,,,,,,
,Central Conn. St.,47,6,,,,,,
,UConn,60,6,,,,,,
,Creighton,59,6,,,,,,
,Delaware,55,6,,,,,,
,East Carolina,59,6,,,,,,
,Florida A&M,54,6,,,,,,
,Fla. Atlantic,54,6,,,,,,
,Ga. Southern,53,6,,,,,,
,Iona,53,6,,,,,,
,Jacksonville,55,6,,,,,,
,Kansas,57,6,,,,,,
,Kentucky,55,6,,,,,,
,Murray St.,52,6,,,,,,
,Nicholls,54,6,,,,,,
,Northwestern,50,6,,,,,,
,Prairie View,46,6,,,,,,
,Providence,49,6,,,,,,
,Purdue,54,6,,,,,,
,Sacred Heart,54,6,,,,,,
,St. John's (NY),55,6,,,,,,
,St. Thomas (MN),53,6,,,,,,
,Lehigh,54,6,,,,,,
107,Col. of Charleston,60,5,,,,,,
,Wagner,50,5,,,,,,
,Grand Canyon,64,5,,,,,,
,LIU,56,5,,,,,,
,Louisville,58,5,,,,,,
,UMass Lowell,54,5,,,,,,
,Marist,58,5,,,,,,
,McNeese,62,5,,,,,,
,Miami (OH),56,5,,,,,,
,Minnesota,52,5,,,,,,
,UAlbany,45,5,,,,,,
,Baylor,58,5,,,,,,
,Brown,45,5,,,,,,
,Bryant,44,5,,,,,,
,UCF,61,5,,,,,,
,Colorado St.,51,5,,,,,,
,Columbia,45,5,,,,,,
,Eastern Ill.,59,5,,,,,,
,Eastern Ky.,53,5,,,,,,
,Evansville,51,5,,,,,,
,FIU,52,5,,,,,,
,George Washington,45,5,,,,,,
,Idaho St.,57,5,,,,,,
,Jackson St.,48,5,,,,,,
,Lamar University,58,5,,,,,,
,Youngstown St.,51,5,,,,,,
,Mount St. Mary's,48,5,,,,,,
,Charlotte,58,5,,,,,,
,SFA,56,5,,,,,,
,Troy,54,5,,,,,,
,Gardner-Webb,57,5,,,,,,
138,Elon,51,4,,,,,,
,Texas A&M,57,4,,,,,,
,Akron,60,4,,,,,,
,Arizona St.,63,4,,,,,,
,Fresno St.,47,4,,,,,,
,Sacramento St.,53,4,,,,,,
,UC Davis,54,4,,,,,,
,Duke,60,4,,,,,,
,Georgetown,42,4,,,,,,
,Georgia St.,56,4,,,,,,
,Georgia Tech,61,4,,,,,,
,Harvard,45,4,,,,,,
,Indiana St.,50,4,,,,,,
,Iowa St.,55,4,,,,,,
,Montana,54,4,,,,,,
,Nevada,59,4,,,,,,
,Norfolk St.,43,4,,,,,,
,North Dakota St.,50,4,,,,,,
,Northern Ky.,51,4,,,,,,
,Robert Morris,49,4,,,,,,
,Rutgers,54,4,,,,,,
,Seton Hall,49,4,,,,,,
,South Carolina,60,4,,,,,,
,South Dakota St.,59,4,,,,,,
,SIUE,58,4,,,,,,
,Stanford,54,4,,,,,,
,Tennessee Tech,50,4,,,,,,
,Maryland,48,4,,,,,,
166,Loyola Chicago,52,3,,,,,,
,Maine,48,3,,,,,,
,UMBC,18,3,,,,,,
,Massachusetts,49,3,,,,,,
,Michigan St.,51,3,,,,,,
,Alabama St.,56,3,,,,,,
,Butler,46,3,,,,,,
,Coastal Carolina,57,3,,,,,,
,Colgate,55,3,,,,,,
,Dartmouth,33,3,,,,,,
,Drexel,45,3,,,,,,
,FDU,52,3,,,,,,
,Holy Cross,44,3,,,,,,
,Houston,51,3,,,,,,
,Illinois St.,51,3,,,,,,
,Western Caro.,58,3,,,,,,
,Green Bay,47,3,,,,,,
,Yale,45,3,,,,,,
,New Mexico,55,3,,,,,,
,NC State,53,3,,,,,,
,Northwestern St.,53,3,,,,,,
,Ohio,58,3,,,,,,
,Oregon St.,53,3,,,,,,
,Penn,44,3,,,,,,
,Quinnipiac,45,3,,,,,,
,Rhode Island,47,3,,,,,,
,Rider,49,3,,,,,,
,Southeast Mo. St.,53,3,,,,,,
,Southern Ind.,47,3,,,,,,
,Louisiana,56,3,,,,,,
,Stony Brook,50,3,,,,,,
,Valparaiso,52,3,,,,,,
,Villanova,53,3,,,,,,
199,Utah Tech,53,2,,,,,,
,Towson,51,2,,,,,,
,A&M-Corpus Christi,53,2,,,,,,
,Presbyterian,52,2,,,,,,
,Seattle U,51,2,,,,,,
,Kansas City,48,2,,,,,,
,Wofford,54,2,,,,,,
,Longwood,53,2,,,,,,
,Manhattan,52,2,,,,,,
,UMES,48,2,,,,,,
,Merrimack,41,2,,,,,,
,Alcorn,50,2,,,,,,
,Auburn,55,2,,,,,,
,Charleston So.,51,2,,,,,,
,Bellarmine,50,2,,,,,,
,Bethune-Cookman,49,2,,,,,,
,Boise St.,55,2,,,,,,
,Boston College,51,2,,,,,,
,Bradley,53,2,,,,,,
,Buffalo,56,2,,,,,,
,California,52,2,,,,,,
,Central Mich.,49,2,,,,,,
,Coppin St.,36,2,,,,,,
,ETSU,52,2,,,,,,
,Fordham,55,2,,,,,,
,Furman,53,2,,,,,,
,Illinois,54,2,,,,,,
,Iowa,54,2,,,,,,
,James Madison,51,2,,,,,,
,Kent St.,50,2,,,,,,
,Lafayette,52,2,,,,,,
,Western Ill.,46,2,,,,,,
,Winthrop,53,2,,,,,,
,North Carolina,51,2,,,,,,
,N.C. Central,48,2,,,,,,
,UNI,53,2,,,,,,
,Pacific,52,2,,,,,,
,Pittsburgh,52,2,,,,,,
,Portland St.,46,2,,,,,,
,Saint Joseph's,51,2,,,,,,
,San Diego St.,50,2,,,,,,
,San Jose St.,48,2,,,,,,
,Santa Clara,51,2,,,,,,
,South Carolina St.,44,2,,,,,,
,South Dakota,58,2,,,,,,
,Stetson,59,2,,,,,,
,Syracuse,44,2,,,,,,
,UT Arlington,47,2,,,,,,
,Utah Valley,54,2,,,,,,
248,FGCU,54,1,,,,,,
,Utah St.,54,1,,,,,,
,Mercer,50,1,,,,,,
,Abilene Christian,48,1,,,,,,
,Alabama A&M,50,1,,,,,,
,UAB,54,1,,,,,,
,Binghamton,47,1,,,,,,
,BYU,51,1,,,,,,
,Cal Poly,46,1,,,,,,
,CSU Bakersfield,50,1,,,,,,
,Long Beach St.,54,1,,,,,,
,UC San Diego,51,1,,,,,,
,Canisius,44,1,,,,,,
,Cornell,43,1,,,,,,
,DePaul,50,1,,,,,,
,Detroit Mercy,47,1,,,,,,
,Drake,51,1,,,,,,
,East Texas A&M,52,1,,,,,,
,Hampton,43,1,,,,,,
,Houston Christian,47,1,,,,,,
,UIC,54,1,,,,,,
,Wichita St.,52,1,,,,,,
,Monmouth,51,1,,,,,,
,Morehead St.,45,1,,,,,,
,UNLV,53,1,,,,,,
,North Texas,56,1,,,,,,
,Northern Colo.,51,1,,,,,,
,NIU,43,1,,,,,,
,Saint Peter's,51,1,,,,,,
,San Diego,51,1,,,,,,
,Southern Utah,51,1,,,,,,
,UTSA,57,1,,,,,,
,Tulsa,53,1,,,,,,
,Memphis,57,1,,,,,,
Reclassifying,,,,,,,,,
NR,Le Moyne,51,2,,,,,,
NR,New Haven,45,1,,,,,,
,,,,,,,,,
NCAA Softball,,,,,,,,,
Division IWalks,,,,,,,,,
Through Games 06/04/2026,,,,,,,,,
,,,,,,,,,
,,,,,,,,,
Rank,Name,G,BB,,,,,,
1,UCLA,63,325,,,,,,
2,Texas Tech,71,316,,,,,,
3,Oklahoma,62,302,,,,,,
4,Florida,64,298,,,,,,
5,UNI,53,289,,,,,,
6,Boston U.,62,279,,,,,,
7,LSU,59,274,,,,,,
,Penn St.,54,274,,,,,,
9,Jacksonville St.,61,272,,,,,,
10,Texas St.,61,265,,,,,,
11,Grand Canyon,64,260,,,,,,
,Central Ark.,57,260,,,,,,
13,McNeese,62,254,,,,,,
14,Campbell,57,251,,,,,,
,Arkansas,60,251,,,,,,
16,Florida St.,62,249,,,,,,
17,UConn,60,247,,,,,,
18,Virginia,55,245,,,,,,
19,Virginia Tech,60,244,,,,,,
,Texas A&M,57,244,,,,,,
21,Texas,65,242,,,,,,
22,Alabama,65,236,,,,,,
23,Rutgers,54,235,,,,,,
,Indiana,59,235,,,,,,
25,Auburn,55,233,,,,,,
,Louisville,58,233,,,,,,
27,UCF,61,231,,,,,,
,Tarleton St.,61,231,,,,,,
,St. Thomas (MN),53,231,,,,,,
30,Omaha,49,228,,,,,,
31,Ohio,58,227,,,,,,
32,Utah,56,226,,,,,,
33,Akron,60,223,,,,,,
,Clemson,56,223,,,,,,
35,Iowa St.,55,222,,,,,,
36,Oklahoma St.,58,221,,,,,,
37,Buffalo,56,220,,,,,,
38,Wichita St.,52,218,,,,,,
39,Washington,57,217,,,,,,
,Stetson,59,217,,,,,,
,Prairie View,46,217,,,,,,
42,Tennessee,61,215,,,,,,
43,Stanford,54,212,,,,,,
44,South Carolina,60,208,,,,,,
,North Florida,61,208,,,,,,
46,Butler,46,207,,,,,,
47,Wofford,54,206,,,,,,
,Arizona St.,63,206,,,,,,
,Georgia,61,206,,,,,,
50,Southern Miss.,57,205,,,,,,
51,Duke,60,204,,,,,,
52,Saint Louis,51,203,,,,,,
53,UNC Greensboro,62,202,,,,,,
,Jackson St.,48,202,,,,,,
55,Louisiana Tech,56,201,,,,,,
,Delaware,55,201,,,,,,
57,Charlotte,58,200,,,,,,
,Houston,51,200,,,,,,
59,Florida A&M,54,199,,,,,,
,App State,50,199,,,,,,
61,UIW,54,198,,,,,,
,Marist,58,198,,,,,,
63,Fla. Atlantic,54,197,,,,,,
,Ole Miss,62,197,,,,,,
,Ball St.,48,197,,,,,,
66,Georgia Tech,61,196,,,,,,
,Fordham,55,196,,,,,,
68,Missouri,57,195,,,,,,
,Nebraska,60,195,,,,,,
,Providence,49,195,,,,,,
71,Oregon,55,194,,,,,,
,Eastern Ill.,59,194,,,,,,
73,North Carolina,51,193,,,,,,
,Ohio St.,53,193,,,,,,
75,Kansas,57,192,,,,,,
76,Valparaiso,52,191,,,,,,
,Marshall,57,191,,,,,,
78,Bowling Green,49,190,,,,,,
79,Southern Ill.,51,189,,,,,,
80,LIU,56,188,,,,,,
,Youngstown St.,51,188,,,,,,
,Colgate,55,188,,,,,,
83,Mississippi St.,64,187,,,,,,
84,Idaho St.,57,186,,,,,,
,NC State,53,186,,,,,,
,SIUE,58,186,,,,,,
87,South Dakota St.,59,185,,,,,,
,Nevada,59,185,,,,,,
,Eastern Ky.,53,185,,,,,,
,Michigan St.,51,185,,,,,,
91,North Dakota St.,50,184,,,,,,
,Gardner-Webb,57,184,,,,,,
93,Villanova,53,183,,,,,,
94,Northwestern St.,53,182,,,,,,
,Coastal Carolina,57,182,,,,,,
96,Middle Tenn.,51,181,,,,,,
,Western Caro.,58,181,,,,,,
98,North Dakota,51,180,,,,,,
,California Baptist,62,180,,,,,,
,Belmont,54,180,,,,,,
,Jacksonville,55,180,,,,,,
102,Syracuse,44,179,,,,,,
,Western Ky.,53,179,,,,,,
104,Northwestern,50,178,,,,,,
,Tennessee Tech,50,178,,,,,,
,Creighton,59,178,,,,,,
,Longwood,53,178,,,,,,
,Liberty,57,178,,,,,,
109,Chattanooga,55,177,,,,,,
,Baylor,58,177,,,,,,
,Lindenwood,56,177,,,,,,
112,Maine,48,176,,,,,,
,SFA,56,176,,,,,,
114,Notre Dame,53,175,,,,,,
115,Michigan,58,174,,,,,,
,UNLV,53,174,,,,,,
117,Colorado St.,51,173,,,,,,
,Rhode Island,47,173,,,,,,
119,FGCU,54,172,,,,,,
,South Fla.,61,172,,,,,,
121,Boise St.,55,171,,,,,,
122,Wisconsin,54,170,,,,,,
,Fairfield,51,170,,,,,,
,UC Davis,54,170,,,,,,
,ULM,58,170,,,,,,
126,George Washington,45,169,,,,,,
,A&M-Corpus Christi,53,169,,,,,,
128,Western Mich.,55,168,,,,,,
,Arizona,55,168,,,,,,
,Louisiana,56,168,,,,,,
,Pittsburgh,52,168,,,,,,
132,Harvard,45,167,,,,,,
133,Lafayette,52,166,,,,,,
,Southeastern La.,62,166,,,,,,
,Evansville,51,166,,,,,,
,East Carolina,59,166,,,,,,
,Utah Valley,54,166,,,,,,
138,Lamar University,58,165,,,,,,
,St. John's (NY),55,165,,,,,,
,Oregon St.,53,165,,,,,,
141,Alabama St.,56,164,,,,,,
,Alabama A&M,50,164,,,,,,
143,Lehigh,54,162,,,,,,
144,Tulsa,53,161,,,,,,
,Austin Peay,54,161,,,,,,
,Memphis,57,161,,,,,,
,UMass Lowell,54,161,,,,,,
148,Yale,45,160,,,,,,
,New Mexico,55,160,,,,,,
,North Texas,56,160,,,,,,
,Drake,51,160,,,,,,
,Troy,54,160,,,,,,
,Binghamton,47,160,,,,,,
,Robert Morris,49,160,,,,,,
155,Northern Colo.,51,159,,,,,,
,Wagner,50,159,,,,,,
,California,52,159,,,,,,
,Long Beach St.,54,159,,,,,,
,Kansas City,48,159,,,,,,
160,Winthrop,53,158,,,,,,
,Nicholls,54,158,,,,,,
,Miami (OH),56,158,,,,,,
,Col. of Charleston,60,158,,,,,,
,IU Indy,47,158,,,,,,
,UT Arlington,47,158,,,,,,
166,Purdue,54,156,,,,,,
,Southeast Mo. St.,53,156,,,,,,
,ETSU,52,156,,,,,,
,Central Mich.,49,156,,,,,,
,Cornell,43,156,,,,,,
,USC Upstate,61,156,,,,,,
172,Saint Mary's (CA),58,155,,,,,,
,South Alabama,59,155,,,,,,
,Hawaii,50,155,,,,,,
,UAB,54,155,,,,,,
,UTSA,57,155,,,,,,
177,Illinois St.,51,153,,,,,,
,Hofstra,54,153,,,,,,
179,Howard,47,152,,,,,,
,Montana,54,152,,,,,,
,North Ala.,52,152,,,,,,
182,Samford,59,151,,,,,,
,Elon,51,151,,,,,,
184,Bethune-Cookman,49,150,,,,,,
,Bradley,53,150,,,,,,
,UNCW,51,150,,,,,,
,Columbia,45,150,,,,,,
188,South Carolina St.,44,149,,,,,,
,Towson,51,149,,,,,,
190,Army West Point,58,148,,,,,,
,Western Ill.,46,148,,,,,,
,Santa Clara,51,148,,,,,,
,UT Martin,54,148,,,,,,
194,Seton Hall,49,147,,,,,,
,Murray St.,52,147,,,,,,
,Presbyterian,52,147,,,,,,
,George Mason,51,147,,,,,,
,Bryant,44,147,,,,,,
199,Indiana St.,50,146,,,,,,
,BYU,51,146,,,,,,
201,Georgia St.,56,145,,,,,,
,FIU,52,145,,,,,,
,Seattle U,51,145,,,,,,
,Bellarmine,50,145,,,,,,
205,LMU (CA),52,144,,,,,,
,Merrimack,41,144,,,,,,
207,UC Santa Barbara,57,143,,,,,,
208,Boston College,51,142,,,,,,
209,Queens (NC),48,141,,,,,,
,James Madison,51,141,,,,,,
,Minnesota,52,141,,,,,,
,Massachusetts,49,141,,,,,,
213,Missouri St.,50,140,,,,,,
,Sam Houston,56,140,,,,,,
215,Green Bay,47,139,,,,,,
,Saint Joseph's,51,139,,,,,,
,Iowa,54,139,,,,,,
,Iona,53,139,,,,,,
,Ga. Southern,53,139,,,,,,
220,Penn,44,138,,,,,,
,Central Conn. St.,47,138,,,,,,
,Maryland,48,138,,,,,,
223,Drexel,45,137,,,,,,
,Detroit Mercy,47,137,,,,,,
225,Morgan St.,43,136,,,,,,
,N.C. A&T,53,136,,,,,,
,DePaul,50,136,,,,,,
,UMES,48,136,,,,,,
,Utah Tech,53,136,,,,,,
230,New Mexico St.,54,134,,,,,,
,Grambling,43,134,,,,,,
,Texas Southern,42,134,,,,,,
233,Sacramento St.,53,133,,,,,,
,Monmouth,51,133,,,,,,
235,Furman,53,132,,,,,,
,Manhattan,52,132,,,,,,
237,Mount St. Mary's,48,131,,,,,,
,Saint Francis,48,131,,,,,,
,Radford,51,131,,,,,,
240,NIU,43,130,,,,,,
,Kent St.,50,130,,,,,,
,Mercer,50,130,,,,,,
243,Pacific,52,129,,,,,,
244,Weber St.,56,128,,,,,,
,Dayton,50,128,,,,,,
,Loyola Chicago,52,128,,,,,,
247,Canisius,44,127,,,,,,
,Siena,47,127,,,,,,
249,Portland St.,46,126,,,,,,
,Cal St. Fullerton,56,126,,,,,,
,Alcorn,50,126,,,,,,
,UTEP,49,126,,,,,,
253,Rider,49,125,,,,,,
254,Illinois,54,124,,,,,,
255,UIC,54,123,,,,,,
,South Dakota,58,123,,,,,,
257,Northern Ky.,51,122,,,,,,
,FDU,52,122,,,,,,
,Sacred Heart,54,122,,,,,,
260,Brown,45,121,,,,,,
,Kentucky,55,121,,,,,,
,Houston Christian,47,121,,,,,,
263,UC San Diego,51,120,,,,,,
,San Jose St.,48,120,,,,,,
265,Georgetown,42,119,,,,,,
,Princeton,49,119,,,,,,
267,Southern Utah,51,118,,,,,,
268,St. Bonaventure,53,117,,,,,,
,Stony Brook,50,117,,,,,,
,Bucknell,45,117,,,,,,
,Utah St.,54,117,,,,,,
,Tennessee St.,40,117,,,,,,
273,Delaware St.,46,116,,,,,,
,Stonehill,50,116,,,,,,
275,UAlbany,45,115,,,,,,
,Ark.-Pine Bluff,46,115,,,,,,
277,Southern Ind.,47,114,,,,,,
278,Abilene Christian,48,111,,,,,,
279,Kennesaw St.,50,110,,,,,,
280,East Texas A&M,52,109,,,,,,
281,Lipscomb,51,108,,,,,,
282,N.C. Central,48,107,,,,,,
283,Southern U.,52,106,,,,,,
,Dartmouth,33,106,,,,,,
,Toledo,50,106,,,,,,
286,Holy Cross,44,105,,,,,,
287,CSU Bakersfield,50,104,,,,,,
,Niagara,42,104,,,,,,
289,Fresno St.,47,103,,,,,,
290,Quinnipiac,45,102,,,,,,
291,Cal Poly,46,99,,,,,,
,Charleston So.,51,99,,,,,,
293,Oakland,49,97,,,,,,
,Norfolk St.,43,97,,,,,,
295,Coppin St.,36,96,,,,,,
,San Diego St.,50,96,,,,,,
297,Hampton,43,95,,,,,,
298,Saint Peter's,51,94,,,,,,
299,UC Riverside,44,92,,,,,,
300,Morehead St.,45,91,,,,,,
301,CSUN,46,89,,,,,,
302,Mississippi Val.,39,83,,,,,,
,San Diego,51,83,,,,,,
304,UMBC,18,53,,,,,,
Reclassifying,,,,,,,,,
NR,West Ga.,55,146,,,,,,
NR,Le Moyne,51,106,,,,,,
NR,New Haven,45,105,,,,,,
NR,Mercyhurst,43,88,,,,,,
,,,,,,,,,
NCAA Softball,,,,,,,,,
Division IDoubles,,,,,,,,,
Through Games 06/04/2026,,,,,,,,,
,,,,,,,,,
,,,,,,,,,
Rank,Name,G,2B,,,,,,
1,Florida St.,62,123,,,,,,
2,Texas Tech,71,122,,,,,,
3,Florida,64,120,,,,,,
4,UCLA,63,116,,,,,,
5,Ohio,58,113,,,,,,
6,Virginia Tech,60,112,,,,,,
,Louisville,58,112,,,,,,
8,Jacksonville St.,61,110,,,,,,
9,Iowa St.,55,108,,,,,,
10,Georgia,61,106,,,,,,
11,Indiana,59,105,,,,,,
,Arizona St.,63,105,,,,,,
13,USC Upstate,61,104,,,,,,
14,Robert Morris,49,103,,,,,,
,Stanford,54,103,,,,,,
16,Creighton,59,102,,,,,,
17,Duke,60,101,,,,,,
18,Nevada,59,99,,,,,,
,Nebraska,60,99,,,,,,
20,UConn,60,98,,,,,,
,Gardner-Webb,57,98,,,,,,
22,Kansas,57,97,,,,,,
,Montana,54,97,,,,,,
,Idaho St.,57,97,,,,,,
,McNeese,62,97,,,,,,
,Arkansas,60,97,,,,,,
,California Baptist,62,97,,,,,,
28,UNC Greensboro,62,96,,,,,,
,Central Conn. St.,47,96,,,,,,
,South Dakota St.,59,96,,,,,,
31,Lamar University,58,95,,,,,,
,Long Beach St.,54,95,,,,,,
,Miami (OH),56,95,,,,,,
,Utah Valley,54,95,,,,,,
35,Mississippi St.,64,93,,,,,,
,Central Ark.,57,93,,,,,,
37,Oklahoma,62,92,,,,,,
,Hofstra,54,92,,,,,,
,Boston U.,62,92,,,,,,
40,Green Bay,47,91,,,,,,
,Illinois St.,51,91,,,,,,
,Texas,65,91,,,,,,
43,Georgia Tech,61,90,,,,,,
,St. Thomas (MN),53,90,,,,,,
45,Tennessee,61,89,,,,,,
,Michigan,58,89,,,,,,
,LIU,56,89,,,,,,
48,UIW,54,88,,,,,,
49,Youngstown St.,51,87,,,,,,
50,UNI,53,86,,,,,,
,Colgate,55,86,,,,,,
,Lehigh,54,86,,,,,,
,Troy,54,86,,,,,,
54,Western Mich.,55,85,,,,,,
,Oklahoma St.,58,85,,,,,,
,Iona,53,85,,,,,,
,Texas A&M,57,85,,,,,,
,Binghamton,47,85,,,,,,
,Princeton,49,85,,,,,,
60,Northern Ky.,51,84,,,,,,
,Southeastern La.,62,84,,,,,,
,Iowa,54,84,,,,,,
,UCF,61,84,,,,,,
,Seattle U,51,84,,,,,,
65,North Texas,56,83,,,,,,
,ULM,58,83,,,,,,
,UC Santa Barbara,57,83,,,,,,
,Penn St.,54,83,,,,,,
,Wofford,54,83,,,,,,
,Northern Colo.,51,83,,,,,,
71,Utah St.,54,82,,,,,,
,Washington,57,82,,,,,,
,Clemson,56,82,,,,,,
,Liberty,57,82,,,,,,
,South Carolina,60,82,,,,,,
76,New Mexico St.,54,81,,,,,,
,Nicholls,54,81,,,,,,
,Rutgers,54,81,,,,,,
,Florida A&M,54,81,,,,,,
,Belmont,54,81,,,,,,
,Grand Canyon,64,81,,,,,,
,UAlbany,45,81,,,,,,
,Stetson,59,81,,,,,,
84,Boise St.,55,80,,,,,,
,Purdue,54,80,,,,,,
86,North Dakota,51,79,,,,,,
,Oakland,49,79,,,,,,
,Cornell,43,79,,,,,,
,Middle Tenn.,51,79,,,,,,
,LSU,59,79,,,,,,
91,Wisconsin,54,78,,,,,,
,Northwestern,50,78,,,,,,
,Central Mich.,49,78,,,,,,
,Louisiana,56,78,,,,,,
,Sacred Heart,54,78,,,,,,
96,Utah,56,77,,,,,,
,Western Ky.,53,77,,,,,,
,Saint Joseph's,51,77,,,,,,
,Jacksonville,55,77,,,,,,
,Utah Tech,53,77,,,,,,
,Alabama,65,77,,,,,,
,South Fla.,61,77,,,,,,
103,Kentucky,55,76,,,,,,
,Marist,58,76,,,,,,
,James Madison,51,76,,,,,,
,Cal St. Fullerton,56,76,,,,,,
,Evansville,51,76,,,,,,
,Akron,60,76,,,,,,
109,Wichita St.,52,75,,,,,,
,North Dakota St.,50,75,,,,,,
,Notre Dame,53,75,,,,,,
,Oregon,55,75,,,,,,
,South Alabama,59,75,,,,,,
,Texas St.,61,75,,,,,,
,Tarleton St.,61,75,,,,,,
,Baylor,58,75,,,,,,
,Sacramento St.,53,75,,,,,,
,Fla. Atlantic,54,75,,,,,,
119,UT Arlington,47,74,,,,,,
,George Washington,45,74,,,,,,
,North Florida,61,74,,,,,,
,UTEP,49,74,,,,,,
,Sam Houston,56,74,,,,,,
,Saint Mary's (CA),58,74,,,,,,
,Rider,49,74,,,,,,
,UNLV,53,74,,,,,,
127,NIU,43,73,,,,,,
,Bradley,53,73,,,,,,
,Colorado St.,51,73,,,,,,
,Campbell,57,73,,,,,,
,Pacific,52,73,,,,,,
,Western Caro.,58,73,,,,,,
133,Tulsa,53,72,,,,,,
,Towson,51,72,,,,,,
,Drake,51,72,,,,,,
,Ga. Southern,53,72,,,,,,
,Southern Miss.,57,72,,,,,,
,Presbyterian,52,72,,,,,,
,Lafayette,52,72,,,,,,
,Alabama St.,56,72,,,,,,
141,Southern Ill.,51,71,,,,,,
,Virginia,55,71,,,,,,
,Buffalo,56,71,,,,,,
,Auburn,55,71,,,,,,
,Army West Point,58,71,,,,,,
146,George Mason,51,70,,,,,,
,Louisiana Tech,56,70,,,,,,
,UNCW,51,70,,,,,,
,Chattanooga,55,70,,,,,,
,San Diego,51,70,,,,,,
151,Col. of Charleston,60,69,,,,,,
,Charlotte,58,69,,,,,,
,Omaha,49,69,,,,,,
,North Ala.,52,69,,,,,,
,Oregon St.,53,69,,,,,,
156,Loyola Chicago,52,68,,,,,,
,Alabama A&M,50,68,,,,,,
,Toledo,50,68,,,,,,
,New Mexico,55,68,,,,,,
,Samford,59,68,,,,,,
,Ball St.,48,68,,,,,,
162,Lindenwood,56,67,,,,,,
,Austin Peay,54,67,,,,,,
,Memphis,57,67,,,,,,
165,UMass Lowell,54,66,,,,,,
,UC Davis,54,66,,,,,,
,South Dakota,58,66,,,,,,
,Missouri,57,66,,,,,,
,Saint Louis,51,66,,,,,,
,FDU,52,66,,,,,,
171,Michigan St.,51,65,,,,,,
,Arizona,55,65,,,,,,
,California,52,65,,,,,,
,DePaul,50,65,,,,,,
,Georgetown,42,65,,,,,,
,Howard,47,65,,,,,,
,Villanova,53,65,,,,,,
,Ole Miss,62,65,,,,,,
,North Carolina,51,65,,,,,,
,Quinnipiac,45,65,,,,,,
,Seton Hall,49,65,,,,,,
,Missouri St.,50,65,,,,,,
,Kent St.,50,65,,,,,,
184,Columbia,45,64,,,,,,
,Eastern Ky.,53,64,,,,,,
,Penn,44,64,,,,,,
,Northwestern St.,53,64,,,,,,
,Furman,53,64,,,,,,
189,Manhattan,52,63,,,,,,
,Fairfield,51,63,,,,,,
,Wagner,50,63,,,,,,
,Providence,49,63,,,,,,
,NC State,53,63,,,,,,
194,Longwood,53,62,,,,,,
,Abilene Christian,48,62,,,,,,
,Bucknell,45,62,,,,,,
,Norfolk St.,43,62,,,,,,
,East Carolina,59,62,,,,,,
,Butler,46,62,,,,,,
200,Bowling Green,49,61,,,,,,
,UC San Diego,51,61,,,,,,
,Fordham,55,61,,,,,,
,Valparaiso,52,61,,,,,,
,SIUE,58,61,,,,,,
,Tennessee Tech,50,61,,,,,,
,Southeast Mo. St.,53,61,,,,,,
207,App State,50,60,,,,,,
,Boston College,51,60,,,,,,
,Hawaii,50,60,,,,,,
,Stonehill,50,60,,,,,,
,Ohio St.,53,60,,,,,,
,San Diego St.,50,60,,,,,,
,Southern U.,52,60,,,,,,
,SFA,56,60,,,,,,
,Jackson St.,48,60,,,,,,
216,UMES,48,59,,,,,,
,ETSU,52,59,,,,,,
,Dayton,50,59,,,,,,
219,Maine,48,58,,,,,,
,Drexel,45,58,,,,,,
,Siena,47,58,,,,,,
,Winthrop,53,58,,,,,,
,Radford,51,58,,,,,,
,Georgia St.,56,58,,,,,,
225,Fresno St.,47,57,,,,,,
,Weber St.,56,57,,,,,,
,Saint Peter's,51,57,,,,,,
,Mount St. Mary's,48,57,,,,,,
229,FGCU,54,56,,,,,,
,Queens (NC),48,56,,,,,,
,Marshall,57,56,,,,,,
,BYU,51,56,,,,,,
,South Carolina St.,44,56,,,,,,
,Grambling,43,56,,,,,,
,Houston,51,56,,,,,,
,Yale,45,56,,,,,,
,Delaware,55,56,,,,,,
238,Massachusetts,49,55,,,,,,
,Brown,45,55,,,,,,
,UT Martin,54,55,,,,,,
,FIU,52,55,,,,,,
,Morgan St.,43,55,,,,,,
,Coastal Carolina,57,55,,,,,,
244,Minnesota,52,54,,,,,,
,Southern Utah,51,54,,,,,,
,Western Ill.,46,54,,,,,,
247,Eastern Ill.,59,53,,,,,,
,Monmouth,51,53,,,,,,
,UTSA,57,53,,,,,,
,Stony Brook,50,53,,,,,,
251,Maryland,48,52,,,,,,
,Kennesaw St.,50,52,,,,,,
253,Canisius,44,51,,,,,,
,Pittsburgh,52,51,,,,,,
,Morehead St.,45,51,,,,,,
,UIC,54,51,,,,,,
257,LMU (CA),52,50,,,,,,
,Niagara,42,50,,,,,,
,Illinois,54,50,,,,,,
260,Lipscomb,51,49,,,,,,
,Cal Poly,46,49,,,,,,
,N.C. A&T,53,49,,,,,,
,Indiana St.,50,49,,,,,,
,Coppin St.,36,49,,,,,,
265,Harvard,45,48,,,,,,
,Murray St.,52,48,,,,,,
,Texas Southern,42,48,,,,,,
,St. Bonaventure,53,48,,,,,,
,Prairie View,46,48,,,,,,
270,Elon,51,47,,,,,,
,Delaware St.,46,47,,,,,,
,Mercer,50,47,,,,,,
273,UAB,54,46,,,,,,
,St. John's (NY),55,46,,,,,,
,Dartmouth,33,46,,,,,,
,Alcorn,50,46,,,,,,
277,UC Riverside,44,45,,,,,,
,Santa Clara,51,45,,,,,,
,San Jose St.,48,45,,,,,,
280,Charleston So.,51,44,,,,,,
,East Texas A&M,52,44,,,,,,
,Southern Ind.,47,44,,,,,,
,Rhode Island,47,44,,,,,,
284,Ark.-Pine Bluff,46,43,,,,,,
,Saint Francis,48,43,,,,,,
,CSU Bakersfield,50,43,,,,,,
287,Bellarmine,50,41,,,,,,
,Hampton,43,41,,,,,,
,CSUN,46,41,,,,,,
290,Bryant,44,39,,,,,,
,Portland St.,46,39,,,,,,
,Holy Cross,44,39,,,,,,
293,A&M-Corpus Christi,53,38,,,,,,
,Bethune-Cookman,49,38,,,,,,
,Merrimack,41,38,,,,,,
296,Kansas City,48,37,,,,,,
,Syracuse,44,37,,,,,,
,Detroit Mercy,47,37,,,,,,
299,N.C. Central,48,36,,,,,,
,Houston Christian,47,36,,,,,,
301,IU Indy,47,32,,,,,,
302,Tennessee St.,40,31,,,,,,
303,UMBC,18,21,,,,,,
304,Mississippi Val.,39,19,,,,,,
Reclassifying,,,,,,,,,
NR,Le Moyne,51,62,,,,,,
NR,Mercyhurst,43,60,,,,,,
NR,West Ga.,55,53,,,,,,
NR,New Haven,45,44,,,,,,
,,,,,,,,,
NCAA Softball,,,,,,,,,
Division IDouble Plays,,,,,,,,,
Through Games 06/04/2026,,,,,,,,,
,,,,,,,,,
,,,,,,,,,
Rank,Name,G,DP,,,,,,
1,Arizona,55,46,,,,,,
2,South Fla.,61,41,,,,,,
3,Arkansas,60,37,,,,,,
4,Central Ark.,57,33,,,,,,
,Florida St.,62,33,,,,,,
,Indiana,59,33,,,,,,
,Cal St. Fullerton,56,33,,,,,,
,Georgia,61,33,,,,,,
9,Charlotte,58,32,,,,,,
,Baylor,58,32,,,,,,
,Texas St.,61,32,,,,,,
12,UCF,61,31,,,,,,
,Utah,56,31,,,,,,
14,UTSA,57,30,,,,,,
,Purdue,54,30,,,,,,
16,Iona,53,29,,,,,,
,Ole Miss,62,29,,,,,,
,Santa Clara,51,29,,,,,,
19,Long Beach St.,54,28,,,,,,
,LSU,59,28,,,,,,
,Wichita St.,52,28,,,,,,
,Tulsa,53,28,,,,,,
23,Nevada,59,27,,,,,,
,UNLV,53,27,,,,,,
,East Carolina,59,27,,,,,,
,California,52,27,,,,,,
,Gardner-Webb,57,27,,,,,,
28,UT Arlington,47,26,,,,,,
,Butler,46,26,,,,,,
,Fordham,55,26,,,,,,
,Clemson,56,26,,,,,,
,UAB,54,26,,,,,,
33,Miami (OH),56,25,,,,,,
,BYU,51,25,,,,,,
,Eastern Ky.,53,25,,,,,,
,Florida,64,25,,,,,,
,George Mason,51,25,,,,,,
,Idaho St.,57,25,,,,,,
,Kansas,57,25,,,,,,
,Missouri,57,25,,,,,,
,St. Thomas (MN),53,25,,,,,,
42,Utah Valley,54,24,,,,,,
,Utah St.,54,24,,,,,,
,Saint Mary's (CA),58,24,,,,,,
,Eastern Ill.,59,24,,,,,,
46,Liberty,57,23,,,,,,
,Texas,65,23,,,,,,
,Marshall,57,23,,,,,,
,Middle Tenn.,51,23,,,,,,
,Arizona St.,63,23,,,,,,
,Boise St.,55,23,,,,,,
,Campbell,57,23,,,,,,
,Furman,53,23,,,,,,
,Iowa St.,55,23,,,,,,
,Jacksonville,55,23,,,,,,
,Nicholls,54,23,,,,,,
,North Dakota St.,50,23,,,,,,
,Oklahoma,62,23,,,,,,
,South Carolina,60,23,,,,,,
,Missouri St.,50,23,,,,,,
,Louisville,58,23,,,,,,
62,McNeese,62,22,,,,,,
,Memphis,57,22,,,,,,
,Michigan,58,22,,,,,,
,Binghamton,47,22,,,,,,
,Sacramento St.,53,22,,,,,,
,UCLA,63,22,,,,,,
,SIUE,58,22,,,,,,
,Wisconsin,54,22,,,,,,
,Nebraska,60,22,,,,,,
,North Dakota,51,22,,,,,,
,Oklahoma St.,58,22,,,,,,
,Rutgers,54,22,,,,,,
,South Dakota St.,59,22,,,,,,
,Illinois St.,51,22,,,,,,
76,Elon,51,21,,,,,,
,Michigan St.,51,21,,,,,,
,Coastal Carolina,57,21,,,,,,
,Creighton,59,21,,,,,,
,Duke,60,21,,,,,,
,Georgetown,42,21,,,,,,
,Weber St.,56,21,,,,,,
,Grambling,43,21,,,,,,
,Pacific,52,21,,,,,,
,Sacred Heart,54,21,,,,,,
,St. Bonaventure,53,21,,,,,,
,Southeastern La.,62,21,,,,,,
,Louisiana,56,21,,,,,,
,Ga. Southern,53,21,,,,,,
90,Grand Canyon,64,20,,,,,,
,Wofford,54,20,,,,,,
,LMU (CA),52,20,,,,,,
,Fresno St.,47,20,,,,,,
,UC Santa Barbara,57,20,,,,,,
,UC San Diego,51,20,,,,,,
,Towson,51,20,,,,,,
,East Texas A&M,52,20,,,,,,
,Lamar University,58,20,,,,,,
,North Carolina,51,20,,,,,,
,ULM,58,20,,,,,,
,UNI,53,20,,,,,,
,Colorado St.,51,20,,,,,,
103,Lipscomb,51,19,,,,,,
,A&M-Corpus Christi,53,19,,,,,,
,Kennesaw St.,50,19,,,,,,
,Akron,60,19,,,,,,
,Virginia,55,19,,,,,,
,Stony Brook,50,19,,,,,,
,Tennessee St.,40,19,,,,,,
,Tennessee,61,19,,,,,,
,Virginia Tech,60,19,,,,,,
,Mount St. Mary's,48,19,,,,,,
113,Lehigh,54,18,,,,,,
,Georgia Tech,61,18,,,,,,
,Troy,54,18,,,,,,
,Southern U.,52,18,,,,,,
,Stetson,59,18,,,,,,
,UIC,54,18,,,,,,
119,California Baptist,62,17,,,,,,
,Ball St.,48,17,,,,,,
,Bowling Green,49,17,,,,,,
,Houston,51,17,,,,,,
,Illinois,54,17,,,,,,
,UNCW,51,17,,,,,,
,Toledo,50,17,,,,,,
,Providence,49,17,,,,,,
,Radford,51,17,,,,,,
,Rider,49,17,,,,,,
,San Jose St.,48,17,,,,,,
,UT Martin,54,17,,,,,,
,UTEP,49,17,,,,,,
,New Mexico,55,17,,,,,,
133,Col. of Charleston,60,16,,,,,,
,Texas Tech,71,16,,,,,,
,Louisiana Tech,56,16,,,,,,
,Mississippi St.,64,16,,,,,,
,Cal Poly,46,16,,,,,,
,UConn,60,16,,,,,,
,Dayton,50,16,,,,,,
,Howard,47,16,,,,,,
,James Madison,51,16,,,,,,
,Kentucky,55,16,,,,,,
,NC State,53,16,,,,,,
,North Texas,56,16,,,,,,
,NIU,43,16,,,,,,
,Quinnipiac,45,16,,,,,,
,Saint Louis,51,16,,,,,,
,San Diego St.,50,16,,,,,,
,Southeast Mo. St.,53,16,,,,,,
,Southern Miss.,57,16,,,,,,
,Texas A&M,57,16,,,,,,
,Longwood,53,16,,,,,,
153,Lindenwood,56,15,,,,,,
,Chattanooga,55,15,,,,,,
,UIW,54,15,,,,,,
,USC Upstate,61,15,,,,,,
,LIU,56,15,,,,,,
,Loyola Chicago,52,15,,,,,,
,UMES,48,15,,,,,,
,Mercer,50,15,,,,,,
,Merrimack,41,15,,,,,,
,Charleston So.,51,15,,,,,,
,Bryant,44,15,,,,,,
,CSU Bakersfield,50,15,,,,,,
,CSUN,46,15,,,,,,
,Fla. Atlantic,54,15,,,,,,
,FIU,52,15,,,,,,
,Hawaii,50,15,,,,,,
,Western Caro.,58,15,,,,,,
,UNC Greensboro,62,15,,,,,,
,Norfolk St.,43,15,,,,,,
,Northern Ky.,51,15,,,,,,
,Saint Joseph's,51,15,,,,,,
,Samford,59,15,,,,,,
,San Diego,51,15,,,,,,
,Southern Utah,51,15,,,,,,
,Tarleton St.,61,15,,,,,,
178,FGCU,54,14,,,,,,
,Washington,57,14,,,,,,
,Boston College,51,14,,,,,,
,UC Davis,54,14,,,,,,
,Colgate,55,14,,,,,,
,Drake,51,14,,,,,,
,Iowa,54,14,,,,,,
,Kent St.,50,14,,,,,,
,Green Bay,47,14,,,,,,
,New Mexico St.,54,14,,,,,,
,Penn St.,54,14,,,,,,
,South Carolina St.,44,14,,,,,,
,South Dakota,58,14,,,,,,
,Stonehill,50,14,,,,,,
,Tennessee Tech,50,14,,,,,,
,Austin Peay,54,14,,,,,,
194,Seattle U,51,13,,,,,,
,Valparaiso,52,13,,,,,,
,Maine,48,13,,,,,,
,Abilene Christian,48,13,,,,,,
,Alabama St.,56,13,,,,,,
,Alabama,65,13,,,,,,
,Bellarmine,50,13,,,,,,
,Bethune-Cookman,49,13,,,,,,
,Boston U.,62,13,,,,,,
,Canisius,44,13,,,,,,
,DePaul,50,13,,,,,,
,ETSU,52,13,,,,,,
,Jacksonville St.,61,13,,,,,,
,Western Ill.,46,13,,,,,,
,Western Ky.,53,13,,,,,,
,Omaha,49,13,,,,,,
,Notre Dame,53,13,,,,,,
,Penn,44,13,,,,,,
,Pittsburgh,52,13,,,,,,
,Portland St.,46,13,,,,,,
,Prairie View,46,13,,,,,,
,Rhode Island,47,13,,,,,,
,Seton Hall,49,13,,,,,,
,Southern Ill.,51,13,,,,,,
,Southern Ind.,47,13,,,,,,
,Stanford,54,13,,,,,,
,UMass Lowell,54,13,,,,,,
221,Manhattan,52,12,,,,,,
,Army West Point,58,12,,,,,,
,Minnesota,52,12,,,,,,
,Auburn,55,12,,,,,,
,Columbia,45,12,,,,,,
,Harvard,45,12,,,,,,
,Hofstra,54,12,,,,,,
,Lafayette,52,12,,,,,,
,Monmouth,51,12,,,,,,
,N.C. Central,48,12,,,,,,
,Northwestern,50,12,,,,,,
,Ohio St.,53,12,,,,,,
,Oregon St.,53,12,,,,,,
,Sam Houston,56,12,,,,,,
,South Alabama,59,12,,,,,,
,SFA,56,12,,,,,,
,Texas Southern,42,12,,,,,,
,Maryland,48,12,,,,,,
239,Utah Tech,53,11,,,,,,
,Villanova,53,11,,,,,,
,Kansas City,48,11,,,,,,
,Central Conn. St.,47,11,,,,,,
,Delaware,55,11,,,,,,
,Detroit Mercy,47,11,,,,,,
,Evansville,51,11,,,,,,
,Georgia St.,56,11,,,,,,
,Hampton,43,11,,,,,,
,Houston Christian,47,11,,,,,,
,Montana,54,11,,,,,,
,North Ala.,52,11,,,,,,
,Northern Colo.,51,11,,,,,,
,Oakland,49,11,,,,,,
,Syracuse,44,11,,,,,,
,Belmont,54,11,,,,,,
255,Presbyterian,52,10,,,,,,
,UAlbany,45,10,,,,,,
,Bradley,53,10,,,,,,
,Saint Francis,48,10,,,,,,
,Oregon,55,10,,,,,,
,Robert Morris,49,10,,,,,,
,Drexel,45,10,,,,,,
262,North Florida,61,9,,,,,,
,Siena,47,9,,,,,,
,Alcorn,50,9,,,,,,
,Central Mich.,49,9,,,,,,
,Fairfield,51,9,,,,,,
,George Washington,45,9,,,,,,
,Indiana St.,50,9,,,,,,
,Western Mich.,55,9,,,,,,
,Niagara,42,9,,,,,,
,N.C. A&T,53,9,,,,,,
,Ohio,58,9,,,,,,
,Princeton,49,9,,,,,,
,Saint Peter's,51,9,,,,,,
,Marist,58,9,,,,,,
276,IU Indy,47,8,,,,,,
,Massachusetts,49,8,,,,,,
,Mississippi Val.,39,8,,,,,,
,Alabama A&M,50,8,,,,,,
,Brown,45,8,,,,,,
,UC Riverside,44,8,,,,,,
,Morehead St.,45,8,,,,,,
,Dartmouth,33,8,,,,,,
,FDU,52,8,,,,,,
,Florida A&M,54,8,,,,,,
,Jackson St.,48,8,,,,,,
,Yale,45,8,,,,,,
,Youngstown St.,51,8,,,,,,
,Cornell,43,8,,,,,,
290,Ark.-Pine Bluff,46,7,,,,,,
,Queens (NC),48,7,,,,,,
,St. John's (NY),55,7,,,,,,
,Winthrop,53,7,,,,,,
,App State,50,7,,,,,,
295,Buffalo,56,6,,,,,,
,Coppin St.,36,6,,,,,,
,Wagner,50,6,,,,,,
,Northwestern St.,53,6,,,,,,
,Delaware St.,46,6,,,,,,
300,Bucknell,45,5,,,,,,
,Murray St.,52,5,,,,,,
,Holy Cross,44,5,,,,,,
303,Morgan St.,43,3,,,,,,
,UMBC,18,3,,,,,,
Reclassifying,,,,,,,,,
NR,West Ga.,55,30,,,,,,
NR,Mercyhurst,43,9,,,,,,
NR,Le Moyne,51,9,,,,,,
NR,New Haven,45,9,,,,,,
,,,,,,,,,
NCAA Softball,,,,,,,,,
Division ITriples,,,,,,,,,
Through Games 06/04/2026,,,,,,,,,
,,,,,,,,,
,,,,,,,,,
Rank,Name,G,3B,,,,,,
1,Southeastern La.,62,33,,,,,,
2,Alabama St.,56,27,,,,,,
3,Indiana,59,26,,,,,,
,Florida A&M,54,26,,,,,,
5,Louisville,58,25,,,,,,
6,Southern U.,52,24,,,,,,
,Prairie View,46,24,,,,,,
8,Stanford,54,23,,,,,,
9,Florida St.,62,21,,,,,,
,Alabama A&M,50,21,,,,,,
11,Saint Mary's (CA),58,20,,,,,,
12,Utah Tech,53,19,,,,,,
,Oakland,49,19,,,,,,
,LSU,59,19,,,,,,
15,Central Ark.,57,18,,,,,,
,Boston U.,62,18,,,,,,
,SFA,56,18,,,,,,
,Nevada,59,18,,,,,,
,Northwestern,50,18,,,,,,
,Buffalo,56,18,,,,,,
21,Lindenwood,56,17,,,,,,
,Belmont,54,17,,,,,,
,Memphis,57,17,,,,,,
,UC Davis,54,17,,,,,,
,South Carolina St.,44,17,,,,,,
,NIU,43,17,,,,,,
,Oregon,55,17,,,,,,
,Purdue,54,17,,,,,,
,Robert Morris,49,17,,,,,,
,Creighton,59,17,,,,,,
31,Utah Valley,54,16,,,,,,
,Col. of Charleston,60,16,,,,,,
,Wofford,54,16,,,,,,
,UT Martin,54,16,,,,,,
,N.C. A&T,53,16,,,,,,
,Ohio St.,53,16,,,,,,
,South Alabama,59,16,,,,,,
,Michigan,58,16,,,,,,
39,North Florida,61,15,,,,,,
,McNeese,62,15,,,,,,
,UConn,60,15,,,,,,
,Jackson St.,48,15,,,,,,
,Tennessee St.,40,15,,,,,,
,San Jose St.,48,15,,,,,,
,South Dakota,58,15,,,,,,
,South Fla.,61,15,,,,,,
,Southern Miss.,57,15,,,,,,
,N.C. Central,48,15,,,,,,
49,California Baptist,62,14,,,,,,
,Virginia Tech,60,14,,,,,,
,Fresno St.,47,14,,,,,,
,Delaware St.,46,14,,,,,,
,FIU,52,14,,,,,,
,Georgia,61,14,,,,,,
,Kent St.,50,14,,,,,,
,Kentucky,55,14,,,,,,
,Lamar University,58,14,,,,,,
,Western Mich.,55,14,,,,,,
,Nebraska,60,14,,,,,,
,ULM,58,14,,,,,,
,Princeton,49,14,,,,,,
,St. John's (NY),55,14,,,,,,
,Santa Clara,51,14,,,,,,
,Texas Tech,71,14,,,,,,
,Ball St.,48,14,,,,,,
66,Grand Canyon,64,13,,,,,,
,Miami (OH),56,13,,,,,,
,UCF,61,13,,,,,,
,Towson,51,13,,,,,,
,Iona,53,13,,,,,,
,Charlotte,58,13,,,,,,
,Samford,59,13,,,,,,
,Central Mich.,49,13,,,,,,
74,Akron,60,12,,,,,,
,Louisiana,56,12,,,,,,
,Auburn,55,12,,,,,,
,Bethune-Cookman,49,12,,,,,,
,UC San Diego,51,12,,,,,,
,Campbell,57,12,,,,,,
,Coppin St.,36,12,,,,,,
,Cornell,43,12,,,,,,
,Furman,53,12,,,,,,
,George Mason,51,12,,,,,,
,Indiana St.,50,12,,,,,,
,Yale,45,12,,,,,,
,Youngstown St.,51,12,,,,,,
,Morgan St.,43,12,,,,,,
,Northwestern St.,53,12,,,,,,
,Oklahoma St.,58,12,,,,,,
,Alcorn,50,12,,,,,,
91,FGCU,54,11,,,,,,
,Weber St.,56,11,,,,,,
,Gardner-Webb,57,11,,,,,,
,Kansas City,48,11,,,,,,
,Lehigh,54,11,,,,,,
,Marist,58,11,,,,,,
,Middle Tenn.,51,11,,,,,,
,Mississippi Val.,39,11,,,,,,
,Charleston So.,51,11,,,,,,
,Bradley,53,11,,,,,,
,BYU,51,11,,,,,,
,Clemson,56,11,,,,,,
,Duke,60,11,,,,,,
,East Carolina,59,11,,,,,,
,Mount St. Mary's,48,11,,,,,,
,Nicholls,54,11,,,,,,
,San Diego,51,11,,,,,,
,Texas Southern,42,11,,,,,,
,UT Arlington,47,11,,,,,,
,Utah,56,11,,,,,,
,A&M-Corpus Christi,53,11,,,,,,
112,Seattle U,51,10,,,,,,
,Ark.-Pine Bluff,46,10,,,,,,
,Queens (NC),48,10,,,,,,
,Liberty,57,10,,,,,,
,Massachusetts,49,10,,,,,,
,Abilene Christian,48,10,,,,,,
,Arizona,55,10,,,,,,
,Bryant,44,10,,,,,,
,Canisius,44,10,,,,,,
,Grambling,43,10,,,,,,
,Hawaii,50,10,,,,,,
,Howard,47,10,,,,,,
,Idaho St.,57,10,,,,,,
,UIC,54,10,,,,,,
,Jacksonville,55,10,,,,,,
,North Ala.,52,10,,,,,,
,North Dakota St.,50,10,,,,,,
,Northern Ky.,51,10,,,,,,
,Oregon St.,53,10,,,,,,
,Pacific,52,10,,,,,,
,Saint Joseph's,51,10,,,,,,
,South Carolina,60,10,,,,,,
,Southern Utah,51,10,,,,,,
,Troy,54,10,,,,,,
136,USC Upstate,61,9,,,,,,
,Army West Point,58,9,,,,,,
,Alabama,65,9,,,,,,
,Brown,45,9,,,,,,
,UC Santa Barbara,57,9,,,,,,
,UCLA,63,9,,,,,,
,Dartmouth,33,9,,,,,,
,Eastern Ill.,59,9,,,,,,
,Evansville,51,9,,,,,,
,Fairfield,51,9,,,,,,
,Georgia St.,56,9,,,,,,
,Georgia Tech,61,9,,,,,,
,Illinois St.,51,9,,,,,,
,Jacksonville St.,61,9,,,,,,
,Kansas,57,9,,,,,,
,Western Ill.,46,9,,,,,,
,Western Ky.,53,9,,,,,,
,Winthrop,53,9,,,,,,
,Missouri,57,9,,,,,,
,Montana,54,9,,,,,,
,UNLV,53,9,,,,,,
,Northern Colo.,51,9,,,,,,
,Ohio,58,9,,,,,,
,Oklahoma,62,9,,,,,,
,Penn St.,54,9,,,,,,
,Quinnipiac,45,9,,,,,,
,Rutgers,54,9,,,,,,
,St. Thomas (MN),53,9,,,,,,
,Tennessee Tech,50,9,,,,,,
,Texas,65,9,,,,,,
,Michigan St.,51,9,,,,,,
167,Tarleton St.,61,8,,,,,,
,LMU (CA),52,8,,,,,,
,Loyola Chicago,52,8,,,,,,
,Austin Peay,54,8,,,,,,
,Baylor,58,8,,,,,,
,Bowling Green,49,8,,,,,,
,Bucknell,45,8,,,,,,
,Sacramento St.,53,8,,,,,,
,Colorado St.,51,8,,,,,,
,DePaul,50,8,,,,,,
,Hofstra,54,8,,,,,,
,Western Caro.,58,8,,,,,,
,UNCW,51,8,,,,,,
,North Texas,56,8,,,,,,
,Notre Dame,53,8,,,,,,
,Sam Houston,56,8,,,,,,
,San Diego St.,50,8,,,,,,
,SIUE,58,8,,,,,,
,Chattanooga,55,8,,,,,,
,UTSA,57,8,,,,,,
,Utah St.,54,8,,,,,,
,Virginia,55,8,,,,,,
,UIW,54,8,,,,,,
190,Lipscomb,51,7,,,,,,
,Washington,57,7,,,,,,
,Presbyterian,52,7,,,,,,
,Louisiana Tech,56,7,,,,,,
,UMass Lowell,54,7,,,,,,
,Marshall,57,7,,,,,,
,App State,50,7,,,,,,
,California,52,7,,,,,,
,Columbia,45,7,,,,,,
,Eastern Ky.,53,7,,,,,,
,Fordham,55,7,,,,,,
,Ga. Southern,53,7,,,,,,
,Harvard,45,7,,,,,,
,James Madison,51,7,,,,,,
,Lafayette,52,7,,,,,,
,Wichita St.,52,7,,,,,,
,Wisconsin,54,7,,,,,,
,Omaha,49,7,,,,,,
,New Mexico St.,54,7,,,,,,
,Norfolk St.,43,7,,,,,,
,UNI,53,7,,,,,,
,South Dakota St.,59,7,,,,,,
,Kennesaw St.,50,7,,,,,,
213,Manhattan,52,6,,,,,,
,Villanova,53,6,,,,,,
,UAB,54,6,,,,,,
,Butler,46,6,,,,,,
,Cal St. Fullerton,56,6,,,,,,
,Long Beach St.,54,6,,,,,,
,Drexel,45,6,,,,,,
,ETSU,52,6,,,,,,
,East Texas A&M,52,6,,,,,,
,Fla. Atlantic,54,6,,,,,,
,Houston Christian,47,6,,,,,,
,Murray St.,52,6,,,,,,
,UNC Greensboro,62,6,,,,,,
,Niagara,42,6,,,,,,
,Penn,44,6,,,,,,
,Saint Francis,48,6,,,,,,
,Southern Ind.,47,6,,,,,,
,Texas St.,61,6,,,,,,
,Texas A&M,57,6,,,,,,
,Toledo,50,6,,,,,,
,UMES,48,6,,,,,,
234,IU Indy,47,5,,,,,,
,Tulsa,53,5,,,,,,
,UAlbany,45,5,,,,,,
,Arizona St.,63,5,,,,,,
,Arkansas,60,5,,,,,,
,Bellarmine,50,5,,,,,,
,Boise St.,55,5,,,,,,
,CSUN,46,5,,,,,,
,Colgate,55,5,,,,,,
,Delaware,55,5,,,,,,
,Detroit Mercy,47,5,,,,,,
,Hampton,43,5,,,,,,
,Houston,51,5,,,,,,
,Iowa St.,55,5,,,,,,
,Green Bay,47,5,,,,,,
,Monmouth,51,5,,,,,,
,New Mexico,55,5,,,,,,
,North Dakota,51,5,,,,,,
,Pittsburgh,52,5,,,,,,
,Providence,49,5,,,,,,
,Radford,51,5,,,,,,
,Rhode Island,47,5,,,,,,
,Rider,49,5,,,,,,
,St. Bonaventure,53,5,,,,,,
,Saint Louis,51,5,,,,,,
,Southern Ill.,51,5,,,,,,
,Syracuse,44,5,,,,,,
,Tennessee,61,5,,,,,,
,Maine,48,5,,,,,,
263,Longwood,53,4,,,,,,
,Wagner,50,4,,,,,,
,Merrimack,41,4,,,,,,
,Minnesota,52,4,,,,,,
,Binghamton,47,4,,,,,,
,Cal Poly,46,4,,,,,,
,Drake,51,4,,,,,,
,Florida,64,4,,,,,,
,North Carolina,51,4,,,,,,
,NC State,53,4,,,,,,
,Portland St.,46,4,,,,,,
,Saint Peter's,51,4,,,,,,
,Seton Hall,49,4,,,,,,
,Missouri St.,50,4,,,,,,
,Stetson,59,4,,,,,,
,Maryland,48,4,,,,,,
279,Elon,51,3,,,,,,
,Mercer,50,3,,,,,,
,Boston College,51,3,,,,,,
,Central Conn. St.,47,3,,,,,,
,Dayton,50,3,,,,,,
,Georgetown,42,3,,,,,,
,Valparaiso,52,3,,,,,,
,Iowa,54,3,,,,,,
,Siena,47,3,,,,,,
,Southeast Mo. St.,53,3,,,,,,
,Stonehill,50,3,,,,,,
,UTEP,49,3,,,,,,
,Illinois,54,3,,,,,,
292,Mississippi St.,64,2,,,,,,
,CSU Bakersfield,50,2,,,,,,
,Coastal Carolina,57,2,,,,,,
,FDU,52,2,,,,,,
,Sacred Heart,54,2,,,,,,
,Ole Miss,62,2,,,,,,
,Morehead St.,45,2,,,,,,
,George Washington,45,2,,,,,,
300,LIU,56,1,,,,,,
,UMBC,18,1,,,,,,
,Stony Brook,50,1,,,,,,
,Holy Cross,44,1,,,,,,
,UC Riverside,44,1,,,,,,
Reclassifying,,,,,,,,,
NR,West Ga.,55,8,,,,,,
NR,Mercyhurst,43,5,,,,,,
NR,Le Moyne,51,5,,,,,,
NR,New Haven,45,2,,,,,,
,,,,,,,,,
NCAA Softball,,,,,,,,,
Division IHome Runs,,,,,,,,,
Through Games 06/04/2026,,,,,,,,,
,,,,,,,,,
,,,,,,,,,
Rank,Name,G,HR,,,,,,
1,UCLA,63,209,,,,,,
2,Oklahoma,62,187,,,,,,
3,Texas Tech,71,145,,,,,,
4,Ohio St.,53,119,,,,,,
5,Duke,60,117,,,,,,
6,Florida,64,110,,,,,,
7,Virginia Tech,60,108,,,,,,
8,Alabama,65,102,,,,,,
,UNI,53,102,,,,,,
10,North Carolina,51,100,,,,,,
11,Texas,65,99,,,,,,
,Arizona St.,63,99,,,,,,
13,Nebraska,60,97,,,,,,
14,Robert Morris,49,96,,,,,,
15,Marshall,57,95,,,,,,
16,Grand Canyon,64,91,,,,,,
,Ohio,58,91,,,,,,
18,Ole Miss,62,88,,,,,,
,Colgate,55,88,,,,,,
20,Indiana,59,87,,,,,,
21,Wichita St.,52,85,,,,,,
22,Penn St.,54,84,,,,,,
,Coastal Carolina,57,84,,,,,,
24,Texas A&M,57,83,,,,,,
25,Kansas,57,82,,,,,,
26,Arkansas,60,81,,,,,,
27,Georgia,61,80,,,,,,
,Stetson,59,80,,,,,,
29,Michigan,58,79,,,,,,
,Idaho St.,57,79,,,,,,
,Iowa St.,55,79,,,,,,
32,Washington,57,77,,,,,,
,App State,50,77,,,,,,
,St. Thomas (MN),53,77,,,,,,
35,New Mexico St.,54,76,,,,,,
,Tennessee,61,76,,,,,,
37,Nevada,59,75,,,,,,
,Georgia Tech,61,75,,,,,,
39,Rutgers,54,74,,,,,,
,Miami (OH),56,74,,,,,,
41,Western Caro.,58,73,,,,,,
,Florida St.,62,73,,,,,,
,South Dakota St.,59,73,,,,,,
,UCF,61,73,,,,,,
45,Omaha,49,72,,,,,,
46,Virginia,55,71,,,,,,
,Austin Peay,54,71,,,,,,
48,Houston,51,70,,,,,,
,Oregon,55,70,,,,,,
50,Auburn,55,68,,,,,,
,Arizona,55,68,,,,,,
,Boston U.,62,68,,,,,,
,Oklahoma St.,58,68,,,,,,
54,James Madison,51,67,,,,,,
,UNC Greensboro,62,67,,,,,,
56,Mississippi St.,64,66,,,,,,
57,North Ala.,52,63,,,,,,
58,Oregon St.,53,62,,,,,,
,Sacramento St.,53,62,,,,,,
,Middle Tenn.,51,62,,,,,,
,Marist,58,62,,,,,,
62,Stanford,54,61,,,,,,
,Kentucky,55,61,,,,,,
,UConn,60,61,,,,,,
,South Carolina,60,61,,,,,,
,Charlotte,58,61,,,,,,
67,Utah,56,60,,,,,,
68,UT Arlington,47,59,,,,,,
,Clemson,56,59,,,,,,
,UIW,54,59,,,,,,
,Western Ky.,53,59,,,,,,
72,Northwestern,50,58,,,,,,
73,New Mexico,55,57,,,,,,
,Boise St.,55,57,,,,,,
,LSU,59,57,,,,,,
,Providence,49,57,,,,,,
77,Southern Ill.,51,56,,,,,,
,Akron,60,56,,,,,,
,McNeese,62,56,,,,,,
,Iowa,54,56,,,,,,
81,UNLV,53,55,,,,,,
,Delaware,55,55,,,,,,
,BYU,51,55,,,,,,
84,North Texas,56,54,,,,,,
,Wisconsin,54,54,,,,,,
86,Samford,59,53,,,,,,
87,Western Mich.,55,52,,,,,,
,Missouri,57,52,,,,,,
,Binghamton,47,52,,,,,,
,Northern Colo.,51,52,,,,,,
,NC State,53,52,,,,,,
92,Montana,54,51,,,,,,
93,Texas St.,61,50,,,,,,
,Creighton,59,50,,,,,,
,California,52,50,,,,,,
,Sam Houston,56,50,,,,,,
97,Jacksonville St.,61,49,,,,,,
,UC Santa Barbara,57,49,,,,,,
,Tarleton St.,61,49,,,,,,
,Purdue,54,49,,,,,,
101,Utah St.,54,48,,,,,,
,Illinois St.,51,48,,,,,,
,Youngstown St.,51,48,,,,,,
,Cal St. Fullerton,56,48,,,,,,
,Liberty,57,48,,,,,,
,Mercer,50,48,,,,,,
,California Baptist,62,48,,,,,,
108,Winthrop,53,47,,,,,,
109,UTSA,57,46,,,,,,
,Hawaii,50,46,,,,,,
,Fla. Atlantic,54,46,,,,,,
,Central Conn. St.,47,46,,,,,,
,Bradley,53,46,,,,,,
114,Louisiana,56,45,,,,,,
,Louisville,58,45,,,,,,
,Pittsburgh,52,45,,,,,,
117,Saint Francis,48,44,,,,,,
,Florida A&M,54,44,,,,,,
,San Diego St.,50,44,,,,,,
120,Hofstra,54,43,,,,,,
,Eastern Ill.,59,43,,,,,,
,Utah Valley,54,43,,,,,,
,Lamar University,58,43,,,,,,
124,Illinois,54,42,,,,,,
,Jacksonville,55,42,,,,,,
,Murray St.,52,42,,,,,,
,Drake,51,42,,,,,,
,Memphis,57,42,,,,,,
,Columbia,45,42,,,,,,
,Seattle U,51,42,,,,,,
131,UC San Diego,51,41,,,,,,
,Tulsa,53,41,,,,,,
133,Princeton,49,40,,,,,,
,Cornell,43,40,,,,,,
,Louisiana Tech,56,40,,,,,,
,Central Ark.,57,40,,,,,,
137,Army West Point,58,39,,,,,,
,Saint Mary's (CA),58,39,,,,,,
,North Florida,61,39,,,,,,
,Evansville,51,39,,,,,,
,Queens (NC),48,39,,,,,,
,Central Mich.,49,39,,,,,,
,USC Upstate,61,39,,,,,,
144,Iona,53,38,,,,,,
,Green Bay,47,38,,,,,,
,Dayton,50,38,,,,,,
,Boston College,51,38,,,,,,
,Norfolk St.,43,38,,,,,,
149,Southern U.,52,37,,,,,,
,Missouri St.,50,37,,,,,,
,Belmont,54,37,,,,,,
,Penn,44,37,,,,,,
,South Alabama,59,37,,,,,,
,Towson,51,37,,,,,,
155,Gardner-Webb,57,36,,,,,,
,Manhattan,52,36,,,,,,
,Longwood,53,36,,,,,,
158,Monmouth,51,35,,,,,,
,Troy,54,35,,,,,,
160,Buffalo,56,34,,,,,,
,Detroit Mercy,47,34,,,,,,
,Drexel,45,34,,,,,,
,N.C. A&T,53,34,,,,,,
,Notre Dame,53,34,,,,,,
,Rider,49,34,,,,,,
166,DePaul,50,33,,,,,,
,Syracuse,44,33,,,,,,
,Nicholls,54,33,,,,,,
169,Utah Tech,53,32,,,,,,
,Alabama A&M,50,32,,,,,,
,Brown,45,32,,,,,,
,Villanova,53,32,,,,,,
,North Dakota St.,50,32,,,,,,
,SFA,56,32,,,,,,
,Toledo,50,32,,,,,,
,Furman,53,32,,,,,,
177,LIU,56,31,,,,,,
,Baylor,58,31,,,,,,
,George Washington,45,31,,,,,,
,South Fla.,61,31,,,,,,
,Harvard,45,31,,,,,,
,Sacred Heart,54,31,,,,,,
,Georgia St.,56,31,,,,,,
184,Maryland,48,30,,,,,,
,NIU,43,30,,,,,,
,Southern Utah,51,30,,,,,,
,Southeastern La.,62,30,,,,,,
,Southeast Mo. St.,53,30,,,,,,
189,Lehigh,54,29,,,,,,
,Abilene Christian,48,29,,,,,,
,Ball St.,48,29,,,,,,
,Lafayette,52,29,,,,,,
,George Mason,51,29,,,,,,
,UIC,54,29,,,,,,
,Colorado St.,51,29,,,,,,
196,LMU (CA),52,28,,,,,,
,FIU,52,28,,,,,,
,East Carolina,59,28,,,,,,
199,Lindenwood,56,27,,,,,,
,Michigan St.,51,27,,,,,,
,Minnesota,52,27,,,,,,
,UAB,54,27,,,,,,
,Weber St.,56,27,,,,,,
,Fordham,55,27,,,,,,
,Kent St.,50,27,,,,,,
,Saint Joseph's,51,27,,,,,,
,UTEP,49,27,,,,,,
,Fresno St.,47,27,,,,,,
209,IU Indy,47,26,,,,,,
,Long Beach St.,54,26,,,,,,
211,UAlbany,45,25,,,,,,
,Butler,46,25,,,,,,
,ETSU,52,25,,,,,,
,Chattanooga,55,25,,,,,,
,Oakland,49,25,,,,,,
,Georgetown,42,25,,,,,,
217,Maine,48,24,,,,,,
,Alabama St.,56,24,,,,,,
,Tennessee Tech,50,24,,,,,,
,North Dakota,51,24,,,,,,
,Portland St.,46,24,,,,,,
,Ga. Southern,53,24,,,,,,
223,Canisius,44,23,,,,,,
,Fairfield,51,23,,,,,,
,ULM,58,23,,,,,,
,Texas Southern,42,23,,,,,,
,Seton Hall,49,23,,,,,,
,South Dakota,58,23,,,,,,
,Pacific,52,23,,,,,,
230,Kennesaw St.,50,22,,,,,,
,Wofford,54,22,,,,,,
,Bellarmine,50,22,,,,,,
,Bowling Green,49,22,,,,,,
,UT Martin,54,22,,,,,,
,Saint Louis,51,22,,,,,,
,Siena,47,22,,,,,,
,Stony Brook,50,22,,,,,,
,Bryant,44,22,,,,,,
239,FGCU,54,21,,,,,,
,South Carolina St.,44,21,,,,,,
,UMass Lowell,54,21,,,,,,
242,Lipscomb,51,20,,,,,,
,Eastern Ky.,53,20,,,,,,
,Holy Cross,44,20,,,,,,
,Valparaiso,52,20,,,,,,
,San Diego,51,20,,,,,,
,Southern Miss.,57,20,,,,,,
,Morehead St.,45,20,,,,,,
249,Merrimack,41,19,,,,,,
,Alcorn,50,19,,,,,,
,UC Davis,54,19,,,,,,
,San Jose St.,48,19,,,,,,
,Indiana St.,50,19,,,,,,
,Niagara,42,19,,,,,,
,Radford,51,19,,,,,,
,East Texas A&M,52,19,,,,,,
257,Ark.-Pine Bluff,46,18,,,,,,
,UMES,48,18,,,,,,
,SIUE,58,18,,,,,,
,Dartmouth,33,18,,,,,,
,St. Bonaventure,53,18,,,,,,
,Coppin St.,36,18,,,,,,
263,Col. of Charleston,60,17,,,,,,
,Campbell,57,17,,,,,,
,Howard,47,17,,,,,,
,Santa Clara,51,17,,,,,,
,Northern Ky.,51,17,,,,,,
,Quinnipiac,45,17,,,,,,
,Morgan St.,43,17,,,,,,
270,Loyola Chicago,52,16,,,,,,
,Western Ill.,46,16,,,,,,
,UC Riverside,44,16,,,,,,
273,Elon,51,15,,,,,,
,Northwestern St.,53,15,,,,,,
,Mount St. Mary's,48,15,,,,,,
,Presbyterian,52,15,,,,,,
277,Hampton,43,14,,,,,,
,Stonehill,50,14,,,,,,
,Saint Peter's,51,14,,,,,,
,St. John's (NY),55,14,,,,,,
281,Rhode Island,47,13,,,,,,
282,UNCW,51,12,,,,,,
,Jackson St.,48,12,,,,,,
284,CSUN,46,11,,,,,,
,Prairie View,46,11,,,,,,
,Houston Christian,47,11,,,,,,
,FDU,52,11,,,,,,
288,Delaware St.,46,10,,,,,,
289,Massachusetts,49,9,,,,,,
,Bucknell,45,9,,,,,,
,CSU Bakersfield,50,9,,,,,,
,Cal Poly,46,9,,,,,,
293,UMBC,18,7,,,,,,
,Charleston So.,51,7,,,,,,
,Wagner,50,7,,,,,,
,Tennessee St.,40,7,,,,,,
,Yale,45,7,,,,,,
298,Grambling,43,6,,,,,,
299,Southern Ind.,47,5,,,,,,
,A&M-Corpus Christi,53,5,,,,,,
Reclassifying,,,,,,,,,
NR,West Ga.,55,34,,,,,,
NR,Mercyhurst,43,26,,,,,,
NR,Le Moyne,51,25,,,,,,
NR,New Haven,45,9,,,,,,
,,,,,,,,,
NCAA Softball,,,,,,,,,
Division IRuns Batted In,,,,,,,,,
Through Games 06/04/2026,,,,,,,,,
,,,,,,,,,
,,,,,,,,,
Rank,Name,G,RBI,,,,,,
1,UCLA,63,643,,,,,,
2,Oklahoma,62,598,,,,,,
3,Texas Tech,71,584,,,,,,
4,Florida,64,469,,,,,,
5,Virginia Tech,60,438,,,,,,
6,Indiana,59,429,,,,,,
7,Robert Morris,49,423,,,,,,
8,Duke,60,415,,,,,,
,Boston U.,62,415,,,,,,
10,Arizona St.,63,413,,,,,,
,Arkansas,60,413,,,,,,
12,Florida St.,62,412,,,,,,
13,Texas,65,411,,,,,,
14,Ohio,58,405,,,,,,
15,Grand Canyon,64,393,,,,,,
16,Alabama,65,387,,,,,,
17,Georgia,61,386,,,,,,
,Louisville,58,386,,,,,,
19,UNI,53,383,,,,,,
,Nebraska,60,383,,,,,,
21,North Carolina,51,373,,,,,,
22,Nevada,59,372,,,,,,
23,Texas A&M,57,368,,,,,,
24,Arizona,55,365,,,,,,
25,Jacksonville St.,61,355,,,,,,
26,UCF,61,354,,,,,,
27,Kansas,57,353,,,,,,
28,Stanford,54,350,,,,,,
29,Iowa St.,55,348,,,,,,
30,Youngstown St.,51,346,,,,,,
31,Idaho St.,57,341,,,,,,
,Miami (OH),56,341,,,,,,
,USC Upstate,61,341,,,,,,
34,Western Caro.,58,337,,,,,,
35,Creighton,59,336,,,,,,
,Penn St.,54,336,,,,,,
37,Oregon,55,335,,,,,,
,Oklahoma St.,58,335,,,,,,
39,UConn,60,334,,,,,,
,Stetson,59,334,,,,,,
41,Michigan,58,333,,,,,,
42,Washington,57,328,,,,,,
,Omaha,49,328,,,,,,
44,Tarleton St.,61,326,,,,,,
45,Georgia Tech,61,325,,,,,,
46,UNC Greensboro,62,324,,,,,,
47,Ole Miss,62,323,,,,,,
48,McNeese,62,321,,,,,,
,App State,50,321,,,,,,
50,Rutgers,54,320,,,,,,
51,Southeastern La.,62,318,,,,,,
52,Campbell,57,314,,,,,,
53,Central Ark.,57,313,,,,,,
54,Ohio St.,53,312,,,,,,
55,Purdue,54,310,,,,,,
56,Utah,56,309,,,,,,
,UIW,54,309,,,,,,
58,California Baptist,62,308,,,,,,
,Akron,60,308,,,,,,
60,Wichita St.,52,306,,,,,,
61,LSU,59,305,,,,,,
62,Gardner-Webb,57,304,,,,,,
63,Alabama A&M,50,303,,,,,,
,St. Thomas (MN),53,303,,,,,,
65,Buffalo,56,301,,,,,,
66,Virginia,55,299,,,,,,
67,Wofford,54,297,,,,,,
68,Colgate,55,295,,,,,,
,South Dakota St.,59,295,,,,,,
,Tennessee,61,295,,,,,,
71,Auburn,55,293,,,,,,
72,Lamar University,58,290,,,,,,
,Marist,58,290,,,,,,
74,Charlotte,58,289,,,,,,
,Austin Peay,54,289,,,,,,
76,Cal St. Fullerton,56,288,,,,,,
,Florida A&M,54,288,,,,,,
,North Ala.,52,288,,,,,,
79,Northwestern,50,287,,,,,,
80,Utah Valley,54,286,,,,,,
,New Mexico St.,54,286,,,,,,
82,North Florida,61,285,,,,,,
83,Eastern Ill.,59,282,,,,,,
84,Wisconsin,54,281,,,,,,
85,Clemson,56,279,,,,,,
86,Coastal Carolina,57,278,,,,,,
87,Western Ky.,53,277,,,,,,
88,Fla. Atlantic,54,275,,,,,,
,Princeton,49,275,,,,,,
90,Saint Mary's (CA),58,273,,,,,,
91,Lehigh,54,272,,,,,,
,UT Arlington,47,272,,,,,,
93,James Madison,51,271,,,,,,
,Western Mich.,55,271,,,,,,
95,Nicholls,54,270,,,,,,
96,Mississippi St.,64,269,,,,,,
,North Texas,56,269,,,,,,
98,SFA,56,268,,,,,,
99,Samford,59,267,,,,,,
,Cornell,43,267,,,,,,
,Central Mich.,49,267,,,,,,
,South Carolina,60,267,,,,,,
103,Louisiana,56,266,,,,,,
104,UC Santa Barbara,57,265,,,,,,
,Seattle U,51,265,,,,,,
106,Marshall,57,264,,,,,,
,Providence,49,264,,,,,,
108,North Dakota St.,50,263,,,,,,
,Lindenwood,56,263,,,,,,
,Iowa,54,263,,,,,,
,UC San Diego,51,263,,,,,,
,Alabama St.,56,263,,,,,,
113,UNLV,53,262,,,,,,
114,Jacksonville,55,261,,,,,,
115,Texas St.,61,259,,,,,,
,Montana,54,259,,,,,,
117,New Mexico,55,258,,,,,,
,Ball St.,48,258,,,,,,
,NC State,53,258,,,,,,
120,Long Beach St.,54,257,,,,,,
121,Southern Ill.,51,256,,,,,,
122,Butler,46,255,,,,,,
123,FIU,52,253,,,,,,
,Army West Point,58,253,,,,,,
125,Liberty,57,251,,,,,,
,Belmont,54,251,,,,,,
127,Troy,54,250,,,,,,
,Jackson St.,48,250,,,,,,
,Illinois St.,51,250,,,,,,
,Hofstra,54,250,,,,,,
131,Oregon St.,53,249,,,,,,
,NIU,43,249,,,,,,
133,Northern Colo.,51,248,,,,,,
,Delaware,55,248,,,,,,
,Sacramento St.,53,248,,,,,,
136,Central Conn. St.,47,247,,,,,,
137,Binghamton,47,246,,,,,,
138,LIU,56,245,,,,,,
,Rider,49,245,,,,,,
140,Boise St.,55,244,,,,,,
141,South Fla.,61,243,,,,,,
142,Prairie View,46,242,,,,,,
,Georgia St.,56,242,,,,,,
,Southern Miss.,57,242,,,,,,
145,Southern U.,52,241,,,,,,
146,Fordham,55,240,,,,,,
,Green Bay,47,240,,,,,,
148,Sam Houston,56,239,,,,,,
,Bradley,53,239,,,,,,
,Louisiana Tech,56,239,,,,,,
151,St. John's (NY),55,238,,,,,,
152,Notre Dame,53,237,,,,,,
,Winthrop,53,237,,,,,,
154,Houston,51,236,,,,,,
,Chattanooga,55,236,,,,,,
156,Howard,47,235,,,,,,
157,LMU (CA),52,232,,,,,,
,UMass Lowell,54,232,,,,,,
159,Utah Tech,53,230,,,,,,
,Kentucky,55,230,,,,,,
,Fairfield,51,230,,,,,,
,Baylor,58,230,,,,,,
163,Hawaii,50,227,,,,,,
,South Carolina St.,44,227,,,,,,
165,Murray St.,52,225,,,,,,
,Missouri,57,225,,,,,,
167,UIC,54,223,,,,,,
168,Towson,51,222,,,,,,
,Kent St.,50,222,,,,,,
,Memphis,57,222,,,,,,
171,Drexel,45,221,,,,,,
,Northwestern St.,53,221,,,,,,
173,UTSA,57,220,,,,,,
174,Oakland,49,219,,,,,,
,Iona,53,219,,,,,,
,California,52,219,,,,,,
,Col. of Charleston,60,219,,,,,,
178,Harvard,45,217,,,,,,
179,Middle Tenn.,51,215,,,,,,
180,BYU,51,214,,,,,,
,Tulsa,53,214,,,,,,
,Longwood,53,214,,,,,,
,UT Martin,54,214,,,,,,
184,Utah St.,54,213,,,,,,
,UNCW,51,213,,,,,,
186,Evansville,51,212,,,,,,
187,Saint Joseph's,51,211,,,,,,
188,San Diego St.,50,210,,,,,,
189,Colorado St.,51,209,,,,,,
190,ETSU,52,208,,,,,,
191,Bowling Green,49,207,,,,,,
,Southeast Mo. St.,53,207,,,,,,
193,Quinnipiac,45,206,,,,,,
,Eastern Ky.,53,206,,,,,,
195,Penn,44,205,,,,,,
196,Presbyterian,52,204,,,,,,
197,UAlbany,45,203,,,,,,
198,Valparaiso,52,201,,,,,,
,N.C. A&T,53,201,,,,,,
200,North Dakota,51,199,,,,,,
,Southern Utah,51,199,,,,,,
,Columbia,45,199,,,,,,
,George Mason,51,199,,,,,,
204,UC Davis,54,198,,,,,,
,DePaul,50,198,,,,,,
,Dayton,50,198,,,,,,
207,ULM,58,197,,,,,,
,Weber St.,56,197,,,,,,
209,FDU,52,195,,,,,,
,Monmouth,51,195,,,,,,
,FGCU,54,195,,,,,,
,Ga. Southern,53,195,,,,,,
,Saint Louis,51,195,,,,,,
214,South Alabama,59,194,,,,,,
,SIUE,58,194,,,,,,
216,Drake,51,193,,,,,,
,Norfolk St.,43,193,,,,,,
,Manhattan,52,193,,,,,,
219,East Carolina,59,192,,,,,,
,Texas Southern,42,192,,,,,,
221,Northern Ky.,51,191,,,,,,
222,Pittsburgh,52,190,,,,,,
,Seton Hall,49,190,,,,,,
224,Santa Clara,51,189,,,,,,
,Toledo,50,189,,,,,,
,Loyola Chicago,52,189,,,,,,
,UAB,54,189,,,,,,
,Alcorn,50,189,,,,,,
229,South Dakota,58,188,,,,,,
,Furman,53,188,,,,,,
231,George Washington,45,187,,,,,,
232,Tennessee Tech,50,186,,,,,,
,Maryland,48,186,,,,,,
234,Sacred Heart,54,185,,,,,,
235,Missouri St.,50,184,,,,,,
236,Bethune-Cookman,49,183,,,,,,
,Boston College,51,183,,,,,,
238,Fresno St.,47,182,,,,,,
239,Lafayette,52,181,,,,,,
,Queens (NC),48,181,,,,,,
241,Villanova,53,180,,,,,,
,Detroit Mercy,47,180,,,,,,
,Wagner,50,180,,,,,,
244,Michigan St.,51,179,,,,,,
,Delaware St.,46,179,,,,,,
,Illinois,54,179,,,,,,
247,Brown,45,178,,,,,,
248,Saint Francis,48,177,,,,,,
,Maine,48,177,,,,,,
250,Western Ill.,46,176,,,,,,
,Yale,45,176,,,,,,
252,Mercer,50,175,,,,,,
253,IU Indy,47,172,,,,,,
,Ark.-Pine Bluff,46,172,,,,,,
255,Stony Brook,50,171,,,,,,
256,San Diego,51,170,,,,,,
257,Grambling,43,168,,,,,,
,Pacific,52,168,,,,,,
259,San Jose St.,48,166,,,,,,
,Georgetown,42,166,,,,,,
261,Abilene Christian,48,165,,,,,,
,Stonehill,50,165,,,,,,
263,Canisius,44,163,,,,,,
,Morgan St.,43,163,,,,,,
,Bryant,44,163,,,,,,
266,Lipscomb,51,160,,,,,,
267,UTEP,49,159,,,,,,
,Indiana St.,50,159,,,,,,
269,Siena,47,157,,,,,,
270,Rhode Island,47,156,,,,,,
271,UMES,48,155,,,,,,
,Elon,51,155,,,,,,
273,Massachusetts,49,154,,,,,,
274,Bucknell,45,153,,,,,,
,Mount St. Mary's,48,153,,,,,,
276,Radford,51,151,,,,,,
277,Syracuse,44,150,,,,,,
,Portland St.,46,150,,,,,,
279,Dartmouth,33,149,,,,,,
280,Morehead St.,45,147,,,,,,
281,CSUN,46,146,,,,,,
282,Kansas City,48,141,,,,,,
283,Coppin St.,36,140,,,,,,
284,Southern Ind.,47,139,,,,,,
,Saint Peter's,51,139,,,,,,
,N.C. Central,48,139,,,,,,
287,Charleston So.,51,138,,,,,,
288,Kennesaw St.,50,136,,,,,,
289,Bellarmine,50,135,,,,,,
290,Niagara,42,133,,,,,,
,Minnesota,52,133,,,,,,
292,East Texas A&M,52,128,,,,,,
293,Tennessee St.,40,127,,,,,,
294,CSU Bakersfield,50,126,,,,,,
295,Merrimack,41,125,,,,,,
296,A&M-Corpus Christi,53,123,,,,,,
297,Holy Cross,44,115,,,,,,
298,Cal Poly,46,113,,,,,,
299,Hampton,43,111,,,,,,
300,St. Bonaventure,53,108,,,,,,
301,Houston Christian,47,105,,,,,,
302,UC Riverside,44,102,,,,,,
303,Mississippi Val.,39,85,,,,,,
304,UMBC,18,77,,,,,,
Reclassifying,,,,,,,,,
NR,West Ga.,55,184,,,,,,
NR,Le Moyne,51,184,,,,,,
NR,Mercyhurst,43,152,,,,,,
NR,New Haven,45,115,,,,,,
,,,,,,,,,
NCAA Softball,,,,,,,,,
Division IHits,,,,,,,,,
Through Games 06/04/2026,,,,,,,,,
,,,,,,,,,
,,,,,,,,,
Rank,Name,G,H,,,,,,
1,Texas Tech,71,679,,,,,,
2,UCLA,63,647,,,,,,
3,Oklahoma,62,639,,,,,,
4,Florida,64,618,,,,,,
5,Duke,60,587,,,,,,
6,Nevada,59,579,,,,,,
7,Texas,65,577,,,,,,
8,Virginia Tech,60,573,,,,,,
9,Florida St.,62,567,,,,,,
10,Georgia,61,553,,,,,,
11,Boston U.,62,550,,,,,,
,Arizona St.,63,550,,,,,,
13,Louisville,58,547,,,,,,
,Robert Morris,49,547,,,,,,
,Southeastern La.,62,547,,,,,,
16,Nebraska,60,539,,,,,,
17,Alabama,65,526,,,,,,
18,Ohio,58,525,,,,,,
19,USC Upstate,61,524,,,,,,
20,Indiana,59,523,,,,,,
21,Arkansas,60,522,,,,,,
22,Miami (OH),56,514,,,,,,
23,UC Santa Barbara,57,513,,,,,,
24,Gardner-Webb,57,510,,,,,,
,Grand Canyon,64,510,,,,,,
26,Texas A&M,57,504,,,,,,
,Western Caro.,58,504,,,,,,
28,Washington,57,501,,,,,,
,Jacksonville St.,61,501,,,,,,
30,McNeese,62,500,,,,,,
31,Cal St. Fullerton,56,499,,,,,,
32,Creighton,59,498,,,,,,
33,UCF,61,496,,,,,,
34,Utah Valley,54,494,,,,,,
35,Tarleton St.,61,493,,,,,,
36,Stetson,59,491,,,,,,
37,Georgia Tech,61,488,,,,,,
38,Michigan,58,487,,,,,,
39,UNC Greensboro,62,486,,,,,,
40,Princeton,49,484,,,,,,
,Stanford,54,484,,,,,,
,Campbell,57,484,,,,,,
43,South Dakota St.,59,483,,,,,,
44,Iowa St.,55,482,,,,,,
45,Kansas,57,481,,,,,,
,UNI,53,481,,,,,,
47,North Carolina,51,480,,,,,,
,Ole Miss,62,480,,,,,,
,California Baptist,62,480,,,,,,
50,St. John's (NY),55,479,,,,,,
51,Arizona,55,478,,,,,,
52,Idaho St.,57,475,,,,,,
53,Oregon,55,473,,,,,,
,Youngstown St.,51,473,,,,,,
55,Eastern Ill.,59,471,,,,,,
56,Lindenwood,56,470,,,,,,
57,Marist,58,469,,,,,,
,Buffalo,56,469,,,,,,
59,Saint Mary's (CA),58,468,,,,,,
,North Florida,61,468,,,,,,
61,Oklahoma St.,58,466,,,,,,
62,Akron,60,465,,,,,,
63,SFA,56,464,,,,,,
64,Georgia St.,56,458,,,,,,
65,South Fla.,61,457,,,,,,
66,LMU (CA),52,455,,,,,,
67,Wofford,54,454,,,,,,
68,Western Ky.,53,453,,,,,,
,Army West Point,58,453,,,,,,
70,UIW,54,452,,,,,,
71,Charlotte,58,451,,,,,,
72,Central Mich.,49,449,,,,,,
,New Mexico St.,54,449,,,,,,
74,North Texas,56,448,,,,,,
,UConn,60,448,,,,,,
76,Purdue,54,447,,,,,,
,Troy,54,447,,,,,,
,Florida A&M,54,447,,,,,,
79,Central Ark.,57,446,,,,,,
,Lehigh,54,446,,,,,,
81,FIU,52,445,,,,,,
82,UTSA,57,444,,,,,,
83,Wichita St.,52,443,,,,,,
,Seattle U,51,443,,,,,,
85,Mississippi St.,64,440,,,,,,
86,Texas St.,61,439,,,,,,
,Louisiana Tech,56,439,,,,,,
,LSU,59,439,,,,,,
,Utah,56,439,,,,,,
90,Samford,59,436,,,,,,
,Long Beach St.,54,436,,,,,,
,Alabama A&M,50,436,,,,,,
93,Rutgers,54,435,,,,,,
94,UNCW,51,434,,,,,,
95,Fordham,55,432,,,,,,
96,James Madison,51,431,,,,,,
,Weber St.,56,431,,,,,,
98,Notre Dame,53,430,,,,,,
,Lamar University,58,430,,,,,,
,South Carolina,60,430,,,,,,
101,Nicholls,54,429,,,,,,
102,Tennessee,61,427,,,,,,
,St. Thomas (MN),53,427,,,,,,
104,Western Mich.,55,426,,,,,,
,North Ala.,52,426,,,,,,
106,North Dakota St.,50,425,,,,,,
,Louisiana,56,425,,,,,,
,Penn St.,54,425,,,,,,
109,Utah Tech,53,424,,,,,,
,Austin Peay,54,424,,,,,,
,Liberty,57,424,,,,,,
112,Wisconsin,54,423,,,,,,
,UC San Diego,51,423,,,,,,
,Chattanooga,55,423,,,,,,
115,Montana,54,422,,,,,,
116,Alabama St.,56,420,,,,,,
117,Col. of Charleston,60,419,,,,,,
,ULM,58,419,,,,,,
119,Northern Colo.,51,418,,,,,,
120,UNLV,53,416,,,,,,
,Illinois St.,51,416,,,,,,
,Belmont,54,416,,,,,,
123,Sacramento St.,53,415,,,,,,
124,Oregon St.,53,414,,,,,,
,Hofstra,54,414,,,,,,
,UC Davis,54,414,,,,,,
,Southern Miss.,57,414,,,,,,
128,New Mexico,55,412,,,,,,
,UT Martin,54,412,,,,,,
,South Dakota,58,412,,,,,,
131,Ohio St.,53,411,,,,,,
,Southern Ill.,51,411,,,,,,
,San Diego St.,50,411,,,,,,
134,Utah St.,54,410,,,,,,
135,Coastal Carolina,57,409,,,,,,
,Baylor,58,409,,,,,,
137,Southern U.,52,408,,,,,,
,Jackson St.,48,408,,,,,,
,Fla. Atlantic,54,408,,,,,,
,Virginia,55,408,,,,,,
141,Oakland,49,407,,,,,,
,Iowa,54,407,,,,,,
,Cornell,43,407,,,,,,
,Clemson,56,407,,,,,,
145,Marshall,57,406,,,,,,
146,Murray St.,52,404,,,,,,
147,Jacksonville,55,403,,,,,,
,Omaha,49,403,,,,,,
149,LIU,56,402,,,,,,
,East Carolina,59,402,,,,,,
,Colgate,55,402,,,,,,
152,App State,50,401,,,,,,
,Green Bay,47,401,,,,,,
154,UMass Lowell,54,399,,,,,,
,Sam Houston,56,399,,,,,,
156,UIC,54,397,,,,,,
,Memphis,57,397,,,,,,
158,Rider,49,396,,,,,,
159,Northwestern,50,395,,,,,,
160,Boise St.,55,394,,,,,,
161,Auburn,55,393,,,,,,
,Kentucky,55,393,,,,,,
,Winthrop,53,393,,,,,,
164,Northwestern St.,53,392,,,,,,
165,Harvard,45,391,,,,,,
166,Central Conn. St.,47,390,,,,,,
,Bradley,53,390,,,,,,
,Missouri,57,390,,,,,,
169,Iona,53,389,,,,,,
,Ball St.,48,389,,,,,,
171,NC State,53,388,,,,,,
172,NIU,43,387,,,,,,
,UT Arlington,47,387,,,,,,
,Delaware,55,387,,,,,,
,Presbyterian,52,387,,,,,,
,Sacred Heart,54,387,,,,,,
177,Southern Utah,51,386,,,,,,
178,Prairie View,46,385,,,,,,
179,Manhattan,52,382,,,,,,
,Towson,51,382,,,,,,
181,Hawaii,50,381,,,,,,
,Quinnipiac,45,381,,,,,,
183,Lipscomb,51,380,,,,,,
,Southeast Mo. St.,53,380,,,,,,
185,Tulsa,53,378,,,,,,
,Providence,49,378,,,,,,
187,Binghamton,47,376,,,,,,
,FGCU,54,376,,,,,,
189,Northern Ky.,51,375,,,,,,
190,ETSU,52,374,,,,,,
191,Saint Joseph's,51,373,,,,,,
,Toledo,50,373,,,,,,
,FDU,52,373,,,,,,
194,Butler,46,372,,,,,,
195,Ga. Southern,53,371,,,,,,
,Houston,51,371,,,,,,
197,UAlbany,45,370,,,,,,
,UAB,54,370,,,,,,
199,Kent St.,50,368,,,,,,
,Howard,47,368,,,,,,
201,DePaul,50,367,,,,,,
202,Loyola Chicago,52,366,,,,,,
,Dayton,50,366,,,,,,
204,Furman,53,363,,,,,,
,Fresno St.,47,363,,,,,,
206,Valparaiso,52,362,,,,,,
,Drake,51,362,,,,,,
208,South Carolina St.,44,361,,,,,,
209,Evansville,51,360,,,,,,
210,Bethune-Cookman,49,359,,,,,,
,SIUE,58,359,,,,,,
,Monmouth,51,359,,,,,,
,Colorado St.,51,359,,,,,,
214,Seton Hall,49,357,,,,,,
,Eastern Ky.,53,357,,,,,,
216,California,52,356,,,,,,
,Penn,44,356,,,,,,
,South Alabama,59,356,,,,,,
219,BYU,51,355,,,,,,
220,Longwood,53,354,,,,,,
,San Diego,51,354,,,,,,
,Radford,51,354,,,,,,
223,Queens (NC),48,352,,,,,,
,George Washington,45,352,,,,,,
225,Santa Clara,51,351,,,,,,
,Fairfield,51,351,,,,,,
227,Boston College,51,350,,,,,,
228,North Dakota,51,346,,,,,,
,Maryland,48,346,,,,,,
,Illinois,54,346,,,,,,
,Western Ill.,46,346,,,,,,
232,Tennessee Tech,50,345,,,,,,
233,San Jose St.,48,342,,,,,,
234,IU Indy,47,341,,,,,,
235,Pacific,52,339,,,,,,
,Lafayette,52,339,,,,,,
237,Saint Peter's,51,338,,,,,,
,N.C. A&T,53,338,,,,,,
239,Wagner,50,337,,,,,,
240,Morehead St.,45,336,,,,,,
241,Norfolk St.,43,335,,,,,,
242,Columbia,45,334,,,,,,
,George Mason,51,334,,,,,,
244,Stony Brook,50,333,,,,,,
,Alcorn,50,333,,,,,,
,Villanova,53,333,,,,,,
,Siena,47,333,,,,,,
248,Georgetown,42,331,,,,,,
249,Middle Tenn.,51,329,,,,,,
250,Pittsburgh,52,328,,,,,,
,Bowling Green,49,328,,,,,,
252,Indiana St.,50,327,,,,,,
253,Rhode Island,47,324,,,,,,
,Stonehill,50,324,,,,,,
255,Grambling,43,323,,,,,,
256,Drexel,45,322,,,,,,
,Abilene Christian,48,322,,,,,,
,Yale,45,322,,,,,,
259,Massachusetts,49,321,,,,,,
260,Mount St. Mary's,48,320,,,,,,
,Canisius,44,320,,,,,,
262,Texas Southern,42,319,,,,,,
263,Morgan St.,43,318,,,,,,
264,Saint Louis,51,317,,,,,,
265,UTEP,49,316,,,,,,
266,Saint Francis,48,313,,,,,,
267,Charleston So.,51,311,,,,,,
268,Michigan St.,51,310,,,,,,
269,Minnesota,52,309,,,,,,
270,CSUN,46,308,,,,,,
271,Mercer,50,306,,,,,,
272,Kennesaw St.,50,305,,,,,,
273,Bellarmine,50,303,,,,,,
,Missouri St.,50,303,,,,,,
275,Brown,45,301,,,,,,
276,Kansas City,48,300,,,,,,
,Cal Poly,46,300,,,,,,
278,Detroit Mercy,47,299,,,,,,
,CSU Bakersfield,50,299,,,,,,
280,Ark.-Pine Bluff,46,298,,,,,,
281,Portland St.,46,297,,,,,,
,Delaware St.,46,297,,,,,,
283,Southern Ind.,47,296,,,,,,
284,Elon,51,293,,,,,,
285,Bucknell,45,289,,,,,,
286,East Texas A&M,52,288,,,,,,
287,St. Bonaventure,53,283,,,,,,
,UMES,48,283,,,,,,
289,Bryant,44,278,,,,,,
,A&M-Corpus Christi,53,278,,,,,,
,N.C. Central,48,278,,,,,,
292,Hampton,43,276,,,,,,
293,Maine,48,271,,,,,,
294,Houston Christian,47,270,,,,,,
295,Tennessee St.,40,267,,,,,,
296,Niagara,42,264,,,,,,
297,Syracuse,44,257,,,,,,
298,Dartmouth,33,256,,,,,,
299,UC Riverside,44,242,,,,,,
300,Coppin St.,36,236,,,,,,
,Holy Cross,44,236,,,,,,
302,Mississippi Val.,39,228,,,,,,
303,Merrimack,41,221,,,,,,
304,UMBC,18,120,,,,,,
Reclassifying,,,,,,,,,
NR,Le Moyne,51,332,,,,,,
NR,West Ga.,55,312,,,,,,
NR,Mercyhurst,43,307,,,,,,
NR,New Haven,45,262,,,,,,
,,,,,,,,,
NCAA Softball,,,,,,,,,
Division IRBIs Per Game,,,,,,,,,
Through Games 06/04/2026,,,,,,,,,
,,,,,,,,,
,,,,,,,,,
Rank,Name,G,RBI,PG,,,,,
1,UCLA,63,643,10.21,,,,,
2,Oklahoma,62,598,9.65,,,,,
3,Robert Morris,49,423,8.63,,,,,
4,Texas Tech,71,584,8.23,,,,,
5,Florida,64,469,7.33,,,,,
6,North Carolina,51,373,7.31,,,,,
7,Virginia Tech,60,438,7.30,,,,,
8,Indiana,59,429,7.27,,,,,
9,UNI,53,383,7.23,,,,,
10,Ohio,58,405,6.98,,,,,
11,Duke,60,415,6.92,,,,,
12,Arkansas,60,413,6.88,,,,,
13,Youngstown St.,51,346,6.78,,,,,
14,Omaha,49,328,6.69,,,,,
15,Boston U.,62,415,6.69,,,,,
16,Louisville,58,386,6.66,,,,,
17,Florida St.,62,412,6.65,,,,,
18,Arizona,55,365,6.64,,,,,
19,Arizona St.,63,413,6.56,,,,,
20,Stanford,54,350,6.48,,,,,
21,Texas A&M,57,368,6.46,,,,,
22,App State,50,321,6.42,,,,,
23,Nebraska,60,383,6.38,,,,,
24,Georgia,61,386,6.33,,,,,
25,Iowa St.,55,348,6.33,,,,,
26,Texas,65,411,6.32,,,,,
27,Nevada,59,372,6.31,,,,,
28,Penn St.,54,336,6.22,,,,,
29,Cornell,43,267,6.21,,,,,
30,Kansas,57,353,6.19,,,,,
31,Grand Canyon,64,393,6.14,,,,,
32,Oregon,55,335,6.09,,,,,
33,Miami (OH),56,341,6.09,,,,,
34,Alabama A&M,50,303,6.06,,,,,
35,Idaho St.,57,341,5.98,,,,,
36,Alabama,65,387,5.95,,,,,
37,Rutgers,54,320,5.93,,,,,
38,Ohio St.,53,312,5.89,,,,,
39,Wichita St.,52,306,5.88,,,,,
40,Jacksonville St.,61,355,5.82,,,,,
41,Western Caro.,58,337,5.81,,,,,
42,UCF,61,354,5.80,,,,,
43,NIU,43,249,5.79,,,,,
44,UT Arlington,47,272,5.79,,,,,
45,Oklahoma St.,58,335,5.78,,,,,
46,Washington,57,328,5.75,,,,,
47,Michigan,58,333,5.74,,,,,
48,Purdue,54,310,5.74,,,,,
49,Northwestern,50,287,5.74,,,,,
50,UIW,54,309,5.72,,,,,
51,St. Thomas (MN),53,303,5.72,,,,,
52,Creighton,59,336,5.69,,,,,
53,Stetson,59,334,5.66,,,,,
54,Princeton,49,275,5.61,,,,,
55,USC Upstate,61,341,5.59,,,,,
56,UConn,60,334,5.57,,,,,
57,Butler,46,255,5.54,,,,,
58,North Ala.,52,288,5.54,,,,,
59,Utah,56,309,5.52,,,,,
60,Campbell,57,314,5.51,,,,,
61,Wofford,54,297,5.50,,,,,
62,Central Ark.,57,313,5.49,,,,,
63,Central Mich.,49,267,5.45,,,,,
64,Virginia,55,299,5.44,,,,,
65,Providence,49,264,5.39,,,,,
66,Buffalo,56,301,5.38,,,,,
,Ball St.,48,258,5.38,,,,,
68,Colgate,55,295,5.36,,,,,
69,Austin Peay,54,289,5.35,,,,,
70,Tarleton St.,61,326,5.34,,,,,
71,Gardner-Webb,57,304,5.33,,,,,
,Florida A&M,54,288,5.33,,,,,
73,Georgia Tech,61,325,5.33,,,,,
74,Auburn,55,293,5.33,,,,,
75,James Madison,51,271,5.31,,,,,
76,New Mexico St.,54,286,5.30,,,,,
,Utah Valley,54,286,5.30,,,,,
78,Prairie View,46,242,5.26,,,,,
79,North Dakota St.,50,263,5.26,,,,,
80,Central Conn. St.,47,247,5.26,,,,,
81,Binghamton,47,246,5.23,,,,,
82,Western Ky.,53,277,5.23,,,,,
83,UNC Greensboro,62,324,5.23,,,,,
84,Ole Miss,62,323,5.21,,,,,
85,Jackson St.,48,250,5.21,,,,,
86,Wisconsin,54,281,5.20,,,,,
87,Seattle U,51,265,5.20,,,,,
88,McNeese,62,321,5.18,,,,,
89,LSU,59,305,5.17,,,,,
90,South Carolina St.,44,227,5.16,,,,,
91,UC San Diego,51,263,5.16,,,,,
92,Cal St. Fullerton,56,288,5.14,,,,,
93,Akron,60,308,5.13,,,,,
94,Southeastern La.,62,318,5.13,,,,,
95,Green Bay,47,240,5.11,,,,,
96,Fla. Atlantic,54,275,5.09,,,,,
97,Lehigh,54,272,5.04,,,,,
98,Southern Ill.,51,256,5.02,,,,,
99,Rider,49,245,5.00,,,,,
,Nicholls,54,270,5.00,,,,,
,Lamar University,58,290,5.00,,,,,
,South Dakota St.,59,295,5.00,,,,,
,Marist,58,290,5.00,,,,,
,Howard,47,235,5.00,,,,,
105,Charlotte,58,289,4.98,,,,,
106,Clemson,56,279,4.98,,,,,
107,California Baptist,62,308,4.97,,,,,
108,UNLV,53,262,4.94,,,,,
109,Western Mich.,55,271,4.93,,,,,
110,Drexel,45,221,4.91,,,,,
111,Illinois St.,51,250,4.90,,,,,
112,Coastal Carolina,57,278,4.88,,,,,
113,Iowa,54,263,4.87,,,,,
114,NC State,53,258,4.87,,,,,
115,FIU,52,253,4.87,,,,,
116,Northern Colo.,51,248,4.86,,,,,
117,Tennessee,61,295,4.84,,,,,
118,Harvard,45,217,4.82,,,,,
119,North Texas,56,269,4.80,,,,,
120,Montana,54,259,4.80,,,,,
121,SFA,56,268,4.79,,,,,
122,Eastern Ill.,59,282,4.78,,,,,
123,Long Beach St.,54,257,4.76,,,,,
124,Louisiana,56,266,4.75,,,,,
125,Jacksonville,55,261,4.75,,,,,
126,Saint Mary's (CA),58,273,4.71,,,,,
127,Oregon St.,53,249,4.70,,,,,
128,Alabama St.,56,263,4.70,,,,,
,Lindenwood,56,263,4.70,,,,,
130,New Mexico,55,258,4.69,,,,,
131,Sacramento St.,53,248,4.68,,,,,
132,North Florida,61,285,4.67,,,,,
133,Penn,44,205,4.66,,,,,
134,UC Santa Barbara,57,265,4.65,,,,,
135,Belmont,54,251,4.65,,,,,
136,Southern U.,52,241,4.63,,,,,
137,Marshall,57,264,4.63,,,,,
138,Troy,54,250,4.63,,,,,
,Hofstra,54,250,4.63,,,,,
140,Houston,51,236,4.63,,,,,
141,Quinnipiac,45,206,4.58,,,,,
142,Texas Southern,42,192,4.57,,,,,
143,Hawaii,50,227,4.54,,,,,
144,Samford,59,267,4.53,,,,,
145,Dartmouth,33,149,4.52,,,,,
146,UAlbany,45,203,4.51,,,,,
147,Fairfield,51,230,4.51,,,,,
148,Bradley,53,239,4.51,,,,,
149,Delaware,55,248,4.51,,,,,
150,Norfolk St.,43,193,4.49,,,,,
151,Notre Dame,53,237,4.47,,,,,
,Winthrop,53,237,4.47,,,,,
153,Oakland,49,219,4.47,,,,,
154,LMU (CA),52,232,4.46,,,,,
155,South Carolina,60,267,4.45,,,,,
156,Kent St.,50,222,4.44,,,,,
157,Boise St.,55,244,4.44,,,,,
158,Columbia,45,199,4.42,,,,,
159,Liberty,57,251,4.40,,,,,
160,LIU,56,245,4.38,,,,,
161,Fordham,55,240,4.36,,,,,
162,Army West Point,58,253,4.36,,,,,
163,Towson,51,222,4.35,,,,,
164,Utah Tech,53,230,4.34,,,,,
165,St. John's (NY),55,238,4.33,,,,,
166,Murray St.,52,225,4.33,,,,,
167,Georgia St.,56,242,4.32,,,,,
168,UMass Lowell,54,232,4.30,,,,,
169,Chattanooga,55,236,4.29,,,,,
170,UMBC,18,77,4.28,,,,,
171,Louisiana Tech,56,239,4.27,,,,,
,Sam Houston,56,239,4.27,,,,,
173,Texas St.,61,259,4.25,,,,,
174,Southern Miss.,57,242,4.25,,,,,
175,Bowling Green,49,207,4.22,,,,,
176,Middle Tenn.,51,215,4.22,,,,,
177,California,52,219,4.21,,,,,
178,Mississippi St.,64,269,4.20,,,,,
179,San Diego St.,50,210,4.20,,,,,
180,BYU,51,214,4.20,,,,,
181,Kentucky,55,230,4.18,,,,,
182,UNCW,51,213,4.18,,,,,
183,Northwestern St.,53,221,4.17,,,,,
184,Evansville,51,212,4.16,,,,,
185,George Washington,45,187,4.16,,,,,
186,Saint Joseph's,51,211,4.14,,,,,
187,Iona,53,219,4.13,,,,,
188,UIC,54,223,4.13,,,,,
189,Colorado St.,51,209,4.10,,,,,
190,Longwood,53,214,4.04,,,,,
,Tulsa,53,214,4.04,,,,,
192,ETSU,52,208,4.00,,,,,
193,South Fla.,61,243,3.98,,,,,
194,Baylor,58,230,3.97,,,,,
195,UT Martin,54,214,3.96,,,,,
196,DePaul,50,198,3.96,,,,,
,Dayton,50,198,3.96,,,,,
198,Brown,45,178,3.96,,,,,
199,Georgetown,42,166,3.95,,,,,
200,Missouri,57,225,3.95,,,,,
201,Utah St.,54,213,3.94,,,,,
202,Presbyterian,52,204,3.92,,,,,
203,Yale,45,176,3.91,,,,,
204,Grambling,43,168,3.91,,,,,
205,Southeast Mo. St.,53,207,3.91,,,,,
206,George Mason,51,199,3.90,,,,,
,North Dakota,51,199,3.90,,,,,
,Southern Utah,51,199,3.90,,,,,
209,Memphis,57,222,3.89,,,,,
210,Delaware St.,46,179,3.89,,,,,
211,Coppin St.,36,140,3.89,,,,,
212,Eastern Ky.,53,206,3.89,,,,,
213,Seton Hall,49,190,3.88,,,,,
214,Maryland,48,186,3.88,,,,,
215,Fresno St.,47,182,3.87,,,,,
216,Valparaiso,52,201,3.87,,,,,
217,UTSA,57,220,3.86,,,,,
218,Detroit Mercy,47,180,3.83,,,,,
219,Western Ill.,46,176,3.83,,,,,
220,Saint Louis,51,195,3.82,,,,,
,Monmouth,51,195,3.82,,,,,
222,N.C. A&T,53,201,3.79,,,,,
223,Morgan St.,43,163,3.79,,,,,
224,Drake,51,193,3.78,,,,,
225,Alcorn,50,189,3.78,,,,,
,Toledo,50,189,3.78,,,,,
227,Queens (NC),48,181,3.77,,,,,
228,FDU,52,195,3.75,,,,,
229,Northern Ky.,51,191,3.75,,,,,
230,Ark.-Pine Bluff,46,172,3.74,,,,,
231,Bethune-Cookman,49,183,3.73,,,,,
232,Tennessee Tech,50,186,3.72,,,,,
233,Manhattan,52,193,3.71,,,,,
234,Santa Clara,51,189,3.71,,,,,
235,Canisius,44,163,3.70,,,,,
,Bryant,44,163,3.70,,,,,
237,Maine,48,177,3.69,,,,,
,Saint Francis,48,177,3.69,,,,,
239,Missouri St.,50,184,3.68,,,,,
240,Ga. Southern,53,195,3.68,,,,,
241,UC Davis,54,198,3.67,,,,,
242,IU Indy,47,172,3.66,,,,,
243,Pittsburgh,52,190,3.65,,,,,
244,Col. of Charleston,60,219,3.65,,,,,
245,Loyola Chicago,52,189,3.63,,,,,
246,FGCU,54,195,3.61,,,,,
247,Wagner,50,180,3.60,,,,,
248,Boston College,51,183,3.59,,,,,
249,Furman,53,188,3.55,,,,,
250,Weber St.,56,197,3.52,,,,,
251,Michigan St.,51,179,3.51,,,,,
252,Mercer,50,175,3.50,,,,,
,UAB,54,189,3.50,,,,,
254,Lafayette,52,181,3.48,,,,,
255,San Jose St.,48,166,3.46,,,,,
256,Abilene Christian,48,165,3.44,,,,,
257,Sacred Heart,54,185,3.43,,,,,
258,Stony Brook,50,171,3.42,,,,,
259,Syracuse,44,150,3.41,,,,,
260,Bucknell,45,153,3.40,,,,,
261,ULM,58,197,3.40,,,,,
262,Villanova,53,180,3.40,,,,,
263,SIUE,58,194,3.34,,,,,
264,Siena,47,157,3.34,,,,,
265,San Diego,51,170,3.33,,,,,
266,Rhode Island,47,156,3.32,,,,,
267,Illinois,54,179,3.31,,,,,
268,Stonehill,50,165,3.30,,,,,
269,South Alabama,59,194,3.29,,,,,
270,Morehead St.,45,147,3.27,,,,,
271,Portland St.,46,150,3.26,,,,,
272,East Carolina,59,192,3.25,,,,,
273,UTEP,49,159,3.24,,,,,
274,South Dakota,58,188,3.24,,,,,
275,Pacific,52,168,3.23,,,,,
276,UMES,48,155,3.23,,,,,
277,Mount St. Mary's,48,153,3.19,,,,,
278,Indiana St.,50,159,3.18,,,,,
279,Tennessee St.,40,127,3.18,,,,,
280,CSUN,46,146,3.17,,,,,
281,Niagara,42,133,3.17,,,,,
282,Massachusetts,49,154,3.14,,,,,
283,Lipscomb,51,160,3.14,,,,,
284,Merrimack,41,125,3.05,,,,,
285,Elon,51,155,3.04,,,,,
286,Radford,51,151,2.96,,,,,
287,Southern Ind.,47,139,2.96,,,,,
288,Kansas City,48,141,2.94,,,,,
289,N.C. Central,48,139,2.90,,,,,
290,Saint Peter's,51,139,2.73,,,,,
291,Kennesaw St.,50,136,2.72,,,,,
292,Charleston So.,51,138,2.71,,,,,
293,Bellarmine,50,135,2.70,,,,,
294,Holy Cross,44,115,2.61,,,,,
295,Hampton,43,111,2.58,,,,,
296,Minnesota,52,133,2.56,,,,,
297,CSU Bakersfield,50,126,2.52,,,,,
298,East Texas A&M,52,128,2.46,,,,,
299,Cal Poly,46,113,2.46,,,,,
300,A&M-Corpus Christi,53,123,2.32,,,,,
301,UC Riverside,44,102,2.32,,,,,
302,Houston Christian,47,105,2.23,,,,,
303,Mississippi Val.,39,85,2.18,,,,,
304,St. Bonaventure,53,108,2.04,,,,,
Reclassifying,,,,,,,,,
NR,Le Moyne,51,184,3.61,,,,,
NR,Mercyhurst,43,152,3.53,,,,,
NR,West Ga.,55,184,3.35,,,,,
NR,New Haven,45,115,2.56,,,,,
,,,,,,,,,
NCAA Softball,,,,,,,,,
Division IBatting Average,,,,,,,,,
Through Games 06/04/2026,,,,,,,,,
,,,,,,,,,
,,,,,,,,,
Rank,Name,G,AB,H,BA,,,,
1,Oklahoma,62,1666,639,0.384,,,,
2,UCLA,63,1706,647,0.379,,,,
3,Robert Morris,49,1467,547,0.373,,,,
4,Texas Tech,71,1828,679,0.371,,,,
5,Florida,64,1738,618,0.356,,,,
6,Duke,60,1656,587,0.354,,,,
7,Florida St.,62,1623,567,0.349,,,,
8,Georgia,61,1585,553,0.349,,,,
9,North Carolina,51,1379,480,0.348,,,,
10,Princeton,49,1393,484,0.347,,,,
11,Virginia Tech,60,1653,573,0.347,,,,
12,Cornell,43,1176,407,0.346,,,,
13,Indiana,59,1513,523,0.346,,,,
14,Louisville,58,1583,547,0.346,,,,
15,Nevada,59,1686,579,0.343,,,,
16,Texas A&M,57,1481,504,0.340,,,,
17,Arizona,55,1405,478,0.340,,,,
18,Arkansas,60,1537,522,0.340,,,,
19,Southeastern La.,62,1619,547,0.338,,,,
20,Youngstown St.,51,1404,473,0.337,,,,
21,Cal St. Fullerton,56,1482,499,0.337,,,,
22,Boston U.,62,1638,550,0.336,,,,
23,Texas,65,1721,577,0.335,,,,
24,Utah Valley,54,1476,494,0.335,,,,
25,Ohio,58,1572,525,0.334,,,,
26,Miami (OH),56,1552,514,0.331,,,,
27,Western Ky.,53,1374,453,0.330,,,,
28,USC Upstate,61,1591,524,0.329,,,,
29,Stanford,54,1477,484,0.328,,,,
30,Prairie View,46,1175,385,0.328,,,,
31,Kansas,57,1468,481,0.328,,,,
32,UC Santa Barbara,57,1574,513,0.326,,,,
33,NIU,43,1189,387,0.325,,,,
34,Arizona St.,63,1691,550,0.325,,,,
35,UIW,54,1390,452,0.325,,,,
36,Iowa St.,55,1483,482,0.325,,,,
37,Nebraska,60,1659,539,0.325,,,,
38,Alabama A&M,50,1342,436,0.325,,,,
39,Central Mich.,49,1383,449,0.325,,,,
40,UNI,53,1483,481,0.324,,,,
41,Oregon,55,1460,473,0.324,,,,
42,Washington,57,1547,501,0.324,,,,
43,Gardner-Webb,57,1576,510,0.324,,,,
44,Campbell,57,1496,484,0.324,,,,
45,Idaho St.,57,1470,475,0.323,,,,
46,Jackson St.,48,1265,408,0.323,,,,
47,Alabama,65,1641,526,0.321,,,,
48,UCF,61,1550,496,0.320,,,,
49,FIU,52,1399,445,0.318,,,,
50,Wofford,54,1428,454,0.318,,,,
51,McNeese,62,1575,500,0.317,,,,
52,Purdue,54,1409,447,0.317,,,,
53,Omaha,49,1272,403,0.317,,,,
54,Green Bay,47,1266,401,0.317,,,,
55,LMU (CA),52,1440,455,0.316,,,,
56,Troy,54,1418,447,0.315,,,,
57,Florida A&M,54,1419,447,0.315,,,,
58,Creighton,59,1581,498,0.315,,,,
59,Wichita St.,52,1409,443,0.314,,,,
60,Grand Canyon,64,1626,510,0.314,,,,
61,Western Caro.,58,1609,504,0.313,,,,
62,Stetson,59,1568,491,0.313,,,,
63,UC San Diego,51,1351,423,0.313,,,,
64,Oklahoma St.,58,1493,466,0.312,,,,
65,San Diego St.,50,1317,411,0.312,,,,
66,Quinnipiac,45,1223,381,0.312,,,,
67,Binghamton,47,1207,376,0.312,,,,
68,Tarleton St.,61,1583,493,0.311,,,,
69,UNCW,51,1395,434,0.311,,,,
70,Oakland,49,1312,407,0.310,,,,
71,St. John's (NY),55,1548,479,0.309,,,,
72,Buffalo,56,1516,469,0.309,,,,
73,Central Conn. St.,47,1262,390,0.309,,,,
74,Central Ark.,57,1445,446,0.309,,,,
75,James Madison,51,1397,431,0.309,,,,
76,Michigan,58,1581,487,0.308,,,,
77,North Ala.,52,1385,426,0.308,,,,
78,UAlbany,45,1203,370,0.308,,,,
79,Marist,58,1527,469,0.307,,,,
80,Seattle U,51,1443,443,0.307,,,,
81,Georgia Tech,61,1590,488,0.307,,,,
82,South Carolina St.,44,1177,361,0.307,,,,
83,Notre Dame,53,1402,430,0.307,,,,
84,New Mexico St.,54,1464,449,0.307,,,,
85,Utah Tech,53,1383,424,0.307,,,,
86,Ohio St.,53,1341,411,0.306,,,,
87,Saint Mary's (CA),58,1528,468,0.306,,,,
88,Rutgers,54,1422,435,0.306,,,,
89,Howard,47,1204,368,0.306,,,,
90,Northern Colo.,51,1370,418,0.305,,,,
91,Wisconsin,54,1387,423,0.305,,,,
92,Long Beach St.,54,1430,436,0.305,,,,
93,Lindenwood,56,1542,470,0.305,,,,
94,App State,50,1316,401,0.305,,,,
95,North Dakota St.,50,1395,425,0.305,,,,
96,South Dakota St.,59,1586,483,0.305,,,,
97,UNLV,53,1366,416,0.305,,,,
98,Southern U.,52,1340,408,0.304,,,,
99,Harvard,45,1286,391,0.304,,,,
100,Jacksonville St.,61,1651,501,0.303,,,,
101,Penn,44,1175,356,0.303,,,,
102,Utah,56,1449,439,0.303,,,,
103,Texas Southern,42,1055,319,0.302,,,,
104,North Florida,61,1548,468,0.302,,,,
105,SFA,56,1536,464,0.302,,,,
106,Sacramento St.,53,1376,415,0.302,,,,
107,Charlotte,58,1497,451,0.301,,,,
108,Penn St.,54,1411,425,0.301,,,,
109,Nicholls,54,1427,429,0.301,,,,
110,California Baptist,62,1601,480,0.300,,,,
111,Butler,46,1241,372,0.300,,,,
112,Chattanooga,55,1414,423,0.299,,,,
113,St. Thomas (MN),53,1428,427,0.299,,,,
114,Northwestern,50,1321,395,0.299,,,,
115,UNC Greensboro,62,1627,486,0.299,,,,
116,UT Arlington,47,1297,387,0.298,,,,
117,Louisiana,56,1426,425,0.298,,,,
118,Lehigh,54,1498,446,0.298,,,,
119,Southern Ill.,51,1381,411,0.298,,,,
120,Georgia St.,56,1541,458,0.297,,,,
121,Rider,49,1333,396,0.297,,,,
122,Providence,49,1274,378,0.297,,,,
123,Dartmouth,33,863,256,0.297,,,,
124,Ball St.,48,1313,389,0.296,,,,
125,Eastern Ill.,59,1592,471,0.296,,,,
126,North Texas,56,1520,448,0.295,,,,
127,Ole Miss,62,1629,480,0.295,,,,
128,UTSA,57,1508,444,0.294,,,,
129,Montana,54,1435,422,0.294,,,,
130,UIC,54,1351,397,0.294,,,,
131,Fla. Atlantic,54,1389,408,0.294,,,,
132,Louisiana Tech,56,1497,439,0.293,,,,
133,Grambling,43,1103,323,0.293,,,,
134,Bethune-Cookman,49,1227,359,0.293,,,,
135,NC State,53,1327,388,0.292,,,,
136,South Fla.,61,1563,457,0.292,,,,
137,Western Mich.,55,1457,426,0.292,,,,
138,Norfolk St.,43,1147,335,0.292,,,,
139,Illinois St.,51,1425,416,0.292,,,,
140,Army West Point,58,1552,453,0.292,,,,
141,Austin Peay,54,1453,424,0.292,,,,
142,Morgan St.,43,1090,318,0.292,,,,
143,Alabama St.,56,1445,420,0.291,,,,
144,Belmont,54,1432,416,0.291,,,,
145,FDU,52,1284,373,0.290,,,,
146,Akron,60,1603,465,0.290,,,,
147,UMBC,18,414,120,0.290,,,,
148,Hofstra,54,1429,414,0.290,,,,
149,Fresno St.,47,1254,363,0.289,,,,
150,Hawaii,50,1317,381,0.289,,,,
151,UConn,60,1554,448,0.288,,,,
152,Southern Utah,51,1339,386,0.288,,,,
153,Northern Ky.,51,1301,375,0.288,,,,
154,Virginia,55,1416,408,0.288,,,,
155,Oregon St.,53,1439,414,0.288,,,,
156,Weber St.,56,1499,431,0.288,,,,
157,LSU,59,1531,439,0.287,,,,
158,Murray St.,52,1412,404,0.286,,,,
159,Clemson,56,1423,407,0.286,,,,
160,New Mexico,55,1441,412,0.286,,,,
161,DePaul,50,1284,367,0.286,,,,
162,UT Martin,54,1443,412,0.286,,,,
163,LIU,56,1408,402,0.286,,,,
164,Jacksonville,55,1412,403,0.285,,,,
165,Georgetown,42,1160,331,0.285,,,,
166,Northwestern St.,53,1374,392,0.285,,,,
167,Utah St.,54,1438,410,0.285,,,,
168,Kent St.,50,1291,368,0.285,,,,
169,Western Ill.,46,1214,346,0.285,,,,
170,Fordham,55,1516,432,0.285,,,,
171,Liberty,57,1492,424,0.284,,,,
172,Southern Miss.,57,1459,414,0.284,,,,
173,Winthrop,53,1386,393,0.284,,,,
174,Samford,59,1538,436,0.283,,,,
175,Houston,51,1309,371,0.283,,,,
176,George Washington,45,1243,352,0.283,,,,
177,Memphis,57,1402,397,0.283,,,,
178,Presbyterian,52,1367,387,0.283,,,,
179,Auburn,55,1389,393,0.283,,,,
180,Iowa,54,1439,407,0.283,,,,
181,South Carolina,60,1523,430,0.282,,,,
182,Lipscomb,51,1346,380,0.282,,,,
183,UC Davis,54,1469,414,0.282,,,,
184,Texas St.,61,1561,439,0.281,,,,
185,Tennessee,61,1519,427,0.281,,,,
186,Lamar University,58,1530,430,0.281,,,,
187,Sam Houston,56,1420,399,0.281,,,,
188,Coastal Carolina,57,1457,409,0.281,,,,
189,IU Indy,47,1215,341,0.281,,,,
190,Queens (NC),48,1257,352,0.280,,,,
191,BYU,51,1269,355,0.280,,,,
192,Dayton,50,1309,366,0.280,,,,
193,UMass Lowell,54,1430,399,0.279,,,,
194,Drexel,45,1156,322,0.279,,,,
195,Iona,53,1397,389,0.278,,,,
196,Marshall,57,1462,406,0.278,,,,
197,Delaware,55,1394,387,0.278,,,,
198,Colgate,55,1449,402,0.277,,,,
199,Baylor,58,1481,409,0.276,,,,
200,Southeast Mo. St.,53,1376,380,0.276,,,,
201,Kentucky,55,1424,393,0.276,,,,
202,Fairfield,51,1272,351,0.276,,,,
203,Yale,45,1167,322,0.276,,,,
204,Maryland,48,1254,346,0.276,,,,
205,Seton Hall,49,1294,357,0.276,,,,
206,Towson,51,1385,382,0.276,,,,
207,Canisius,44,1162,320,0.275,,,,
208,ULM,58,1522,419,0.275,,,,
209,Saint Joseph's,51,1355,373,0.275,,,,
210,Colorado St.,51,1305,359,0.275,,,,
211,San Jose St.,48,1244,342,0.275,,,,
212,Boise St.,55,1435,394,0.275,,,,
213,Toledo,50,1360,373,0.274,,,,
214,Furman,53,1325,363,0.274,,,,
215,Valparaiso,52,1322,362,0.274,,,,
216,Manhattan,52,1397,382,0.273,,,,
217,Alcorn,50,1222,333,0.273,,,,
218,ETSU,52,1374,374,0.272,,,,
219,Mississippi St.,64,1618,440,0.272,,,,
220,Bradley,53,1436,390,0.272,,,,
221,Monmouth,51,1322,359,0.272,,,,
222,Columbia,45,1230,334,0.272,,,,
223,Ga. Southern,53,1367,371,0.271,,,,
224,Col. of Charleston,60,1549,419,0.270,,,,
225,Abilene Christian,48,1191,322,0.270,,,,
226,California,52,1317,356,0.270,,,,
227,Rhode Island,47,1200,324,0.270,,,,
228,Evansville,51,1338,360,0.269,,,,
229,Eastern Ky.,53,1327,357,0.269,,,,
230,Wagner,50,1253,337,0.269,,,,
231,South Dakota,58,1532,412,0.269,,,,
232,Longwood,53,1318,354,0.269,,,,
233,East Carolina,59,1497,402,0.269,,,,
234,Radford,51,1320,354,0.268,,,,
235,Santa Clara,51,1309,351,0.268,,,,
236,FGCU,54,1403,376,0.268,,,,
237,Drake,51,1351,362,0.268,,,,
238,Boston College,51,1308,350,0.268,,,,
239,Ark.-Pine Bluff,46,1115,298,0.267,,,,
240,Brown,45,1134,301,0.265,,,,
241,UAB,54,1394,370,0.265,,,,
242,Tennessee Tech,50,1301,345,0.265,,,,
243,Siena,47,1257,333,0.265,,,,
244,Tulsa,53,1427,378,0.265,,,,
245,Missouri,57,1473,390,0.265,,,,
246,Delaware St.,46,1124,297,0.264,,,,
247,Morehead St.,45,1273,336,0.264,,,,
248,Loyola Chicago,52,1387,366,0.264,,,,
249,San Diego,51,1342,354,0.264,,,,
250,CSUN,46,1169,308,0.263,,,,
251,Mount St. Mary's,48,1216,320,0.263,,,,
252,North Dakota,51,1317,346,0.263,,,,
253,Sacred Heart,54,1476,387,0.262,,,,
254,Bryant,44,1063,278,0.262,,,,
255,Stonehill,50,1239,324,0.262,,,,
256,Massachusetts,49,1228,321,0.261,,,,
257,Saint Francis,48,1204,313,0.260,,,,
258,Hampton,43,1062,276,0.260,,,,
259,Bowling Green,49,1263,328,0.260,,,,
260,UTEP,49,1219,316,0.259,,,,
261,Indiana St.,50,1262,327,0.259,,,,
262,SIUE,58,1389,359,0.258,,,,
263,Bucknell,45,1119,289,0.258,,,,
264,Tennessee St.,40,1035,267,0.258,,,,
265,Saint Peter's,51,1313,338,0.257,,,,
266,Cal Poly,46,1167,300,0.257,,,,
267,Coppin St.,36,926,236,0.255,,,,
268,Stony Brook,50,1309,333,0.254,,,,
269,George Mason,51,1316,334,0.254,,,,
270,Middle Tenn.,51,1301,329,0.253,,,,
271,Niagara,42,1044,264,0.253,,,,
272,Lafayette,52,1341,339,0.253,,,,
,Pacific,52,1341,339,0.253,,,,
274,Pittsburgh,52,1299,328,0.253,,,,
275,Mississippi Val.,39,903,228,0.252,,,,
276,Mercer,50,1212,306,0.252,,,,
277,Illinois,54,1376,346,0.251,,,,
278,Kansas City,48,1198,300,0.250,,,,
279,Missouri St.,50,1210,303,0.250,,,,
,Bellarmine,50,1210,303,0.250,,,,
281,South Alabama,59,1425,356,0.250,,,,
282,Southern Ind.,47,1186,296,0.250,,,,
283,Portland St.,46,1192,297,0.249,,,,
284,Villanova,53,1339,333,0.249,,,,
285,N.C. A&T,53,1364,338,0.248,,,,
286,Charleston So.,51,1256,311,0.248,,,,
287,CSU Bakersfield,50,1211,299,0.247,,,,
288,Kennesaw St.,50,1255,305,0.243,,,,
289,Saint Louis,51,1306,317,0.243,,,,
290,Detroit Mercy,47,1233,299,0.242,,,,
291,Michigan St.,51,1279,310,0.242,,,,
292,N.C. Central,48,1147,278,0.242,,,,
293,Houston Christian,47,1123,270,0.240,,,,
294,Minnesota,52,1300,309,0.238,,,,
295,UMES,48,1192,283,0.237,,,,
296,East Texas A&M,52,1216,288,0.237,,,,
297,Syracuse,44,1093,257,0.235,,,,
298,Elon,51,1256,293,0.233,,,,
299,Maine,48,1178,271,0.230,,,,
300,UC Riverside,44,1066,242,0.227,,,,
301,St. Bonaventure,53,1267,283,0.223,,,,
302,Holy Cross,44,1057,236,0.223,,,,
303,A&M-Corpus Christi,53,1252,278,0.222,,,,
304,Merrimack,41,1027,221,0.215,,,,
Reclassifying,,,,,,,,,
NR,Mercyhurst,43,1110,307,0.277,,,,
NR,Le Moyne,51,1304,332,0.255,,,,
NR,New Haven,45,1132,262,0.231,,,,
NR,West Ga.,55,1370,312,0.228,,,,
,,,,,,,,,
NCAA Softball,,,,,,,,,
Division IEarned Run Average,,,,,,,,,
Through Games 06/04/2026,,,,,,,,,
,,,,,,,,,
,,,,,,,,,
Rank,Name,G,IP,R,ER,ERA,,,
1,Tennessee,61,401.0,110,84,1.47,,,
2,Alabama,65,419.0,108,94,1.57,,,
3,Southeastern La.,62,395.0,120,95,1.68,,,
4,Nebraska,60,400.1,131,107,1.87,,,
5,Belmont,54,360.0,126,100,1.94,,,
6,UNC Greensboro,62,410.0,178,131,2.24,,,
7,Texas Tech,71,424.2,169,136,2.24,,,
8,Texas,65,419.0,170,143,2.39,,,
9,Mississippi St.,64,420.1,160,145,2.41,,,
10,Texas St.,61,417.0,178,146,2.45,,,
11,Omaha,49,305.0,136,107,2.46,,,
12,Grand Canyon,64,425.0,182,150,2.47,,,
13,Western Ky.,53,342.1,162,126,2.58,,,
14,ULM,58,399.2,174,151,2.64,,,
15,Texas Southern,42,272.2,132,106,2.72,,,
16,Arkansas,60,367.2,169,143,2.72,,,
17,LSU,59,388.2,176,152,2.74,,,
18,Virginia Tech,60,378.1,182,151,2.79,,,
19,Utah,56,359.1,208,144,2.81,,,
20,Florida St.,62,393.1,166,158,2.81,,,
21,South Fla.,61,415.1,192,169,2.85,,,
22,LMU (CA),52,351.2,177,144,2.87,,,
23,Southern Ill.,51,339.2,173,141,2.91,,,
24,Florida,64,406.2,196,169,2.91,,,
25,UNCW,51,339.2,169,142,2.93,,,
26,St. Thomas (MN),53,344.0,193,147,2.99,,,
27,South Alabama,59,387.2,210,166,3.00,,,
28,Troy,54,353.0,193,152,3.01,,,
29,Cal St. Fullerton,56,372.2,194,164,3.08,,,
30,California Baptist,62,410.1,207,181,3.09,,,
31,Oklahoma,62,369.0,183,163,3.09,,,
32,Virginia,55,363.2,193,162,3.12,,,
33,Army West Point,58,378.0,220,169,3.13,,,
34,North Florida,61,387.1,212,174,3.14,,,
35,South Carolina,60,387.0,210,174,3.15,,,
36,Southern U.,52,337.2,211,153,3.17,,,
37,North Ala.,52,335.1,189,152,3.17,,,
38,George Washington,45,310.0,192,141,3.18,,,
39,Georgia,61,377.0,195,173,3.21,,,
40,Iona,53,349.0,193,161,3.23,,,
41,Fla. Atlantic,54,353.0,176,164,3.25,,,
42,Hawaii,50,327.0,182,152,3.25,,,
43,Arizona St.,63,409.2,254,192,3.28,,,
44,UCF,61,394.2,224,185,3.28,,,
45,Marshall,57,377.0,213,179,3.32,,,
46,Campbell,57,362.0,221,172,3.33,,,
47,Radford,51,331.1,188,158,3.34,,,
48,Indiana,59,369.2,208,177,3.35,,,
49,Washington,57,366.2,211,176,3.36,,,
50,Princeton,49,322.1,176,155,3.37,,,
51,East Carolina,59,400.1,225,193,3.37,,,
52,Saint Mary's (CA),58,382.1,211,185,3.39,,,
53,Saint Louis,51,336.2,211,163,3.39,,,
54,Howard,47,293.0,181,142,3.39,,,
55,Miami (OH),56,372.1,232,182,3.42,,,
56,Nicholls,54,346.1,207,170,3.44,,,
57,Saint Joseph's,51,343.2,215,169,3.44,,,
58,Oklahoma St.,58,376.0,216,185,3.44,,,
59,Missouri,57,383.1,225,189,3.45,,,
60,St. John's (NY),55,367.0,235,181,3.45,,,
61,Jacksonville St.,61,400.1,220,198,3.46,,,
62,Clemson,56,359.2,218,178,3.46,,,
63,Siena,47,319.0,172,158,3.47,,,
64,Hofstra,54,348.1,209,174,3.50,,,
65,Sacramento St.,53,349.0,221,176,3.53,,,
66,UT Martin,54,364.1,203,184,3.54,,,
67,Oregon,55,362.2,212,184,3.55,,,
68,Boston U.,62,387.1,216,199,3.60,,,
69,George Mason,51,344.0,211,177,3.60,,,
70,Fordham,55,370.2,223,191,3.61,,,
71,Dayton,50,329.2,211,170,3.61,,,
72,Lindenwood,56,378.0,240,195,3.61,,,
73,Fairfield,51,330.1,202,172,3.64,,,
74,SFA,56,366.1,232,191,3.65,,,
75,Louisiana,56,360.1,243,189,3.67,,,
76,Santa Clara,51,336.1,229,178,3.70,,,
77,Texas A&M,57,364.2,225,193,3.70,,,
78,Austin Peay,54,343.2,226,183,3.73,,,
79,Norfolk St.,43,282.1,211,151,3.74,,,
80,Georgia St.,56,372.0,247,199,3.74,,,
81,Louisville,58,385.0,252,206,3.75,,,
82,Purdue,54,339.1,229,182,3.75,,,
83,Louisiana Tech,56,372.0,226,200,3.76,,,
84,Murray St.,52,345.2,218,186,3.77,,,
85,Stanford,54,360.1,220,195,3.79,,,
86,Columbia,45,304.2,193,165,3.79,,,
87,Georgia Tech,61,393.2,245,214,3.81,,,
88,FIU,52,346.2,206,189,3.82,,,
89,Wichita St.,52,340.2,222,187,3.84,,,
90,Jacksonville,55,365.2,245,201,3.85,,,
91,UC Davis,54,376.0,250,207,3.85,,,
92,Prairie View,46,287.1,190,159,3.87,,,
93,Northwestern,50,315.2,212,175,3.88,,,
94,UMass Lowell,54,347.1,234,193,3.89,,,
95,Fresno St.,47,316.1,222,176,3.89,,,
96,UIW,54,330.1,220,184,3.90,,,
97,Delaware,55,352.1,248,197,3.91,,,
98,Florida A&M,54,343.1,269,194,3.96,,,
99,ETSU,52,341.2,237,194,3.97,,,
100,UC Santa Barbara,57,368.0,257,209,3.98,,,
101,Sacred Heart,54,367.2,248,209,3.98,,,
102,Central Ark.,57,358.2,238,204,3.98,,,
103,Kansas,57,356.2,249,203,3.98,,,
104,Nevada,59,388.1,251,222,4.00,,,
105,Stony Brook,50,325.1,233,186,4.00,,,
106,North Dakota,51,324.1,224,186,4.01,,,
107,Marist,58,372.2,277,214,4.02,,,
108,Towson,51,342.1,263,197,4.03,,,
109,Ga. Southern,53,341.1,241,198,4.06,,,
110,Indiana St.,50,315.1,234,184,4.08,,,
111,Eastern Ky.,53,347.0,238,203,4.10,,,
112,Southern Miss.,57,373.2,252,219,4.10,,,
113,UAlbany,45,293.0,195,172,4.11,,,
114,Idaho St.,57,360.0,241,212,4.12,,,
115,Long Beach St.,54,358.0,256,211,4.13,,,
116,SIUE,58,369.0,277,219,4.15,,,
117,Bowling Green,49,313.0,233,186,4.16,,,
118,Oakland,49,314.1,230,187,4.16,,,
119,Liberty,57,371.1,280,222,4.18,,,
120,Delaware St.,46,291.1,223,175,4.20,,,
121,Harvard,45,302.1,227,182,4.21,,,
122,Loyola Chicago,52,353.2,263,213,4.22,,,
123,Wofford,54,356.0,252,215,4.23,,,
124,Illinois St.,51,342.1,251,207,4.23,,,
125,Stetson,59,377.0,260,228,4.23,,,
126,Canisius,44,289.1,244,175,4.23,,,
127,Ole Miss,62,399.0,275,242,4.25,,,
128,Rhode Island,47,304.2,222,185,4.25,,,
129,Sam Houston,56,360.1,252,219,4.25,,,
130,Eastern Ill.,59,382.2,281,234,4.28,,,
131,App State,50,312.1,246,191,4.28,,,
132,Lehigh,54,352.1,258,216,4.29,,,
133,Kentucky,55,350.2,275,215,4.29,,,
134,Baylor,58,380.1,272,234,4.31,,,
135,Michigan,58,374.1,252,231,4.32,,,
136,UCLA,63,381.1,272,236,4.33,,,
137,Penn St.,54,344.0,244,213,4.33,,,
138,Western Caro.,58,382.0,282,237,4.34,,,
139,N.C. A&T,53,339.2,291,211,4.35,,,
140,Wagner,50,312.0,223,194,4.35,,,
141,UAB,54,352.0,257,219,4.36,,,
142,Lamar University,58,372.0,264,232,4.37,,,
143,UNLV,53,343.0,277,214,4.37,,,
144,USC Upstate,61,383.0,296,239,4.37,,,
145,San Diego St.,50,320.1,241,200,4.37,,,
146,Youngstown St.,51,318.1,262,199,4.38,,,
147,Samford,59,370.1,262,232,4.39,,,
148,McNeese,62,405.2,310,255,4.40,,,
149,Col. of Charleston,60,397.1,308,252,4.44,,,
150,New Mexico,55,360.0,258,229,4.45,,,
151,UConn,60,383.1,281,244,4.46,,,
152,North Dakota St.,50,318.2,245,203,4.46,,,
153,South Carolina St.,44,276.0,240,176,4.46,,,
154,Providence,49,313.1,251,200,4.47,,,
155,Central Conn. St.,47,297.1,216,190,4.47,,,
156,Western Mich.,55,361.2,274,232,4.49,,,
157,Southern Ind.,47,297.2,245,191,4.49,,,
158,Colgate,55,353.1,295,227,4.50,,,
159,Akron,60,391.1,302,253,4.53,,,
160,Boise St.,55,355.1,270,231,4.55,,,
161,San Diego,51,338.0,264,220,4.56,,,
162,Tennessee Tech,50,313.1,246,204,4.56,,,
163,Notre Dame,53,339.1,261,222,4.58,,,
164,Maryland,48,311.2,244,204,4.58,,,
165,Northwestern St.,53,337.1,255,222,4.61,,,
166,NC State,53,335.0,266,221,4.62,,,
167,Presbyterian,52,337.2,278,223,4.62,,,
168,Pacific,52,341.1,268,226,4.63,,,
169,Mount St. Mary's,48,304.1,236,202,4.65,,,
170,Colorado St.,51,333.2,262,222,4.66,,,
171,Georgetown,42,284.0,209,189,4.66,,,
172,Ohio,58,366.0,285,244,4.67,,,
173,Middle Tenn.,51,334.0,276,223,4.67,,,
174,Cal Poly,46,297.0,238,199,4.69,,,
175,Missouri St.,50,305.2,243,205,4.69,,,
176,Southeast Mo. St.,53,335.1,269,225,4.70,,,
177,South Dakota,58,370.2,334,249,4.70,,,
178,Rider,49,315.1,275,212,4.71,,,
179,Yale,45,283.1,235,191,4.72,,,
180,Utah Valley,54,350.2,279,237,4.73,,,
181,Charlotte,58,371.1,300,251,4.73,,,
182,Arizona,55,331.0,253,224,4.74,,,
183,Seattle U,51,334.2,279,228,4.77,,,
184,UMBC,18,111.1,93,76,4.78,,,
185,Lipscomb,51,323.2,300,221,4.78,,,
186,James Madison,51,333.2,278,228,4.78,,,
187,Creighton,59,386.1,304,264,4.78,,,
188,Duke,60,387.0,297,265,4.79,,,
189,Minnesota,52,332.2,266,229,4.82,,,
190,Ball St.,48,311.1,253,215,4.83,,,
191,Valparaiso,52,330.0,276,228,4.84,,,
192,Auburn,55,345.2,328,239,4.84,,,
193,Chattanooga,55,348.0,299,242,4.87,,,
194,UTSA,57,378.0,320,264,4.89,,,
195,Central Mich.,49,323.0,264,226,4.90,,,
196,Tarleton St.,61,384.1,312,270,4.92,,,
197,Monmouth,51,330.0,285,232,4.92,,,
198,Tulsa,53,352.0,298,249,4.95,,,
199,New Mexico St.,54,348.2,316,247,4.96,,,
200,Iowa,54,358.1,310,254,4.96,,,
201,UNI,53,346.2,331,246,4.97,,,
,Winthrop,53,346.2,284,246,4.97,,,
203,NIU,43,276.1,240,197,4.99,,,
204,Massachusetts,49,312.1,251,223,5.00,,,
205,Brown,45,287.0,242,205,5.00,,,
206,Quinnipiac,45,280.1,221,201,5.02,,,
207,North Texas,56,361.0,298,260,5.04,,,
208,Oregon St.,53,345.1,309,249,5.05,,,
209,FGCU,54,352.0,299,254,5.05,,,
210,Ohio St.,53,317.0,302,230,5.08,,,
211,Gardner-Webb,57,366.0,332,267,5.11,,,
212,Butler,46,302.0,285,221,5.12,,,
213,Robert Morris,49,308.0,301,226,5.14,,,
214,LIU,56,348.2,287,258,5.18,,,
215,Wisconsin,54,349.2,297,259,5.18,,,
216,Kansas City,48,300.1,279,223,5.20,,,
217,UC San Diego,51,323.0,266,243,5.27,,,
218,Penn,44,276.0,281,208,5.28,,,
219,Bryant,44,275.2,237,208,5.28,,,
220,Longwood,53,336.0,310,254,5.29,,,
221,San Jose St.,48,305.2,268,233,5.34,,,
222,South Dakota St.,59,363.1,330,277,5.34,,,
223,Jackson St.,48,300.1,270,230,5.36,,,
224,Evansville,51,326.0,287,250,5.37,,,
225,DePaul,50,320.2,301,247,5.39,,,
226,Iowa St.,55,351.0,320,271,5.40,,,
227,Lafayette,52,327.0,323,253,5.42,,,
228,Portland St.,46,290.0,267,226,5.46,,,
229,Elon,51,323.0,303,252,5.46,,,
230,Northern Ky.,51,323.2,304,253,5.47,,,
231,Bethune-Cookman,49,305.2,281,239,5.47,,,
232,Southern Utah,51,320.2,282,251,5.48,,,
233,Merrimack,41,259.2,247,204,5.50,,,
234,North Carolina,51,327.1,287,258,5.52,,,
235,Pittsburgh,52,331.2,317,262,5.53,,,
236,Manhattan,52,337.0,315,267,5.55,,,
237,Michigan St.,51,317.0,326,253,5.59,,,
238,Seton Hall,49,315.0,304,253,5.62,,,
239,Syracuse,44,280.2,279,226,5.64,,,
240,UMES,48,301.1,302,243,5.64,,,
241,CSUN,46,291.2,290,237,5.69,,,
242,Rutgers,54,342.1,319,281,5.75,,,
243,Illinois,54,343.2,366,284,5.78,,,
244,Drexel,45,281.0,261,236,5.88,,,
245,Coastal Carolina,57,359.1,358,302,5.88,,,
246,Montana,54,343.1,355,294,5.99,,,
247,Queens (NC),48,308.0,325,264,6.00,,,
248,Maine,48,285.2,316,245,6.00,,,
249,Alabama St.,56,354.0,387,305,6.03,,,
250,Toledo,50,321.0,313,277,6.04,,,
251,Drake,51,329.1,329,285,6.06,,,
252,Northern Colo.,51,325.2,322,286,6.15,,,
253,Morgan St.,43,255.0,301,224,6.15,,,
254,Morehead St.,45,295.2,302,260,6.16,,,
255,UT Arlington,47,313.1,327,276,6.17,,,
256,FDU,52,310.1,340,275,6.20,,,
257,Villanova,53,331.2,342,294,6.21,,,
258,Memphis,57,357.1,404,318,6.23,,,
259,Detroit Mercy,47,296.1,327,264,6.24,,,
260,Binghamton,47,284.1,302,254,6.25,,,
261,Green Bay,47,286.2,303,259,6.32,,,
262,Holy Cross,44,265.1,304,241,6.36,,,
263,Ark.-Pine Bluff,46,265.1,304,243,6.41,,,
264,Coppin St.,36,220.1,250,206,6.54,,,
265,Mercer,50,314.2,362,295,6.56,,,
266,Western Ill.,46,282.0,314,265,6.58,,,
267,UC Riverside,44,268.0,309,252,6.58,,,
268,Boston College,51,318.0,358,300,6.60,,,
269,Charleston So.,51,318.2,353,303,6.66,,,
270,Kent St.,50,316.1,357,301,6.66,,,
271,Alcorn,50,297.0,341,283,6.67,,,
272,Saint Peter's,51,311.1,361,297,6.68,,,
273,Houston Christian,47,287.2,315,276,6.72,,,
274,Hampton,43,259.1,325,250,6.75,,,
275,Bellarmine,50,302.1,349,292,6.76,,,
276,Buffalo,56,357.0,395,347,6.80,,,
277,Cornell,43,270.1,318,266,6.89,,,
278,California,52,315.0,387,320,7.11,,,
279,St. Bonaventure,53,310.0,395,318,7.18,,,
280,Utah Tech,53,323.1,389,332,7.19,,,
281,CSU Bakersfield,50,295.1,379,305,7.23,,,
282,Bradley,53,325.1,400,338,7.27,,,
283,N.C. Central,48,286.1,390,298,7.29,,,
284,A&M-Corpus Christi,53,321.0,377,335,7.31,,,
285,Weber St.,56,344.2,413,360,7.31,,,
286,Niagara,42,250.2,318,263,7.34,,,
287,Stonehill,50,292.2,370,309,7.39,,,
288,Houston,51,322.1,385,344,7.47,,,
289,Utah St.,54,342.0,414,365,7.47,,,
290,Bucknell,45,267.2,350,286,7.48,,,
291,UTEP,49,308.1,391,332,7.54,,,
292,Kennesaw St.,50,309.2,409,334,7.55,,,
293,BYU,51,308.2,373,333,7.55,,,
294,Tennessee St.,40,247.1,355,268,7.58,,,
295,Furman,53,318.2,448,346,7.60,,,
296,Grambling,43,263.1,334,297,7.89,,,
297,Dartmouth,33,201.0,247,228,7.94,,,
298,UIC,54,321.2,428,365,7.94,,,
299,IU Indy,47,288.1,399,345,8.38,,,
300,Alabama A&M,50,304.2,433,365,8.39,,,
301,Abilene Christian,48,285.2,420,358,8.77,,,
302,Saint Francis,48,283.0,460,361,8.93,,,
303,East Texas A&M,52,313.0,471,409,9.15,,,
304,Mississippi Val.,39,211.0,424,359,11.91,,,
Reclassifying,,,,,,,,,
NR,New Haven,45,286.0,286,237,5.80,,,
NR,Le Moyne,51,320.1,336,266,5.81,,,
NR,West Ga.,55,353.2,378,314,6.21,,,
NR,Mercyhurst,43,258.0,316,270,7.33,,,
,,,,,,,,,
NCAA Softball,,,,,,,,,
Division IFielding Percentage,,,,,,,,,
Through Games 06/04/2026,,,,,,,,,
,,,,,,,,,
,,,,,,,,,
Rank,Name,G,PO,A,E,PCT,,,
1,Missouri,57,1148,349,22,0.986,,,
2,Florida St.,62,1179,462,27,0.984,,,
3,Mississippi St.,64,1261,372,29,0.983,,,
4,Oklahoma,62,1107,420,30,0.981,,,
5,Florida,64,1220,394,32,0.981,,,
6,Arkansas,60,1103,381,30,0.980,,,
7,Georgia,61,1131,432,33,0.979,,,
8,South Fla.,61,1246,536,38,0.979,,,
9,Fla. Atlantic,54,1059,273,29,0.979,,,
10,Tennessee,61,1203,447,37,0.978,,,
11,UAB,54,1056,407,33,0.978,,,
12,Alabama,65,1257,384,39,0.977,,,
13,California Baptist,62,1231,396,39,0.977,,,
14,Jacksonville St.,61,1201,356,38,0.976,,,
15,Nebraska,60,1201,411,40,0.976,,,
16,LSU,59,1166,361,38,0.976,,,
17,Cal St. Fullerton,56,1118,439,39,0.976,,,
18,Southern Miss.,57,1121,460,40,0.975,,,
19,Princeton,49,967,376,34,0.975,,,
20,Louisiana Tech,56,1116,376,38,0.975,,,
21,ULM,58,1196,492,43,0.975,,,
22,Central Mich.,49,969,238,31,0.975,,,
23,Texas Tech,71,1273,344,42,0.975,,,
24,Belmont,54,1080,261,35,0.975,,,
25,Iowa St.,55,1053,440,39,0.975,,,
26,Michigan,58,1123,360,39,0.974,,,
27,Siena,47,957,294,33,0.974,,,
28,San Diego St.,50,961,364,35,0.974,,,
29,Sam Houston,56,1081,388,39,0.974,,,
30,Creighton,59,1159,414,42,0.974,,,
31,Iona,53,1047,467,41,0.974,,,
32,Saint Mary's (CA),58,1147,396,42,0.974,,,
33,Omaha,49,914,251,32,0.973,,,
34,Wichita St.,52,1021,431,40,0.973,,,
35,Texas,65,1257,430,47,0.973,,,
36,Boston U.,62,1162,305,41,0.973,,,
37,Arizona,55,993,397,39,0.973,,,
38,Northwestern St.,53,1012,411,40,0.973,,,
39,Wofford,54,1068,424,42,0.973,,,
40,Toledo,50,963,351,37,0.973,,,
41,Hawaii,50,981,332,37,0.973,,,
42,Nevada,59,1165,392,44,0.973,,,
43,Ole Miss,62,1199,493,48,0.972,,,
44,UCLA,63,1144,441,45,0.972,,,
45,George Mason,51,1032,372,40,0.972,,,
46,Grand Canyon,64,1275,408,48,0.972,,,
47,South Carolina,60,1161,415,45,0.972,,,
48,Southeastern La.,62,1185,377,45,0.972,,,
49,Central Ark.,57,1076,515,46,0.972,,,
50,Virginia Tech,60,1135,368,44,0.972,,,
51,East Carolina,59,1201,427,48,0.971,,,
52,Oklahoma St.,58,1127,432,46,0.971,,,
53,UCF,61,1184,471,49,0.971,,,
54,UNCW,51,1019,427,44,0.970,,,
55,Marshall,57,1131,380,46,0.970,,,
56,Idaho St.,57,1080,423,46,0.970,,,
57,New Mexico,55,1080,451,47,0.970,,,
58,SFA,56,1099,398,46,0.970,,,
59,Georgia Tech,61,1181,411,49,0.970,,,
60,Radford,51,994,388,43,0.970,,,
61,Stony Brook,50,976,432,44,0.970,,,
62,Washington,57,1100,401,47,0.970,,,
63,Duke,60,1153,406,49,0.970,,,
64,Fordham,55,1112,378,47,0.969,,,
65,Stetson,59,1131,483,51,0.969,,,
66,UT Martin,54,1093,389,47,0.969,,,
67,Samford,59,1107,374,47,0.969,,,
68,UAlbany,45,878,256,36,0.969,,,
69,Campbell,57,1086,442,49,0.969,,,
70,Texas A&M,57,1094,307,45,0.969,,,
71,Columbia,45,914,361,41,0.969,,,
72,LIU,56,1046,316,44,0.969,,,
73,UTEP,49,925,343,41,0.969,,,
74,UIW,54,991,337,43,0.969,,,
75,Texas St.,61,1251,477,56,0.969,,,
76,Ball St.,48,933,362,42,0.969,,,
77,Rhode Island,47,914,288,39,0.969,,,
78,Clemson,56,1079,461,50,0.969,,,
79,North Florida,61,1162,428,52,0.968,,,
80,UMass Lowell,54,1041,301,44,0.968,,,
81,Missouri St.,50,917,331,41,0.968,,,
82,Kansas,57,1070,390,48,0.968,,,
83,Lamar University,58,1116,451,52,0.968,,,
84,Oregon,55,1088,354,48,0.968,,,
85,Lehigh,54,1058,318,46,0.968,,,
86,Brown,45,861,332,40,0.968,,,
87,Fairfield,51,991,320,44,0.968,,,
88,LMU (CA),52,1055,373,48,0.967,,,
89,Southeast Mo. St.,53,1006,392,47,0.967,,,
90,Eastern Ill.,59,1148,394,52,0.967,,,
91,Murray St.,52,1037,326,46,0.967,,,
92,Charlotte,58,1114,453,53,0.967,,,
93,Northern Colo.,51,977,379,46,0.967,,,
94,North Carolina,51,982,342,45,0.967,,,
95,Central Conn. St.,47,892,253,39,0.967,,,
96,Stanford,54,1081,354,49,0.967,,,
97,Virginia,55,1091,371,50,0.967,,,
98,Baylor,58,1141,436,54,0.967,,,
99,Iowa,54,1068,327,48,0.967,,,
,Hofstra,54,1045,350,48,0.967,,,
101,Louisiana,56,1081,341,49,0.967,,,
102,Austin Peay,54,1031,417,50,0.967,,,
103,Western Ky.,53,1027,417,50,0.967,,,
104,Quinnipiac,45,841,429,44,0.967,,,
105,Troy,54,1059,354,49,0.966,,,
106,North Ala.,52,1006,320,46,0.966,,,
107,Nicholls,54,1039,429,51,0.966,,,
108,Illinois St.,51,1027,497,53,0.966,,,
109,Tarleton St.,61,1153,417,55,0.966,,,
110,Arizona St.,63,1229,397,57,0.966,,,
111,FIU,52,1040,356,49,0.966,,,
112,Wisconsin,54,1049,400,51,0.966,,,
113,Utah Valley,54,1052,340,49,0.966,,,
114,Boise St.,55,1066,464,54,0.966,,,
115,UNC Greensboro,62,1230,372,57,0.966,,,
116,UConn,60,1150,367,54,0.966,,,
117,Southern Utah,51,962,386,48,0.966,,,
118,Coastal Carolina,57,1078,515,57,0.965,,,
119,NC State,53,1006,391,50,0.965,,,
120,Louisville,58,1154,395,56,0.965,,,
121,Buffalo,56,1071,388,53,0.965,,,
122,UC San Diego,51,969,378,49,0.965,,,
123,St. Thomas (MN),53,1031,534,57,0.965,,,
124,San Jose St.,48,916,316,45,0.965,,,
125,Penn St.,54,1032,336,50,0.965,,,
126,Akron,60,1173,374,57,0.964,,,
127,James Madison,51,1001,408,52,0.964,,,
128,Charleston So.,51,956,371,49,0.964,,,
129,South Dakota St.,59,1090,449,57,0.964,,,
,Texas Southern,42,818,343,43,0.964,,,
131,FGCU,54,1056,447,56,0.964,,,
132,Wagner,50,935,325,47,0.964,,,
133,Utah St.,54,1026,474,56,0.964,,,
134,North Texas,56,1083,389,55,0.964,,,
135,Lindenwood,56,1134,444,59,0.964,,,
136,ETSU,52,1025,337,51,0.964,,,
137,Howard,47,879,291,44,0.964,,,
138,Ga. Southern,53,1024,453,56,0.963,,,
139,McNeese,62,1217,450,64,0.963,,,
140,Western Caro.,58,1146,415,60,0.963,,,
141,North Dakota,51,973,428,54,0.963,,,
142,Green Bay,47,860,375,48,0.963,,,
143,Jacksonville,55,1097,446,61,0.962,,,
144,Saint Louis,51,1010,456,58,0.962,,,
145,North Dakota St.,50,956,321,51,0.962,,,
146,Indiana,59,1109,465,63,0.962,,,
147,Fresno St.,47,950,345,52,0.961,,,
148,Villanova,53,995,370,55,0.961,,,
149,Pacific,52,1024,363,56,0.961,,,
150,South Alabama,59,1162,345,61,0.961,,,
151,Monmouth,51,993,389,56,0.961,,,
152,Dartmouth,33,603,235,34,0.961,,,
153,Georgetown,42,852,355,49,0.961,,,
154,San Diego,51,1014,414,58,0.961,,,
155,Evansville,51,978,374,55,0.961,,,
156,Army West Point,58,1131,442,64,0.961,,,
157,Chattanooga,55,1044,405,59,0.961,,,
158,USC Upstate,61,1149,447,65,0.961,,,
159,Bethune-Cookman,49,917,356,52,0.961,,,
160,Tennessee Tech,50,940,356,53,0.961,,,
161,App State,50,937,229,48,0.960,,,
162,Delaware,55,1057,376,59,0.960,,,
163,Montana,54,1030,352,57,0.960,,,
164,FDU,52,931,232,48,0.960,,,
165,Oakland,49,943,286,51,0.960,,,
166,Miami (OH),56,1116,518,68,0.960,,,
167,Notre Dame,53,1018,399,59,0.960,,,
168,Ohio,58,1098,385,62,0.960,,,
169,Liberty,57,1113,391,63,0.960,,,
170,Rutgers,54,1025,399,60,0.960,,,
171,Tulsa,53,1057,438,63,0.960,,,
172,BYU,51,926,399,56,0.959,,,
173,Western Ill.,46,845,313,49,0.959,,,
174,Massachusetts,49,937,362,55,0.959,,,
,Butler,46,906,393,55,0.959,,,
176,Bryant,44,825,284,47,0.959,,,
177,Western Mich.,55,1085,354,61,0.959,,,
178,Colorado St.,51,1001,414,60,0.959,,,
179,Sacred Heart,54,1103,405,64,0.959,,,
180,George Washington,45,929,316,53,0.959,,,
181,Houston Christian,47,860,379,53,0.959,,,
182,Houston,51,967,362,57,0.959,,,
183,Prairie View,46,862,327,51,0.959,,,
184,Providence,49,940,340,55,0.959,,,
185,UTSA,57,1133,400,66,0.959,,,
186,Cornell,43,809,328,49,0.959,,,
187,Utah Tech,53,970,329,56,0.959,,,
188,Maine,48,857,394,54,0.959,,,
189,Santa Clara,51,1009,446,63,0.958,,,
190,Bowling Green,49,939,419,59,0.958,,,
191,Seton Hall,49,945,343,56,0.958,,,
192,Minnesota,52,998,450,63,0.958,,,
193,UIC,54,965,406,60,0.958,,,
194,Manhattan,52,1011,380,61,0.958,,,
195,Drake,51,988,443,63,0.958,,,
196,UC Santa Barbara,57,1104,391,66,0.958,,,
,Sacramento St.,53,1047,448,66,0.958,,,
198,Kentucky,55,1052,416,65,0.958,,,
199,Col. of Charleston,60,1192,365,69,0.958,,,
200,Gardner-Webb,57,1098,497,71,0.957,,,
201,UNLV,53,1029,476,67,0.957,,,
202,NIU,43,828,308,51,0.957,,,
203,UT Arlington,47,941,417,61,0.957,,,
204,Presbyterian,52,1013,277,58,0.957,,,
205,Valparaiso,52,990,344,60,0.957,,,
206,Dayton,50,989,256,56,0.957,,,
207,Northern Ky.,51,971,315,58,0.957,,,
208,A&M-Corpus Christi,53,963,365,60,0.957,,,
209,California,52,944,402,61,0.957,,,
210,Portland St.,46,870,299,53,0.957,,,
211,South Dakota,58,1112,362,67,0.957,,,
212,Boston College,51,954,357,60,0.956,,,
213,St. John's (NY),55,1101,319,65,0.956,,,
214,UC Davis,54,1128,355,68,0.956,,,
215,Mount St. Mary's,48,913,371,59,0.956,,,
216,Cal Poly,46,891,349,57,0.956,,,
217,Purdue,54,1018,346,63,0.956,,,
218,Weber St.,56,1034,347,64,0.956,,,
219,SIUE,58,1107,460,73,0.955,,,
220,Indiana St.,50,946,277,57,0.955,,,
221,Saint Joseph's,51,1031,362,65,0.955,,,
222,Binghamton,47,853,389,58,0.955,,,
223,Kennesaw St.,50,929,374,61,0.955,,,
224,Middle Tenn.,51,1002,364,64,0.955,,,
225,Illinois,54,1031,353,65,0.955,,,
226,Georgia St.,56,1116,394,71,0.955,,,
227,East Texas A&M,52,939,356,61,0.955,,,
228,Winthrop,53,1036,404,68,0.955,,,
229,Florida A&M,54,1030,467,71,0.955,,,
230,Syracuse,44,842,356,57,0.955,,,
231,Delaware St.,46,874,285,56,0.954,,,
232,Merrimack,41,779,338,54,0.954,,,
233,UNI,53,1040,398,70,0.954,,,
234,Youngstown St.,51,954,278,60,0.954,,,
235,DePaul,50,962,371,65,0.954,,,
236,Maryland,48,935,313,61,0.953,,,
237,Southern Ill.,51,1019,308,65,0.953,,,
238,Utah,56,1078,471,76,0.953,,,
239,UMES,48,895,424,65,0.953,,,
240,Longwood,53,1008,307,65,0.953,,,
241,Kansas City,48,901,309,60,0.953,,,
242,Harvard,45,907,301,60,0.953,,,
243,Elon,51,968,401,68,0.953,,,
244,Mercer,50,946,360,65,0.953,,,
245,Colgate,55,1060,386,72,0.953,,,
246,Seattle U,51,1004,316,66,0.952,,,
247,Eastern Ky.,53,1041,370,71,0.952,,,
248,Long Beach St.,54,1074,493,79,0.952,,,
249,Canisius,44,868,278,58,0.952,,,
250,Abilene Christian,48,857,303,59,0.952,,,
251,Bucknell,45,803,257,54,0.952,,,
252,Kent St.,50,949,463,72,0.951,,,
253,Saint Peter's,51,934,355,66,0.951,,,
254,Drexel,45,843,268,57,0.951,,,
255,Bellarmine,50,907,373,66,0.951,,,
256,Detroit Mercy,47,889,328,63,0.951,,,
257,Rider,49,946,327,67,0.950,,,
258,Coppin St.,36,661,306,51,0.950,,,
259,Marist,58,1118,396,80,0.950,,,
260,Lafayette,52,981,381,72,0.950,,,
261,Stonehill,50,877,370,66,0.950,,,
262,Grambling,43,789,317,59,0.949,,,
263,Southern Ind.,47,893,379,69,0.949,,,
264,Alabama St.,56,1062,392,79,0.948,,,
265,Ohio St.,53,951,377,73,0.948,,,
266,Auburn,55,1037,363,77,0.948,,,
267,Northwestern,50,947,335,71,0.948,,,
268,Pittsburgh,52,995,319,73,0.947,,,
269,Bradley,53,976,317,72,0.947,,,
270,Alcorn,50,881,420,73,0.947,,,
271,Loyola Chicago,52,1060,416,83,0.947,,,
272,St. Bonaventure,53,930,418,76,0.947,,,
273,New Mexico St.,54,1046,385,81,0.946,,,
274,CSUN,46,875,341,69,0.946,,,
275,IU Indy,47,865,298,66,0.946,,,
276,Oregon St.,53,1036,369,80,0.946,,,
277,Holy Cross,44,796,291,62,0.946,,,
278,Queens (NC),48,924,285,71,0.945,,,
279,Southern U.,52,1013,377,82,0.944,,,
280,Michigan St.,51,951,363,78,0.944,,,
281,South Carolina St.,44,827,283,66,0.944,,,
282,Yale,45,850,320,70,0.944,,,
283,Morehead St.,45,887,313,72,0.943,,,
284,Norfolk St.,43,847,349,72,0.943,,,
285,UC Riverside,44,804,306,67,0.943,,,
286,Jackson St.,48,901,363,77,0.943,,,
287,Lipscomb,51,971,403,84,0.942,,,
288,Hampton,43,778,368,71,0.942,,,
289,Tennessee St.,40,742,323,66,0.942,,,
290,Towson,51,1027,441,92,0.941,,,
291,Morgan St.,43,765,303,67,0.941,,,
292,Niagara,42,752,295,66,0.941,,,
293,Ark.-Pine Bluff,46,796,316,71,0.940,,,
294,UMBC,18,334,120,29,0.940,,,
295,Memphis,57,1072,440,97,0.940,,,
296,CSU Bakersfield,50,885,340,80,0.939,,,
297,N.C. A&T,53,1019,362,91,0.938,,,
298,Penn,44,828,304,76,0.937,,,
299,Furman,53,956,368,90,0.936,,,
300,Robert Morris,49,924,283,88,0.932,,,
301,Mississippi Val.,39,633,271,67,0.931,,,
302,Alabama A&M,50,914,395,99,0.930,,,
303,Saint Francis,48,849,325,90,0.929,,,
304,N.C. Central,48,859,306,103,0.919,,,
Reclassifying,,,,,,,,,
NR,New Haven,45,858,299,59,0.951,,,
NR,West Ga.,55,1061,408,78,0.950,,,
NR,Le Moyne,51,961,406,80,0.945,,,
NR,Mercyhurst,43,774,268,64,0.942,,,
,,,,,,,,,
NCAA Softball,,,,,,,,,
Division IScoring,,,,,,,,,
Through Games 06/04/2026,,,,,,,,,
,,,,,,,,,
,,,,,,,,,
Rank,Name,G,R,PG,,,,,
1,UCLA,63,672,10.67,,,,,
2,Oklahoma,62,615,9.92,,,,,
3,Robert Morris,49,457,9.33,,,,,
4,Texas Tech,71,639,9.00,,,,,
5,North Carolina,51,407,7.98,,,,,
6,Indiana,59,470,7.97,,,,,
7,Florida,64,495,7.73,,,,,
8,UNI,53,407,7.68,,,,,
9,Virginia Tech,60,460,7.67,,,,,
10,Boston U.,62,473,7.63,,,,,
11,Arkansas,60,450,7.50,,,,,
12,Youngstown St.,51,380,7.45,,,,,
13,Ohio,58,431,7.43,,,,,
14,Duke,60,445,7.42,,,,,
15,Louisville,58,428,7.38,,,,,
16,Arizona,55,401,7.29,,,,,
17,Florida St.,62,452,7.29,,,,,
18,Omaha,49,353,7.20,,,,,
19,Arizona St.,63,440,6.98,,,,,
20,Penn St.,54,377,6.98,,,,,
21,App State,50,349,6.98,,,,,
22,Texas A&M,57,396,6.95,,,,,
23,Stanford,54,374,6.93,,,,,
24,Texas,65,449,6.91,,,,,
25,Nevada,59,407,6.90,,,,,
26,Cornell,43,294,6.84,,,,,
27,Iowa St.,55,374,6.80,,,,,
28,Nebraska,60,407,6.78,,,,,
29,Alabama A&M,50,337,6.74,,,,,
30,Georgia,61,411,6.74,,,,,
31,Oregon,55,365,6.64,,,,,
32,UT Arlington,47,310,6.60,,,,,
33,Rutgers,54,356,6.59,,,,,
34,Grand Canyon,64,418,6.53,,,,,
35,Kansas,57,371,6.51,,,,,
36,Jacksonville St.,61,397,6.51,,,,,
37,Campbell,57,369,6.47,,,,,
,Idaho St.,57,369,6.47,,,,,
39,Oklahoma St.,58,373,6.43,,,,,
40,Miami (OH),56,360,6.43,,,,,
41,NIU,43,275,6.40,,,,,
42,Northwestern,50,319,6.38,,,,,
43,Washington,57,363,6.37,,,,,
44,Prairie View,46,292,6.35,,,,,
45,Western Caro.,58,368,6.34,,,,,
46,UIW,54,340,6.30,,,,,
47,Jackson St.,48,302,6.29,,,,,
48,UCF,61,383,6.28,,,,,
49,Ohio St.,53,332,6.26,,,,,
50,Michigan,58,363,6.26,,,,,
51,Alabama,65,406,6.25,,,,,
52,Purdue,54,336,6.22,,,,,
53,Wichita St.,52,323,6.21,,,,,
54,St. Thomas (MN),53,329,6.21,,,,,
55,Creighton,59,365,6.19,,,,,
56,Wofford,54,334,6.19,,,,,
57,USC Upstate,61,373,6.11,,,,,
58,North Ala.,52,317,6.10,,,,,
59,Stetson,59,358,6.07,,,,,
60,McNeese,62,373,6.02,,,,,
61,Utah,56,336,6.00,,,,,
,Florida A&M,54,324,6.00,,,,,
63,Tarleton St.,61,363,5.95,,,,,
64,Utah Valley,54,321,5.94,,,,,
65,Princeton,49,291,5.94,,,,,
66,Southeastern La.,62,368,5.94,,,,,
67,Gardner-Webb,57,338,5.93,,,,,
68,Central Ark.,57,337,5.91,,,,,
69,Western Ky.,53,313,5.91,,,,,
70,LSU,59,348,5.90,,,,,
71,Virginia,55,324,5.89,,,,,
72,Ball St.,48,281,5.85,,,,,
73,Howard,47,275,5.85,,,,,
74,UConn,60,351,5.85,,,,,
75,Butler,46,269,5.85,,,,,
76,North Dakota St.,50,291,5.82,,,,,
77,Central Mich.,49,285,5.82,,,,,
78,Cal St. Fullerton,56,325,5.80,,,,,
,Buffalo,56,325,5.80,,,,,
80,James Madison,51,295,5.78,,,,,
81,Providence,49,281,5.73,,,,,
82,Central Conn. St.,47,269,5.72,,,,,
83,Fla. Atlantic,54,309,5.72,,,,,
84,Auburn,55,314,5.71,,,,,
85,New Mexico St.,54,308,5.70,,,,,
,Austin Peay,54,308,5.70,,,,,
87,South Carolina St.,44,250,5.68,,,,,
88,Ole Miss,62,351,5.66,,,,,
89,California Baptist,62,350,5.65,,,,,
90,Binghamton,47,265,5.64,,,,,
91,Seattle U,51,287,5.63,,,,,
92,Green Bay,47,264,5.62,,,,,
93,Georgia Tech,61,342,5.61,,,,,
94,Charlotte,58,325,5.60,,,,,
95,Wisconsin,54,302,5.59,,,,,
96,Lehigh,54,301,5.57,,,,,
97,Colgate,55,306,5.56,,,,,
98,Akron,60,331,5.52,,,,,
99,Nicholls,54,297,5.50,,,,,
,Southern U.,52,286,5.50,,,,,
,Texas Southern,42,231,5.50,,,,,
102,Rider,49,269,5.49,,,,,
103,UNC Greensboro,62,340,5.48,,,,,
104,Marist,58,317,5.47,,,,,
,Lamar University,58,317,5.47,,,,,
106,FIU,52,284,5.46,,,,,
107,UNLV,53,288,5.43,,,,,
108,UC San Diego,51,276,5.41,,,,,
,Southern Ill.,51,276,5.41,,,,,
110,North Florida,61,329,5.39,,,,,
111,Illinois St.,51,275,5.39,,,,,
112,Iowa,54,291,5.39,,,,,
113,Harvard,45,242,5.38,,,,,
114,Alabama St.,56,301,5.38,,,,,
115,Eastern Ill.,59,317,5.37,,,,,
116,Saint Mary's (CA),58,311,5.36,,,,,
117,North Texas,56,300,5.36,,,,,
118,Quinnipiac,45,241,5.36,,,,,
119,NC State,53,283,5.34,,,,,
120,South Dakota St.,59,314,5.32,,,,,
121,Clemson,56,296,5.29,,,,,
,SFA,56,296,5.29,,,,,
123,Tennessee,61,322,5.28,,,,,
124,Long Beach St.,54,282,5.22,,,,,
125,Penn,44,229,5.20,,,,,
126,Troy,54,281,5.20,,,,,
,Montana,54,281,5.20,,,,,
128,New Mexico,55,286,5.20,,,,,
,Drexel,45,234,5.20,,,,,
130,Northern Colo.,51,265,5.20,,,,,
131,Western Mich.,55,285,5.18,,,,,
132,Houston,51,264,5.18,,,,,
133,Louisiana,56,289,5.16,,,,,
134,Army West Point,58,298,5.14,,,,,
135,Hofstra,54,275,5.09,,,,,
136,Coastal Carolina,57,290,5.09,,,,,
137,LMU (CA),52,264,5.08,,,,,
138,Sacramento St.,53,269,5.08,,,,,
139,Lindenwood,56,282,5.04,,,,,
140,UC Santa Barbara,57,287,5.04,,,,,
141,South Carolina,60,302,5.03,,,,,
142,Hawaii,50,251,5.02,,,,,
143,Jacksonville,55,275,5.00,,,,,
,Oregon St.,53,265,5.00,,,,,
,Bradley,53,265,5.00,,,,,
,Oakland,49,245,5.00,,,,,
147,Delaware,55,274,4.98,,,,,
148,Murray St.,52,259,4.98,,,,,
149,St. John's (NY),55,273,4.96,,,,,
150,Belmont,54,268,4.96,,,,,
151,Winthrop,53,262,4.94,,,,,
152,Boise St.,55,271,4.93,,,,,
153,Utah Tech,53,261,4.92,,,,,
154,Kent St.,50,246,4.92,,,,,
155,Marshall,57,280,4.91,,,,,
156,UAlbany,45,221,4.91,,,,,
157,Notre Dame,53,260,4.91,,,,,
158,Grambling,43,210,4.88,,,,,
159,Chattanooga,55,267,4.85,,,,,
160,UMBC,18,87,4.83,,,,,
161,Samford,59,285,4.83,,,,,
162,Fairfield,51,246,4.82,,,,,
163,Dartmouth,33,158,4.79,,,,,
164,Georgia St.,56,267,4.77,,,,,
165,Towson,51,243,4.76,,,,,
166,Northwestern St.,53,252,4.75,,,,,
167,LIU,56,265,4.73,,,,,
168,Evansville,51,241,4.73,,,,,
169,San Diego St.,50,236,4.72,,,,,
170,Louisiana Tech,56,264,4.71,,,,,
171,UNCW,51,240,4.71,,,,,
172,UIC,54,254,4.70,,,,,
173,Southern Miss.,57,268,4.70,,,,,
,Liberty,57,268,4.70,,,,,
175,UMass Lowell,54,253,4.69,,,,,
176,Sam Houston,56,262,4.68,,,,,
177,Columbia,45,210,4.67,,,,,
178,Bethune-Cookman,49,228,4.65,,,,,
179,Norfolk St.,43,200,4.65,,,,,
180,Texas St.,61,283,4.64,,,,,
181,UT Martin,54,250,4.63,,,,,
182,George Washington,45,208,4.62,,,,,
183,Bowling Green,49,226,4.61,,,,,
184,Delaware St.,46,212,4.61,,,,,
185,California,52,239,4.60,,,,,
186,Fordham,55,252,4.58,,,,,
187,South Fla.,61,279,4.57,,,,,
188,Saint Joseph's,51,233,4.57,,,,,
189,Mississippi St.,64,292,4.56,,,,,
190,Morgan St.,43,196,4.56,,,,,
191,BYU,51,232,4.55,,,,,
192,Baylor,58,263,4.53,,,,,
193,Coppin St.,36,163,4.53,,,,,
194,Bryant,44,199,4.52,,,,,
195,Alcorn,50,225,4.50,,,,,
196,Middle Tenn.,51,229,4.49,,,,,
197,Western Ill.,46,206,4.48,,,,,
198,N.C. A&T,53,237,4.47,,,,,
199,Northern Ky.,51,228,4.47,,,,,
200,Pittsburgh,52,232,4.46,,,,,
201,George Mason,51,227,4.45,,,,,
202,Southern Utah,51,226,4.43,,,,,
,Colorado St.,51,226,4.43,,,,,
204,ETSU,52,230,4.42,,,,,
205,Kentucky,55,243,4.42,,,,,
206,Tulsa,53,234,4.42,,,,,
207,Memphis,57,251,4.40,,,,,
208,Brown,45,197,4.38,,,,,
209,Southeast Mo. St.,53,232,4.38,,,,,
,Eastern Ky.,53,232,4.38,,,,,
211,Presbyterian,52,226,4.35,,,,,
212,Dayton,50,217,4.34,,,,,
213,Seton Hall,49,212,4.33,,,,,
214,Iona,53,229,4.32,,,,,
215,UC Davis,54,233,4.31,,,,,
216,Santa Clara,51,220,4.31,,,,,
217,Georgetown,42,181,4.31,,,,,
218,Toledo,50,215,4.30,,,,,
219,North Dakota,51,219,4.29,,,,,
220,Yale,45,193,4.29,,,,,
221,IU Indy,47,201,4.28,,,,,
222,Longwood,53,226,4.26,,,,,
223,Fresno St.,47,200,4.26,,,,,
224,Saint Louis,51,217,4.25,,,,,
225,Valparaiso,52,221,4.25,,,,,
226,Missouri,57,241,4.23,,,,,
227,Tennessee Tech,50,211,4.22,,,,,
228,Boston College,51,214,4.20,,,,,
229,FDU,52,218,4.19,,,,,
230,Detroit Mercy,47,197,4.19,,,,,
231,UTSA,57,238,4.18,,,,,
232,Manhattan,52,217,4.17,,,,,
,Loyola Chicago,52,217,4.17,,,,,
234,Utah St.,54,225,4.17,,,,,
235,DePaul,50,208,4.16,,,,,
236,Canisius,44,181,4.11,,,,,
237,Ark.-Pine Bluff,46,189,4.11,,,,,
238,Queens (NC),48,196,4.08,,,,,
,Maryland,48,196,4.08,,,,,
240,Ga. Southern,53,215,4.06,,,,,
241,Weber St.,56,227,4.05,,,,,
242,Col. of Charleston,60,242,4.03,,,,,
243,Monmouth,51,205,4.02,,,,,
244,UAB,54,217,4.02,,,,,
245,Saint Francis,48,192,4.00,,,,,
246,Missouri St.,50,199,3.98,,,,,
247,Maine,48,191,3.98,,,,,
248,Drake,51,202,3.96,,,,,
249,FGCU,54,212,3.93,,,,,
250,Lafayette,52,204,3.92,,,,,
251,Wagner,50,196,3.92,,,,,
252,Michigan St.,51,199,3.90,,,,,
253,Mercer,50,195,3.90,,,,,
254,ULM,58,225,3.88,,,,,
255,Abilene Christian,48,185,3.85,,,,,
256,East Carolina,59,227,3.85,,,,,
257,Bucknell,45,173,3.84,,,,,
258,Sacred Heart,54,207,3.83,,,,,
259,Furman,53,203,3.83,,,,,
260,Illinois,54,205,3.80,,,,,
261,Villanova,53,200,3.77,,,,,
262,UMES,48,181,3.77,,,,,
263,Stony Brook,50,188,3.76,,,,,
264,SIUE,58,218,3.76,,,,,
265,Mount St. Mary's,48,180,3.75,,,,,
266,South Dakota,58,217,3.74,,,,,
267,San Jose St.,48,179,3.73,,,,,
268,Lipscomb,51,190,3.73,,,,,
269,San Diego,51,188,3.69,,,,,
270,Syracuse,44,162,3.68,,,,,
271,Rhode Island,47,173,3.68,,,,,
272,Elon,51,187,3.67,,,,,
273,Siena,47,172,3.66,,,,,
274,Pacific,52,190,3.65,,,,,
275,Tennessee St.,40,146,3.65,,,,,
276,Indiana St.,50,182,3.64,,,,,
277,UTEP,49,178,3.63,,,,,
278,Portland St.,46,167,3.63,,,,,
279,Morehead St.,45,163,3.62,,,,,
280,Stonehill,50,181,3.62,,,,,
281,Niagara,42,152,3.62,,,,,
282,CSUN,46,165,3.59,,,,,
283,South Alabama,59,209,3.54,,,,,
284,Massachusetts,49,173,3.53,,,,,
285,Radford,51,175,3.43,,,,,
286,Kansas City,48,161,3.35,,,,,
287,Merrimack,41,133,3.24,,,,,
288,N.C. Central,48,155,3.23,,,,,
289,Kennesaw St.,50,161,3.22,,,,,
290,Southern Ind.,47,151,3.21,,,,,
291,Saint Peter's,51,158,3.10,,,,,
292,Hampton,43,131,3.05,,,,,
293,Charleston So.,51,154,3.02,,,,,
294,Bellarmine,50,150,3.00,,,,,
295,Holy Cross,44,130,2.95,,,,,
296,A&M-Corpus Christi,53,156,2.94,,,,,
297,CSU Bakersfield,50,145,2.90,,,,,
298,Minnesota,52,149,2.87,,,,,
299,Cal Poly,46,130,2.83,,,,,
300,East Texas A&M,52,145,2.79,,,,,
301,Mississippi Val.,39,101,2.59,,,,,
302,St. Bonaventure,53,135,2.55,,,,,
303,Houston Christian,47,115,2.45,,,,,
304,UC Riverside,44,106,2.41,,,,,
Reclassifying,,,,,,,,,
NR,Le Moyne,51,203,3.98,,,,,
NR,West Ga.,55,212,3.85,,,,,
NR,Mercyhurst,43,163,3.79,,,,,
NR,New Haven,45,127,2.82,,,,,
,,,,,,,,,
NCAA Softball,,,,,,,,,
Division ITotal Runs,,,,,,,,,
Through Games 06/04/2026,,,,,,,,,
,,,,,,,,,
,,,,,,,,,
Rank,Name,G,R,,,,,,
1,UCLA,63,672,,,,,,
2,Texas Tech,71,639,,,,,,
3,Oklahoma,62,615,,,,,,
4,Florida,64,495,,,,,,
5,Boston U.,62,473,,,,,,
6,Indiana,59,470,,,,,,
7,Virginia Tech,60,460,,,,,,
8,Robert Morris,49,457,,,,,,
9,Florida St.,62,452,,,,,,
10,Arkansas,60,450,,,,,,
11,Texas,65,449,,,,,,
12,Duke,60,445,,,,,,
13,Arizona St.,63,440,,,,,,
14,Ohio,58,431,,,,,,
15,Louisville,58,428,,,,,,
16,Grand Canyon,64,418,,,,,,
17,Georgia,61,411,,,,,,
18,UNI,53,407,,,,,,
,Nevada,59,407,,,,,,
,North Carolina,51,407,,,,,,
,Nebraska,60,407,,,,,,
22,Alabama,65,406,,,,,,
23,Arizona,55,401,,,,,,
24,Jacksonville St.,61,397,,,,,,
25,Texas A&M,57,396,,,,,,
26,UCF,61,383,,,,,,
27,Youngstown St.,51,380,,,,,,
28,Penn St.,54,377,,,,,,
29,Stanford,54,374,,,,,,
,Iowa St.,55,374,,,,,,
31,Oklahoma St.,58,373,,,,,,
,USC Upstate,61,373,,,,,,
,McNeese,62,373,,,,,,
34,Kansas,57,371,,,,,,
35,Idaho St.,57,369,,,,,,
,Campbell,57,369,,,,,,
37,Southeastern La.,62,368,,,,,,
,Western Caro.,58,368,,,,,,
39,Oregon,55,365,,,,,,
,Creighton,59,365,,,,,,
41,Washington,57,363,,,,,,
,Michigan,58,363,,,,,,
,Tarleton St.,61,363,,,,,,
44,Miami (OH),56,360,,,,,,
45,Stetson,59,358,,,,,,
46,Rutgers,54,356,,,,,,
47,Omaha,49,353,,,,,,
48,UConn,60,351,,,,,,
,Ole Miss,62,351,,,,,,
50,California Baptist,62,350,,,,,,
51,App State,50,349,,,,,,
52,LSU,59,348,,,,,,
53,Georgia Tech,61,342,,,,,,
54,UIW,54,340,,,,,,
,UNC Greensboro,62,340,,,,,,
56,Gardner-Webb,57,338,,,,,,
57,Central Ark.,57,337,,,,,,
,Alabama A&M,50,337,,,,,,
59,Purdue,54,336,,,,,,
,Utah,56,336,,,,,,
61,Wofford,54,334,,,,,,
62,Ohio St.,53,332,,,,,,
63,Akron,60,331,,,,,,
64,St. Thomas (MN),53,329,,,,,,
,North Florida,61,329,,,,,,
66,Charlotte,58,325,,,,,,
,Buffalo,56,325,,,,,,
,Cal St. Fullerton,56,325,,,,,,
69,Virginia,55,324,,,,,,
,Florida A&M,54,324,,,,,,
71,Wichita St.,52,323,,,,,,
72,Tennessee,61,322,,,,,,
73,Utah Valley,54,321,,,,,,
74,Northwestern,50,319,,,,,,
75,Marist,58,317,,,,,,
,North Ala.,52,317,,,,,,
,Eastern Ill.,59,317,,,,,,
,Lamar University,58,317,,,,,,
79,South Dakota St.,59,314,,,,,,
,Auburn,55,314,,,,,,
81,Western Ky.,53,313,,,,,,
82,Saint Mary's (CA),58,311,,,,,,
83,UT Arlington,47,310,,,,,,
84,Fla. Atlantic,54,309,,,,,,
85,Austin Peay,54,308,,,,,,
,New Mexico St.,54,308,,,,,,
87,Colgate,55,306,,,,,,
88,Wisconsin,54,302,,,,,,
,Jackson St.,48,302,,,,,,
,South Carolina,60,302,,,,,,
91,Lehigh,54,301,,,,,,
,Alabama St.,56,301,,,,,,
93,North Texas,56,300,,,,,,
94,Army West Point,58,298,,,,,,
95,Nicholls,54,297,,,,,,
96,SFA,56,296,,,,,,
,Clemson,56,296,,,,,,
98,James Madison,51,295,,,,,,
99,Cornell,43,294,,,,,,
100,Mississippi St.,64,292,,,,,,
,Prairie View,46,292,,,,,,
102,Princeton,49,291,,,,,,
,North Dakota St.,50,291,,,,,,
,Iowa,54,291,,,,,,
105,Coastal Carolina,57,290,,,,,,
106,Louisiana,56,289,,,,,,
107,UNLV,53,288,,,,,,
108,Seattle U,51,287,,,,,,
,UC Santa Barbara,57,287,,,,,,
110,Southern U.,52,286,,,,,,
,New Mexico,55,286,,,,,,
112,Central Mich.,49,285,,,,,,
,Western Mich.,55,285,,,,,,
,Samford,59,285,,,,,,
115,FIU,52,284,,,,,,
116,Texas St.,61,283,,,,,,
,NC State,53,283,,,,,,
118,Long Beach St.,54,282,,,,,,
,Lindenwood,56,282,,,,,,
120,Providence,49,281,,,,,,
,Montana,54,281,,,,,,
,Ball St.,48,281,,,,,,
,Troy,54,281,,,,,,
124,Marshall,57,280,,,,,,
125,South Fla.,61,279,,,,,,
126,UC San Diego,51,276,,,,,,
,Southern Ill.,51,276,,,,,,
128,NIU,43,275,,,,,,
,Hofstra,54,275,,,,,,
,Jacksonville,55,275,,,,,,
,Illinois St.,51,275,,,,,,
,Howard,47,275,,,,,,
133,Delaware,55,274,,,,,,
134,St. John's (NY),55,273,,,,,,
135,Boise St.,55,271,,,,,,
136,Rider,49,269,,,,,,
,Central Conn. St.,47,269,,,,,,
,Sacramento St.,53,269,,,,,,
,Butler,46,269,,,,,,
140,Southern Miss.,57,268,,,,,,
,Liberty,57,268,,,,,,
,Belmont,54,268,,,,,,
143,Georgia St.,56,267,,,,,,
,Chattanooga,55,267,,,,,,
145,Northern Colo.,51,265,,,,,,
,Oregon St.,53,265,,,,,,
,Bradley,53,265,,,,,,
,Binghamton,47,265,,,,,,
,LIU,56,265,,,,,,
150,Louisiana Tech,56,264,,,,,,
,Green Bay,47,264,,,,,,
,Houston,51,264,,,,,,
,LMU (CA),52,264,,,,,,
154,Baylor,58,263,,,,,,
155,Winthrop,53,262,,,,,,
,Sam Houston,56,262,,,,,,
157,Utah Tech,53,261,,,,,,
158,Notre Dame,53,260,,,,,,
159,Murray St.,52,259,,,,,,
160,UIC,54,254,,,,,,
161,UMass Lowell,54,253,,,,,,
162,Fordham,55,252,,,,,,
,Northwestern St.,53,252,,,,,,
164,Hawaii,50,251,,,,,,
,Memphis,57,251,,,,,,
166,UT Martin,54,250,,,,,,
,South Carolina St.,44,250,,,,,,
168,Kent St.,50,246,,,,,,
,Fairfield,51,246,,,,,,
170,Oakland,49,245,,,,,,
171,Kentucky,55,243,,,,,,
,Towson,51,243,,,,,,
173,Harvard,45,242,,,,,,
,Col. of Charleston,60,242,,,,,,
175,Quinnipiac,45,241,,,,,,
,Missouri,57,241,,,,,,
,Evansville,51,241,,,,,,
178,UNCW,51,240,,,,,,
179,California,52,239,,,,,,
180,UTSA,57,238,,,,,,
181,N.C. A&T,53,237,,,,,,
182,San Diego St.,50,236,,,,,,
183,Drexel,45,234,,,,,,
,Tulsa,53,234,,,,,,
185,UC Davis,54,233,,,,,,
,Saint Joseph's,51,233,,,,,,
187,Pittsburgh,52,232,,,,,,
,Eastern Ky.,53,232,,,,,,
,BYU,51,232,,,,,,
,Southeast Mo. St.,53,232,,,,,,
191,Texas Southern,42,231,,,,,,
192,ETSU,52,230,,,,,,
193,Middle Tenn.,51,229,,,,,,
,Iona,53,229,,,,,,
,Penn,44,229,,,,,,
196,Northern Ky.,51,228,,,,,,
,Bethune-Cookman,49,228,,,,,,
198,East Carolina,59,227,,,,,,
,Weber St.,56,227,,,,,,
,George Mason,51,227,,,,,,
201,Bowling Green,49,226,,,,,,
,Southern Utah,51,226,,,,,,
,Longwood,53,226,,,,,,
,Colorado St.,51,226,,,,,,
,Presbyterian,52,226,,,,,,
206,ULM,58,225,,,,,,
,Alcorn,50,225,,,,,,
,Utah St.,54,225,,,,,,
209,UAlbany,45,221,,,,,,
,Valparaiso,52,221,,,,,,
211,Santa Clara,51,220,,,,,,
212,North Dakota,51,219,,,,,,
213,SIUE,58,218,,,,,,
,FDU,52,218,,,,,,
215,Dayton,50,217,,,,,,
,Saint Louis,51,217,,,,,,
,UAB,54,217,,,,,,
,Manhattan,52,217,,,,,,
,Loyola Chicago,52,217,,,,,,
,South Dakota,58,217,,,,,,
221,Ga. Southern,53,215,,,,,,
,Toledo,50,215,,,,,,
223,Boston College,51,214,,,,,,
224,FGCU,54,212,,,,,,
,Seton Hall,49,212,,,,,,
,Delaware St.,46,212,,,,,,
227,Tennessee Tech,50,211,,,,,,
228,Grambling,43,210,,,,,,
,Columbia,45,210,,,,,,
230,South Alabama,59,209,,,,,,
231,George Washington,45,208,,,,,,
,DePaul,50,208,,,,,,
233,Sacred Heart,54,207,,,,,,
234,Western Ill.,46,206,,,,,,
235,Illinois,54,205,,,,,,
,Monmouth,51,205,,,,,,
237,Lafayette,52,204,,,,,,
238,Furman,53,203,,,,,,
239,Drake,51,202,,,,,,
240,IU Indy,47,201,,,,,,
241,Norfolk St.,43,200,,,,,,
,Fresno St.,47,200,,,,,,
,Villanova,53,200,,,,,,
244,Bryant,44,199,,,,,,
,Michigan St.,51,199,,,,,,
,Missouri St.,50,199,,,,,,
247,Detroit Mercy,47,197,,,,,,
,Brown,45,197,,,,,,
249,Morgan St.,43,196,,,,,,
,Maryland,48,196,,,,,,
,Queens (NC),48,196,,,,,,
,Wagner,50,196,,,,,,
253,Mercer,50,195,,,,,,
254,Yale,45,193,,,,,,
255,Saint Francis,48,192,,,,,,
256,Maine,48,191,,,,,,
257,Pacific,52,190,,,,,,
,Lipscomb,51,190,,,,,,
259,Ark.-Pine Bluff,46,189,,,,,,
260,San Diego,51,188,,,,,,
,Stony Brook,50,188,,,,,,
262,Elon,51,187,,,,,,
263,Abilene Christian,48,185,,,,,,
264,Indiana St.,50,182,,,,,,
265,Georgetown,42,181,,,,,,
,Canisius,44,181,,,,,,
,UMES,48,181,,,,,,
,Stonehill,50,181,,,,,,
269,Mount St. Mary's,48,180,,,,,,
270,San Jose St.,48,179,,,,,,
271,UTEP,49,178,,,,,,
272,Radford,51,175,,,,,,
273,Rhode Island,47,173,,,,,,
,Bucknell,45,173,,,,,,
,Massachusetts,49,173,,,,,,
276,Siena,47,172,,,,,,
277,Portland St.,46,167,,,,,,
278,CSUN,46,165,,,,,,
279,Morehead St.,45,163,,,,,,
,Coppin St.,36,163,,,,,,
281,Syracuse,44,162,,,,,,
282,Kennesaw St.,50,161,,,,,,
,Kansas City,48,161,,,,,,
284,Saint Peter's,51,158,,,,,,
,Dartmouth,33,158,,,,,,
286,A&M-Corpus Christi,53,156,,,,,,
287,N.C. Central,48,155,,,,,,
288,Charleston So.,51,154,,,,,,
289,Niagara,42,152,,,,,,
290,Southern Ind.,47,151,,,,,,
291,Bellarmine,50,150,,,,,,
292,Minnesota,52,149,,,,,,
293,Tennessee St.,40,146,,,,,,
294,East Texas A&M,52,145,,,,,,
,CSU Bakersfield,50,145,,,,,,
296,St. Bonaventure,53,135,,,,,,
297,Merrimack,41,133,,,,,,
298,Hampton,43,131,,,,,,
299,Cal Poly,46,130,,,,,,
,Holy Cross,44,130,,,,,,
301,Houston Christian,47,115,,,,,,
302,UC Riverside,44,106,,,,,,
303,Mississippi Val.,39,101,,,,,,
304,UMBC,18,87,,,,,,
Reclassifying,,,,,,,,,
NR,West Ga.,55,212,,,,,,
NR,Le Moyne,51,203,,,,,,
NR,Mercyhurst,43,163,,,,,,
NR,New Haven,45,127,,,,,,
,,,,,,,,,
NCAA Softball,,,,,,,,,
Division IWL Percentage,,,,,,,,,
Through Games 06/04/2026,,,,,,,,,
,,,,,,,,,
,,,,,,,,,
Rank,Name,W,L,T,PCT,,,,
1,Nebraska,52,8,0,0.867,,,,
2,Alabama,56,9,0,0.862,,,,
3,Texas Tech,61,10,0,0.859,,,,
4,Grand Canyon,54,10,0,0.844,,,,
5,UCLA,53,10,0,0.841,,,,
6,Oklahoma,52,10,0,0.839,,,,
,Florida St.,52,10,0,0.839,,,,
8,Texas,53,12,0,0.815,,,,
9,Florida,52,12,0,0.813,,,,
10,Tennessee,49,12,0,0.803,,,,
11,Virginia Tech,48,12,0,0.800,,,,
12,Arkansas,47,13,0,0.783,,,,
13,Belmont,41,13,0,0.759,,,,
14,Louisville,44,14,0,0.759,,,,
15,Boston U.,47,15,0,0.758,,,,
16,Omaha,37,12,0,0.755,,,,
17,Oregon,41,14,0,0.745,,,,
18,Southeastern La.,46,16,0,0.742,,,,
19,Jacksonville St.,45,16,0,0.738,,,,
20,Western Ky.,39,14,0,0.736,,,,
21,Cal St. Fullerton,41,15,0,0.732,,,,
22,Indiana,43,16,0,0.729,,,,
23,Virginia,40,15,0,0.727,,,,
24,Saint Mary's (CA),42,16,0,0.724,,,,
25,Stanford,39,15,0,0.722,,,,
26,South Fla.,44,17,0,0.721,,,,
27,Duke,43,17,0,0.717,,,,
28,Arizona St.,45,18,0,0.714,,,,
,Texas Southern,30,12,0,0.714,,,,
30,Southern U.,37,15,0,0.712,,,,
31,Oklahoma St.,41,17,0,0.707,,,,
32,Princeton,34,15,0,0.694,,,,
33,California Baptist,43,19,0,0.694,,,,
,UNC Greensboro,43,19,0,0.694,,,,
35,North Ala.,36,16,0,0.692,,,,
36,UCF,41,19,1,0.680,,,,
37,Miami (OH),38,18,0,0.679,,,,
38,LSU,40,19,0,0.678,,,,
39,Wichita St.,35,17,0,0.673,,,,
40,Arizona,37,18,0,0.673,,,,
41,Georgia,41,20,0,0.672,,,,
42,Mississippi St.,43,21,0,0.672,,,,
43,Marshall,38,19,0,0.667,,,,
,Texas A&M,38,19,0,0.667,,,,
,Southern Ill.,34,17,0,0.667,,,,
46,Nevada,39,20,0,0.661,,,,
47,ULM,38,20,0,0.655,,,,
,Ohio,38,20,0,0.655,,,,
49,FIU,34,18,0,0.654,,,,
50,Idaho St.,37,20,0,0.649,,,,
,Washington,37,20,0,0.649,,,,
52,Wofford,35,19,0,0.648,,,,
53,McNeese,40,22,0,0.645,,,,
54,St. Thomas (MN),34,19,0,0.642,,,,
55,Central Ark.,36,20,1,0.640,,,,
56,North Florida,39,22,0,0.639,,,,
,Texas St.,39,22,0,0.639,,,,
58,Marist,37,21,0,0.638,,,,
59,LMU (CA),33,19,0,0.635,,,,
60,Utah,35,20,1,0.634,,,,
61,Robert Morris,31,18,0,0.633,,,,
62,Kansas,36,21,0,0.632,,,,
63,Fla. Atlantic,34,20,0,0.630,,,,
,Purdue,34,20,0,0.630,,,,
65,North Carolina,32,19,0,0.627,,,,
,UNCW,32,19,0,0.627,,,,
67,Stetson,37,22,0,0.627,,,,
68,USC Upstate,38,23,0,0.623,,,,
,Tarleton St.,38,23,0,0.623,,,,
70,Sacramento St.,33,20,0,0.623,,,,
71,Michigan,36,22,0,0.621,,,,
72,Jacksonville,34,21,0,0.618,,,,
73,UT Martin,33,21,0,0.611,,,,
,Wisconsin,33,21,0,0.611,,,,
,Penn St.,33,21,0,0.611,,,,
,UIW,33,21,0,0.611,,,,
77,Eastern Ill.,36,23,0,0.610,,,,
78,Delaware St.,28,18,0,0.609,,,,
79,Youngstown St.,31,20,0,0.608,,,,
80,Clemson,34,22,0,0.607,,,,
81,Hawaii,30,20,0,0.600,,,,
82,Campbell,34,23,0,0.596,,,,
83,Howard,28,19,0,0.596,,,,
,Central Conn. St.,28,19,0,0.596,,,,
85,Troy,32,22,0,0.593,,,,
,Florida A&M,32,22,0,0.593,,,,
87,Providence,29,20,0,0.592,,,,
88,Prairie View,27,19,0,0.587,,,,
89,Lamar University,34,24,0,0.586,,,,
,Western Caro.,34,24,0,0.586,,,,
91,UNLV,31,22,0,0.585,,,,
92,Akron,35,25,0,0.583,,,,
93,Iowa St.,32,23,0,0.582,,,,
,St. John's (NY),32,23,0,0.582,,,,
95,NIU,25,18,0,0.581,,,,
96,Ole Miss,36,26,0,0.581,,,,
97,App State,29,21,0,0.580,,,,
,Northwestern,29,21,0,0.580,,,,
99,Southern Miss.,33,24,0,0.579,,,,
100,East Carolina,34,25,0,0.576,,,,
101,Long Beach St.,31,23,0,0.574,,,,
,Hofstra,31,23,0,0.574,,,,
,Nicholls,31,23,0,0.574,,,,
,Utah Valley,31,23,0,0.574,,,,
105,Lindenwood,32,24,0,0.571,,,,
106,Army West Point,33,25,0,0.569,,,,
107,Illinois St.,29,22,0,0.569,,,,
108,Winthrop,30,23,0,0.566,,,,
109,Delaware,31,24,0,0.564,,,,
110,Gardner-Webb,32,25,0,0.561,,,,
111,Murray St.,29,23,0,0.558,,,,
112,Austin Peay,30,24,0,0.556,,,,
,UAlbany,25,20,0,0.556,,,,
,UMBC,10,8,0,0.556,,,,
115,Louisiana Tech,31,25,0,0.554,,,,
116,Charlotte,32,26,0,0.552,,,,
117,UNI,29,24,0,0.547,,,,
118,UC Santa Barbara,31,26,0,0.544,,,,
119,Butler,25,21,0,0.543,,,,
120,South Alabama,32,27,0,0.542,,,,
,Creighton,32,27,0,0.542,,,,
122,North Dakota St.,27,23,0,0.540,,,,
123,Loyola Chicago,28,24,0,0.538,,,,
124,UC Davis,29,25,0,0.537,,,,
125,SFA,30,26,0,0.536,,,,
126,UConn,32,28,0,0.533,,,,
,South Carolina,32,28,0,0.533,,,,
,Quinnipiac,24,21,0,0.533,,,,
129,Siena,25,22,0,0.532,,,,
130,North Dakota,27,24,0,0.529,,,,
,Fairfield,27,24,0,0.529,,,,
,James Madison,27,24,0,0.529,,,,
133,Colgate,29,26,0,0.527,,,,
,Western Mich.,29,26,0,0.527,,,,
135,Georgia Tech,32,29,0,0.525,,,,
136,South Carolina St.,23,21,0,0.523,,,,
137,Jackson St.,25,23,0,0.521,,,,
138,Dayton,26,24,0,0.520,,,,
139,Eastern Ky.,27,25,1,0.519,,,,
140,Louisiana,29,27,0,0.518,,,,
,Sam Houston,29,27,0,0.518,,,,
142,Baylor,30,28,0,0.517,,,,
143,Norfolk St.,22,21,0,0.512,,,,
144,George Washington,23,22,0,0.511,,,,
145,UT Arlington,24,23,0,0.511,,,,
146,Oakland,25,24,0,0.510,,,,
,Rider,25,24,0,0.510,,,,
,Central Mich.,25,24,0,0.510,,,,
149,George Mason,26,25,0,0.510,,,,
,Northern Ky.,26,25,0,0.510,,,,
,Saint Joseph's,26,25,0,0.510,,,,
,Santa Clara,26,25,0,0.510,,,,
153,NC State,27,26,0,0.509,,,,
,Iona,27,26,0,0.509,,,,
155,New Mexico,28,27,0,0.509,,,,
156,Liberty,29,28,0,0.509,,,,
157,Col. of Charleston,30,30,0,0.500,,,,
,SIUE,29,29,0,0.500,,,,
,North Texas,28,28,0,0.500,,,,
,Rutgers,27,27,0,0.500,,,,
,Iowa,27,27,0,0.500,,,,
,UMass Lowell,27,27,0,0.500,,,,
,New Mexico St.,27,27,0,0.500,,,,
164,Missouri,28,29,0,0.491,,,,
165,Fordham,27,28,0,0.491,,,,
,Auburn,27,28,0,0.491,,,,
167,Ohio St.,26,27,0,0.491,,,,
168,Towson,25,26,0,0.490,,,,
169,Fresno St.,23,24,0,0.489,,,,
170,Drexel,22,23,0,0.489,,,,
,Columbia,22,23,0,0.489,,,,
172,Cornell,21,22,0,0.488,,,,
173,Lehigh,26,28,0,0.481,,,,
174,Pittsburgh,25,27,0,0.481,,,,
175,San Diego St.,24,26,0,0.480,,,,
176,Ball St.,23,25,0,0.479,,,,
177,Harvard,21,23,1,0.478,,,,
178,Bryant,21,23,0,0.477,,,,
179,Samford,28,31,0,0.475,,,,
180,Kentucky,26,29,0,0.473,,,,
181,Notre Dame,25,28,0,0.472,,,,
182,Radford,24,27,0,0.471,,,,
,Northern Colo.,24,27,0,0.471,,,,
184,Brown,21,24,0,0.467,,,,
185,Chattanooga,25,29,1,0.464,,,,
186,Coastal Carolina,26,31,0,0.456,,,,
187,Boise St.,25,30,0,0.455,,,,
188,Northwestern St.,24,29,0,0.453,,,,
,Ga. Southern,24,29,0,0.453,,,,
190,Saint Louis,23,28,0,0.451,,,,
,UC San Diego,23,28,0,0.451,,,,
,Colorado St.,23,28,0,0.451,,,,
193,Rhode Island,21,26,0,0.447,,,,
194,Georgia St.,25,31,0,0.446,,,,
195,Indiana St.,22,28,0,0.440,,,,
,Wagner,22,28,0,0.440,,,,
,Missouri St.,22,28,0,0.440,,,,
198,Southeast Mo. St.,23,30,0,0.434,,,,
199,Alabama St.,24,32,0,0.429,,,,
,Buffalo,24,32,0,0.429,,,,
,LIU,24,32,0,0.429,,,,
,Bethune-Cookman,21,28,0,0.429,,,,
203,Sacred Heart,23,31,0,0.426,,,,
204,Binghamton,20,27,0,0.426,,,,
205,South Dakota St.,25,34,0,0.424,,,,
206,Valparaiso,22,30,0,0.423,,,,
,ETSU,22,30,0,0.423,,,,
208,UTSA,24,33,0,0.421,,,,
209,Stony Brook,21,29,0,0.420,,,,
210,Mount St. Mary's,20,28,0,0.417,,,,
211,Evansville,21,30,0,0.412,,,,
,Southern Utah,21,30,0,0.412,,,,
,San Diego,21,30,0,0.412,,,,
,Middle Tenn.,21,30,0,0.412,,,,
215,Syracuse,18,26,0,0.409,,,,
216,Bowling Green,20,29,0,0.408,,,,
217,Montana,22,32,0,0.407,,,,
218,Kent St.,20,30,0,0.400,,,,
,Mercer,20,30,0,0.400,,,,
,DePaul,20,30,0,0.400,,,,
221,UIC,21,32,1,0.398,,,,
222,Longwood,21,32,0,0.396,,,,
,Oregon St.,21,32,0,0.396,,,,
224,Maryland,19,29,0,0.396,,,,
225,Monmouth,20,31,0,0.392,,,,
,Houston,20,31,0,0.392,,,,
227,FGCU,21,33,0,0.389,,,,
,UAB,21,33,0,0.389,,,,
229,Massachusetts,19,30,0,0.388,,,,
,Seton Hall,19,30,0,0.388,,,,
231,Canisius,17,27,0,0.386,,,,
,Penn,17,27,0,0.386,,,,
233,FDU,20,32,0,0.385,,,,
,Presbyterian,20,32,0,0.385,,,,
235,Georgetown,16,26,0,0.381,,,,
236,Alabama A&M,19,31,0,0.380,,,,
237,Yale,17,28,0,0.378,,,,
238,N.C. A&T,20,33,0,0.377,,,,
,Tulsa,20,33,0,0.377,,,,
240,Seattle U,19,32,0,0.373,,,,
241,South Dakota,21,36,1,0.371,,,,
242,Utah Tech,19,34,0,0.358,,,,
243,Elon,18,33,0,0.353,,,,
,BYU,18,33,0,0.353,,,,
245,Utah St.,19,35,0,0.352,,,,
246,Morgan St.,15,28,0,0.349,,,,
247,Pacific,18,34,0,0.346,,,,
248,Green Bay,16,31,0,0.340,,,,
249,Grambling,14,28,1,0.337,,,,
250,Michigan St.,17,34,0,0.333,,,,
,Kansas City,16,32,0,0.333,,,,
252,Tennessee Tech,16,34,0,0.320,,,,
253,Detroit Mercy,15,32,0,0.319,,,,
,Southern Ind.,15,32,0,0.319,,,,
255,Memphis,18,39,0,0.316,,,,
256,San Jose St.,15,33,0,0.313,,,,
,UMES,15,33,0,0.313,,,,
258,Alcorn,15,34,1,0.310,,,,
259,Minnesota,16,36,0,0.308,,,,
,Lafayette,16,36,0,0.308,,,,
261,Ark.-Pine Bluff,14,32,0,0.304,,,,
,Portland St.,14,32,0,0.304,,,,
,CSUN,14,32,0,0.304,,,,
,Western Ill.,14,32,0,0.304,,,,
265,Dartmouth,10,23,0,0.303,,,,
266,Bradley,16,37,0,0.302,,,,
267,Toledo,15,35,0,0.300,,,,
268,Merrimack,12,29,0,0.293,,,,
269,Queens (NC),14,34,0,0.292,,,,
270,California,15,37,0,0.288,,,,
,Manhattan,15,37,0,0.288,,,,
272,Illinois,15,39,0,0.278,,,,
273,A&M-Corpus Christi,14,39,0,0.264,,,,
,Villanova,14,39,0,0.264,,,,
275,Stonehill,13,37,0,0.260,,,,
276,Lipscomb,13,38,0,0.255,,,,
,Boston College,13,38,0,0.255,,,,
,Drake,13,38,0,0.255,,,,
279,Weber St.,14,42,0,0.250,,,,
,Maine,12,36,0,0.250,,,,
,Coppin St.,9,27,0,0.250,,,,
282,Furman,13,40,0,0.245,,,,
283,UTEP,12,37,0,0.245,,,,
284,Bellarmine,12,38,0,0.240,,,,
285,Cal Poly,11,35,0,0.239,,,,
286,Houston Christian,11,36,0,0.234,,,,
287,Hampton,10,33,0,0.233,,,,
288,Holy Cross,10,34,0,0.227,,,,
289,Bucknell,9,35,1,0.211,,,,
290,CSU Bakersfield,10,40,0,0.200,,,,
291,Charleston So.,10,41,0,0.196,,,,
292,Niagara,8,34,0,0.190,,,,
293,St. Bonaventure,9,44,0,0.170,,,,
294,N.C. Central,8,40,0,0.167,,,,
295,Morehead St.,7,38,0,0.156,,,,
296,IU Indy,7,40,0,0.149,,,,
297,Abilene Christian,7,41,0,0.146,,,,
298,Kennesaw St.,7,43,0,0.140,,,,
299,Saint Peter's,7,44,0,0.137,,,,
300,UC Riverside,6,38,0,0.136,,,,
301,East Texas A&M,6,46,0,0.115,,,,
302,Saint Francis,5,42,1,0.115,,,,
303,Tennessee St.,2,38,0,0.050,,,,
304,Mississippi Val.,1,38,0,0.026,,,,
Reclassifying,,,,,,,,,
NR,Le Moyne,16,35,0,0.314,,,,
NR,West Ga.,15,40,0,0.273,,,,
NR,New Haven,10,35,0,0.222,,,,
NR,Mercyhurst,9,34,0,0.209,,,,
,,,,,,,,,
NCAA Softball,,,,,,,,,
Division IHome Runs per game,,,,,,,,,
Through Games 06/04/2026,,,,,,,,,
,,,,,,,,,
,,,,,,,,,
Rank,Name,G,HR,PG,,,,,
1,UCLA,63,209,3.32,,,,,
2,Oklahoma,62,187,3.02,,,,,
3,Ohio St.,53,119,2.25,,,,,
4,Texas Tech,71,145,2.04,,,,,
5,North Carolina,51,100,1.96,,,,,
6,Robert Morris,49,96,1.96,,,,,
7,Duke,60,117,1.95,,,,,
8,UNI,53,102,1.92,,,,,
9,Virginia Tech,60,108,1.80,,,,,
10,Florida,64,110,1.72,,,,,
11,Marshall,57,95,1.67,,,,,
12,Wichita St.,52,85,1.63,,,,,
13,Nebraska,60,97,1.62,,,,,
14,Colgate,55,88,1.60,,,,,
15,Arizona St.,63,99,1.57,,,,,
16,Alabama,65,102,1.57,,,,,
17,Ohio,58,91,1.57,,,,,
18,Penn St.,54,84,1.56,,,,,
19,App State,50,77,1.54,,,,,
20,Texas,65,99,1.52,,,,,
21,Indiana,59,87,1.47,,,,,
22,Coastal Carolina,57,84,1.47,,,,,
23,Omaha,49,72,1.47,,,,,
24,Texas A&M,57,83,1.46,,,,,
25,St. Thomas (MN),53,77,1.45,,,,,
26,Kansas,57,82,1.44,,,,,
27,Iowa St.,55,79,1.44,,,,,
28,Grand Canyon,64,91,1.42,,,,,
29,Ole Miss,62,88,1.42,,,,,
30,New Mexico St.,54,76,1.41,,,,,
31,Idaho St.,57,79,1.39,,,,,
32,Houston,51,70,1.37,,,,,
33,Rutgers,54,74,1.37,,,,,
34,Michigan,58,79,1.36,,,,,
35,Stetson,59,80,1.36,,,,,
36,Washington,57,77,1.35,,,,,
37,Arkansas,60,81,1.35,,,,,
38,Miami (OH),56,74,1.32,,,,,
39,Austin Peay,54,71,1.31,,,,,
40,James Madison,51,67,1.31,,,,,
41,Georgia,61,80,1.31,,,,,
42,Virginia,55,71,1.29,,,,,
43,Oregon,55,70,1.27,,,,,
44,Nevada,59,75,1.27,,,,,
45,Western Caro.,58,73,1.26,,,,,
46,UT Arlington,47,59,1.26,,,,,
47,Tennessee,61,76,1.25,,,,,
48,South Dakota St.,59,73,1.24,,,,,
49,Arizona,55,68,1.24,,,,,
,Auburn,55,68,1.24,,,,,
51,Georgia Tech,61,75,1.23,,,,,
52,Middle Tenn.,51,62,1.22,,,,,
53,North Ala.,52,63,1.21,,,,,
54,UCF,61,73,1.20,,,,,
55,Florida St.,62,73,1.18,,,,,
56,Oklahoma St.,58,68,1.17,,,,,
57,Oregon St.,53,62,1.17,,,,,
,Sacramento St.,53,62,1.17,,,,,
59,Providence,49,57,1.16,,,,,
60,Northwestern,50,58,1.16,,,,,
61,Stanford,54,61,1.13,,,,,
62,Western Ky.,53,59,1.11,,,,,
63,Kentucky,55,61,1.11,,,,,
64,Binghamton,47,52,1.11,,,,,
65,Southern Ill.,51,56,1.10,,,,,
66,Boston U.,62,68,1.10,,,,,
67,UIW,54,59,1.09,,,,,
68,UNC Greensboro,62,67,1.08,,,,,
69,BYU,51,55,1.08,,,,,
70,Utah,56,60,1.07,,,,,
71,Marist,58,62,1.07,,,,,
72,Clemson,56,59,1.05,,,,,
73,Charlotte,58,61,1.05,,,,,
74,UNLV,53,55,1.04,,,,,
75,Iowa,54,56,1.04,,,,,
76,Boise St.,55,57,1.04,,,,,
,New Mexico,55,57,1.04,,,,,
78,Mississippi St.,64,66,1.03,,,,,
79,Northern Colo.,51,52,1.02,,,,,
80,South Carolina,60,61,1.02,,,,,
,UConn,60,61,1.02,,,,,
82,Delaware,55,55,1.00,,,,,
,Wisconsin,54,54,1.00,,,,,
84,NC State,53,52,0.98,,,,,
85,Central Conn. St.,47,46,0.98,,,,,
86,LSU,59,57,0.97,,,,,
87,North Texas,56,54,0.96,,,,,
88,California,52,50,0.96,,,,,
89,Mercer,50,48,0.96,,,,,
90,Western Mich.,55,52,0.95,,,,,
91,Montana,54,51,0.94,,,,,
92,Youngstown St.,51,48,0.94,,,,,
,Illinois St.,51,48,0.94,,,,,
94,Columbia,45,42,0.93,,,,,
,Akron,60,56,0.93,,,,,
96,Cornell,43,40,0.93,,,,,
97,Hawaii,50,46,0.92,,,,,
98,Saint Francis,48,44,0.92,,,,,
99,Missouri,57,52,0.91,,,,,
100,Purdue,54,49,0.91,,,,,
101,McNeese,62,56,0.90,,,,,
102,Samford,59,53,0.90,,,,,
103,Sam Houston,56,50,0.89,,,,,
104,Utah St.,54,48,0.89,,,,,
105,Winthrop,53,47,0.89,,,,,
106,Norfolk St.,43,38,0.88,,,,,
107,San Diego St.,50,44,0.88,,,,,
108,Bradley,53,46,0.87,,,,,
109,Pittsburgh,52,45,0.87,,,,,
110,UC Santa Barbara,57,49,0.86,,,,,
111,Cal St. Fullerton,56,48,0.86,,,,,
112,Fla. Atlantic,54,46,0.85,,,,,
113,Creighton,59,50,0.85,,,,,
114,Liberty,57,48,0.84,,,,,
115,Penn,44,37,0.84,,,,,
116,Drake,51,42,0.82,,,,,
,Seattle U,51,42,0.82,,,,,
118,Texas St.,61,50,0.82,,,,,
119,Princeton,49,40,0.82,,,,,
120,Florida A&M,54,44,0.81,,,,,
121,Queens (NC),48,39,0.81,,,,,
122,Green Bay,47,38,0.81,,,,,
123,Murray St.,52,42,0.81,,,,,
124,UTSA,57,46,0.81,,,,,
125,UC San Diego,51,41,0.80,,,,,
126,Louisiana,56,45,0.80,,,,,
127,Tarleton St.,61,49,0.80,,,,,
,Jacksonville St.,61,49,0.80,,,,,
129,Hofstra,54,43,0.80,,,,,
,Utah Valley,54,43,0.80,,,,,
131,Central Mich.,49,39,0.80,,,,,
132,Illinois,54,42,0.78,,,,,
133,Louisville,58,45,0.78,,,,,
134,California Baptist,62,48,0.77,,,,,
135,Tulsa,53,41,0.77,,,,,
136,Evansville,51,39,0.76,,,,,
137,Jacksonville,55,42,0.76,,,,,
138,Dayton,50,38,0.76,,,,,
139,Drexel,45,34,0.76,,,,,
140,Syracuse,44,33,0.75,,,,,
141,Boston College,51,38,0.75,,,,,
142,Lamar University,58,43,0.74,,,,,
143,Missouri St.,50,37,0.74,,,,,
144,Memphis,57,42,0.74,,,,,
145,Eastern Ill.,59,43,0.73,,,,,
146,Towson,51,37,0.73,,,,,
147,Detroit Mercy,47,34,0.72,,,,,
148,Iona,53,38,0.72,,,,,
149,Louisiana Tech,56,40,0.71,,,,,
150,Southern U.,52,37,0.71,,,,,
151,Brown,45,32,0.71,,,,,
152,Central Ark.,57,40,0.70,,,,,
153,NIU,43,30,0.70,,,,,
154,Rider,49,34,0.69,,,,,
155,Manhattan,52,36,0.69,,,,,
156,George Washington,45,31,0.69,,,,,
,Harvard,45,31,0.69,,,,,
158,Monmouth,51,35,0.69,,,,,
159,Belmont,54,37,0.69,,,,,
160,Longwood,53,36,0.68,,,,,
161,Army West Point,58,39,0.67,,,,,
,Saint Mary's (CA),58,39,0.67,,,,,
163,DePaul,50,33,0.66,,,,,
164,Troy,54,35,0.65,,,,,
165,N.C. A&T,53,34,0.64,,,,,
,Notre Dame,53,34,0.64,,,,,
167,Alabama A&M,50,32,0.64,,,,,
,Toledo,50,32,0.64,,,,,
,North Dakota St.,50,32,0.64,,,,,
170,North Florida,61,39,0.64,,,,,
,USC Upstate,61,39,0.64,,,,,
172,Gardner-Webb,57,36,0.63,,,,,
173,South Alabama,59,37,0.63,,,,,
174,Maryland,48,30,0.63,,,,,
175,Nicholls,54,33,0.61,,,,,
176,Buffalo,56,34,0.61,,,,,
177,Abilene Christian,48,29,0.60,,,,,
,Ball St.,48,29,0.60,,,,,
179,Utah Tech,53,32,0.60,,,,,
,Furman,53,32,0.60,,,,,
,Villanova,53,32,0.60,,,,,
182,Georgetown,42,25,0.60,,,,,
183,Southern Utah,51,30,0.59,,,,,
184,Fresno St.,47,27,0.57,,,,,
185,Sacred Heart,54,31,0.57,,,,,
186,SFA,56,32,0.57,,,,,
187,Colorado St.,51,29,0.57,,,,,
,George Mason,51,29,0.57,,,,,
189,Southeast Mo. St.,53,30,0.57,,,,,
190,Lafayette,52,29,0.56,,,,,
191,UAlbany,45,25,0.56,,,,,
192,Georgia St.,56,31,0.55,,,,,
,LIU,56,31,0.55,,,,,
194,IU Indy,47,26,0.55,,,,,
195,UTEP,49,27,0.55,,,,,
196,Texas Southern,42,23,0.55,,,,,
197,Dartmouth,33,18,0.55,,,,,
198,Butler,46,25,0.54,,,,,
199,Kent St.,50,27,0.54,,,,,
200,LMU (CA),52,28,0.54,,,,,
,FIU,52,28,0.54,,,,,
202,Lehigh,54,29,0.54,,,,,
,UIC,54,29,0.54,,,,,
204,Baylor,58,31,0.53,,,,,
205,Michigan St.,51,27,0.53,,,,,
,Saint Joseph's,51,27,0.53,,,,,
207,Canisius,44,23,0.52,,,,,
208,Portland St.,46,24,0.52,,,,,
209,Minnesota,52,27,0.52,,,,,
210,Oakland,49,25,0.51,,,,,
211,South Fla.,61,31,0.51,,,,,
212,UAB,54,27,0.50,,,,,
,Coppin St.,36,18,0.50,,,,,
,Maine,48,24,0.50,,,,,
,Bryant,44,22,0.50,,,,,
216,Fordham,55,27,0.49,,,,,
217,Southeastern La.,62,30,0.48,,,,,
218,Lindenwood,56,27,0.48,,,,,
,Weber St.,56,27,0.48,,,,,
220,Long Beach St.,54,26,0.48,,,,,
221,ETSU,52,25,0.48,,,,,
222,Tennessee Tech,50,24,0.48,,,,,
223,South Carolina St.,44,21,0.48,,,,,
224,East Carolina,59,28,0.47,,,,,
225,North Dakota,51,24,0.47,,,,,
226,Seton Hall,49,23,0.47,,,,,
227,Siena,47,22,0.47,,,,,
228,Merrimack,41,19,0.46,,,,,
229,Holy Cross,44,20,0.45,,,,,
,Chattanooga,55,25,0.45,,,,,
231,Ga. Southern,53,24,0.45,,,,,
232,Niagara,42,19,0.45,,,,,
233,Fairfield,51,23,0.45,,,,,
234,Bowling Green,49,22,0.45,,,,,
235,Morehead St.,45,20,0.44,,,,,
236,Pacific,52,23,0.44,,,,,
237,Bellarmine,50,22,0.44,,,,,
,Stony Brook,50,22,0.44,,,,,
,Kennesaw St.,50,22,0.44,,,,,
240,Saint Louis,51,22,0.43,,,,,
241,Alabama St.,56,24,0.43,,,,,
242,UT Martin,54,22,0.41,,,,,
,Wofford,54,22,0.41,,,,,
244,ULM,58,23,0.40,,,,,
,South Dakota,58,23,0.40,,,,,
246,San Jose St.,48,19,0.40,,,,,
247,Morgan St.,43,17,0.40,,,,,
248,San Diego,51,20,0.39,,,,,
,Lipscomb,51,20,0.39,,,,,
250,Ark.-Pine Bluff,46,18,0.39,,,,,
251,FGCU,54,21,0.39,,,,,
,UMass Lowell,54,21,0.39,,,,,
,UMBC,18,7,0.39,,,,,
254,Valparaiso,52,20,0.38,,,,,
255,Alcorn,50,19,0.38,,,,,
,Indiana St.,50,19,0.38,,,,,
257,Quinnipiac,45,17,0.38,,,,,
258,Eastern Ky.,53,20,0.38,,,,,
259,UMES,48,18,0.38,,,,,
260,Radford,51,19,0.37,,,,,
261,East Texas A&M,52,19,0.37,,,,,
262,UC Riverside,44,16,0.36,,,,,
263,Howard,47,17,0.36,,,,,
264,UC Davis,54,19,0.35,,,,,
265,Southern Miss.,57,20,0.35,,,,,
266,Western Ill.,46,16,0.35,,,,,
267,St. Bonaventure,53,18,0.34,,,,,
268,Santa Clara,51,17,0.33,,,,,
,Northern Ky.,51,17,0.33,,,,,
270,Hampton,43,14,0.33,,,,,
271,Mount St. Mary's,48,15,0.31,,,,,
272,SIUE,58,18,0.31,,,,,
273,Loyola Chicago,52,16,0.31,,,,,
274,Campbell,57,17,0.30,,,,,
275,Elon,51,15,0.29,,,,,
276,Presbyterian,52,15,0.29,,,,,
277,Col. of Charleston,60,17,0.28,,,,,
278,Northwestern St.,53,15,0.28,,,,,
279,Stonehill,50,14,0.28,,,,,
280,Rhode Island,47,13,0.28,,,,,
281,Saint Peter's,51,14,0.27,,,,,
282,St. John's (NY),55,14,0.25,,,,,
283,Jackson St.,48,12,0.25,,,,,
284,CSUN,46,11,0.24,,,,,
,Prairie View,46,11,0.24,,,,,
286,UNCW,51,12,0.24,,,,,
287,Houston Christian,47,11,0.23,,,,,
288,Delaware St.,46,10,0.22,,,,,
289,FDU,52,11,0.21,,,,,
290,Bucknell,45,9,0.20,,,,,
291,Cal Poly,46,9,0.20,,,,,
292,Massachusetts,49,9,0.18,,,,,
293,CSU Bakersfield,50,9,0.18,,,,,
294,Tennessee St.,40,7,0.18,,,,,
295,Yale,45,7,0.16,,,,,
296,Wagner,50,7,0.14,,,,,
297,Grambling,43,6,0.14,,,,,
298,Charleston So.,51,7,0.14,,,,,
299,Southern Ind.,47,5,0.11,,,,,
300,A&M-Corpus Christi,53,5,0.09,,,,,
301,N.C. Central,48,4,0.08,,,,,
302,Bethune-Cookman,49,4,0.08,,,,,
303,Kansas City,48,3,0.06,,,,,
Reclassifying,,,,,,,,,
NR,West Ga.,55,34,0.62,,,,,
NR,Mercyhurst,43,26,0.60,,,,,
NR,Le Moyne,51,25,0.49,,,,,
NR,New Haven,45,9,0.20,,,,,
,,,,,,,,,
NCAA Softball,,,,,,,,,
Division IDoubles per Game,,,,,,,,,
Through Games 06/04/2026,,,,,,,,,
,,,,,,,,,
,,,,,,,,,
Rank,Name,G,2B,PG,,,,,
1,Robert Morris,49,103,2.10,,,,,
2,Central Conn. St.,47,96,2.04,,,,,
3,Florida St.,62,123,1.98,,,,,
4,Iowa St.,55,108,1.96,,,,,
5,Ohio,58,113,1.95,,,,,
6,Green Bay,47,91,1.94,,,,,
7,Louisville,58,112,1.93,,,,,
8,Stanford,54,103,1.91,,,,,
9,Florida,64,120,1.88,,,,,
10,Virginia Tech,60,112,1.87,,,,,
11,UCLA,63,116,1.84,,,,,
12,Cornell,43,79,1.84,,,,,
13,Binghamton,47,85,1.81,,,,,
14,Jacksonville St.,61,110,1.80,,,,,
15,UAlbany,45,81,1.80,,,,,
16,Montana,54,97,1.80,,,,,
17,Illinois St.,51,91,1.78,,,,,
18,Indiana,59,105,1.78,,,,,
19,Long Beach St.,54,95,1.76,,,,,
,Utah Valley,54,95,1.76,,,,,
21,Georgia,61,106,1.74,,,,,
22,Princeton,49,85,1.73,,,,,
23,Creighton,59,102,1.73,,,,,
24,Gardner-Webb,57,98,1.72,,,,,
25,Texas Tech,71,122,1.72,,,,,
26,Youngstown St.,51,87,1.71,,,,,
27,USC Upstate,61,104,1.70,,,,,
28,Hofstra,54,92,1.70,,,,,
29,Kansas,57,97,1.70,,,,,
,Idaho St.,57,97,1.70,,,,,
31,St. Thomas (MN),53,90,1.70,,,,,
32,NIU,43,73,1.70,,,,,
33,Miami (OH),56,95,1.70,,,,,
34,Duke,60,101,1.68,,,,,
35,Nevada,59,99,1.68,,,,,
36,Arizona St.,63,105,1.67,,,,,
37,Nebraska,60,99,1.65,,,,,
38,Northern Ky.,51,84,1.65,,,,,
,Seattle U,51,84,1.65,,,,,
40,George Washington,45,74,1.64,,,,,
41,Lamar University,58,95,1.64,,,,,
42,UConn,60,98,1.63,,,,,
43,Central Ark.,57,93,1.63,,,,,
44,UIW,54,88,1.63,,,,,
45,Northern Colo.,51,83,1.63,,,,,
46,South Dakota St.,59,96,1.63,,,,,
47,UNI,53,86,1.62,,,,,
48,Arkansas,60,97,1.62,,,,,
49,Oakland,49,79,1.61,,,,,
50,Iona,53,85,1.60,,,,,
51,Troy,54,86,1.59,,,,,
,Lehigh,54,86,1.59,,,,,
53,Central Mich.,49,78,1.59,,,,,
54,LIU,56,89,1.59,,,,,
55,UT Arlington,47,74,1.57,,,,,
56,California Baptist,62,97,1.56,,,,,
,McNeese,62,97,1.56,,,,,
58,Colgate,55,86,1.56,,,,,
59,Northwestern,50,78,1.56,,,,,
60,Iowa,54,84,1.56,,,,,
61,North Dakota,51,79,1.55,,,,,
,Middle Tenn.,51,79,1.55,,,,,
63,UNC Greensboro,62,96,1.55,,,,,
64,Georgetown,42,65,1.55,,,,,
65,Western Mich.,55,85,1.55,,,,,
66,Penn St.,54,83,1.54,,,,,
,Wofford,54,83,1.54,,,,,
68,Michigan,58,89,1.53,,,,,
69,Utah St.,54,82,1.52,,,,,
70,Rider,49,74,1.51,,,,,
,UTEP,49,74,1.51,,,,,
72,Saint Joseph's,51,77,1.51,,,,,
73,Nicholls,54,81,1.50,,,,,
,North Dakota St.,50,75,1.50,,,,,
,Florida A&M,54,81,1.50,,,,,
,Belmont,54,81,1.50,,,,,
,New Mexico St.,54,81,1.50,,,,,
,Rutgers,54,81,1.50,,,,,
79,Texas A&M,57,85,1.49,,,,,
80,Evansville,51,76,1.49,,,,,
,James Madison,51,76,1.49,,,,,
82,Oklahoma,62,92,1.48,,,,,
,Boston U.,62,92,1.48,,,,,
84,North Texas,56,83,1.48,,,,,
85,Purdue,54,80,1.48,,,,,
86,Georgia Tech,61,90,1.48,,,,,
87,Oklahoma St.,58,85,1.47,,,,,
88,Clemson,56,82,1.46,,,,,
89,Tennessee,61,89,1.46,,,,,
90,UC Santa Barbara,57,83,1.46,,,,,
91,Penn,44,64,1.45,,,,,
,Boise St.,55,80,1.45,,,,,
93,Mississippi St.,64,93,1.45,,,,,
94,Utah Tech,53,77,1.45,,,,,
,Western Ky.,53,77,1.45,,,,,
96,Sacred Heart,54,78,1.44,,,,,
,Wisconsin,54,78,1.44,,,,,
,Quinnipiac,45,65,1.44,,,,,
99,Wichita St.,52,75,1.44,,,,,
100,Norfolk St.,43,62,1.44,,,,,
101,Washington,57,82,1.44,,,,,
,Liberty,57,82,1.44,,,,,
103,Colorado St.,51,73,1.43,,,,,
104,ULM,58,83,1.43,,,,,
105,Columbia,45,64,1.42,,,,,
106,Ball St.,48,68,1.42,,,,,
107,Sacramento St.,53,75,1.42,,,,,
,Notre Dame,53,75,1.42,,,,,
109,Towson,51,72,1.41,,,,,
,Drake,51,72,1.41,,,,,
111,Omaha,49,69,1.41,,,,,
112,Pacific,52,73,1.40,,,,,
113,Jacksonville,55,77,1.40,,,,,
,Texas,65,91,1.40,,,,,
115,UNLV,53,74,1.40,,,,,
116,Dartmouth,33,46,1.39,,,,,
117,Louisiana,56,78,1.39,,,,,
118,Southern Ill.,51,71,1.39,,,,,
119,Fla. Atlantic,54,75,1.39,,,,,
120,Presbyterian,52,72,1.38,,,,,
,Lafayette,52,72,1.38,,,,,
122,Howard,47,65,1.38,,,,,
123,Kentucky,55,76,1.38,,,,,
124,Bucknell,45,62,1.38,,,,,
125,Bradley,53,73,1.38,,,,,
126,UCF,61,84,1.38,,,,,
127,Utah,56,77,1.38,,,,,
128,Stetson,59,81,1.37,,,,,
129,San Diego,51,70,1.37,,,,,
,UNCW,51,70,1.37,,,,,
,George Mason,51,70,1.37,,,,,
132,South Carolina,60,82,1.37,,,,,
133,Oregon,55,75,1.36,,,,,
134,Coppin St.,36,49,1.36,,,,,
135,Alabama A&M,50,68,1.36,,,,,
,Toledo,50,68,1.36,,,,,
137,Tulsa,53,72,1.36,,,,,
,Ga. Southern,53,72,1.36,,,,,
139,Cal St. Fullerton,56,76,1.36,,,,,
140,Southeastern La.,62,84,1.35,,,,,
141,Butler,46,62,1.35,,,,,
142,LSU,59,79,1.34,,,,,
143,North Ala.,52,69,1.33,,,,,
144,Seton Hall,49,65,1.33,,,,,
145,Sam Houston,56,74,1.32,,,,,
146,Marist,58,76,1.31,,,,,
147,Loyola Chicago,52,68,1.31,,,,,
148,Grambling,43,56,1.30,,,,,
149,Oregon St.,53,69,1.30,,,,,
150,Kent St.,50,65,1.30,,,,,
,DePaul,50,65,1.30,,,,,
,Missouri St.,50,65,1.30,,,,,
153,Saint Louis,51,66,1.29,,,,,
154,Baylor,58,75,1.29,,,,,
155,Abilene Christian,48,62,1.29,,,,,
156,Auburn,55,71,1.29,,,,,
,Virginia,55,71,1.29,,,,,
158,Drexel,45,58,1.29,,,,,
159,Providence,49,63,1.29,,,,,
,Alabama St.,56,72,1.29,,,,,
161,Campbell,57,73,1.28,,,,,
162,Morgan St.,43,55,1.28,,,,,
163,Saint Mary's (CA),58,74,1.28,,,,,
164,North Carolina,51,65,1.27,,,,,
,Michigan St.,51,65,1.27,,,,,
166,Chattanooga,55,70,1.27,,,,,
,South Carolina St.,44,56,1.27,,,,,
168,South Alabama,59,75,1.27,,,,,
169,FDU,52,66,1.27,,,,,
170,Buffalo,56,71,1.27,,,,,
171,Akron,60,76,1.27,,,,,
172,Grand Canyon,64,81,1.27,,,,,
173,Southern Miss.,57,72,1.26,,,,,
174,South Fla.,61,77,1.26,,,,,
175,Wagner,50,63,1.26,,,,,
176,Western Caro.,58,73,1.26,,,,,
177,California,52,65,1.25,,,,,
,Louisiana Tech,56,70,1.25,,,,,
,Jackson St.,48,60,1.25,,,,,
180,Bowling Green,49,61,1.24,,,,,
181,Yale,45,56,1.24,,,,,
182,Austin Peay,54,67,1.24,,,,,
183,New Mexico,55,68,1.24,,,,,
184,Fairfield,51,63,1.24,,,,,
185,Siena,47,58,1.23,,,,,
186,Texas St.,61,75,1.23,,,,,
,Tarleton St.,61,75,1.23,,,,,
188,UMES,48,59,1.23,,,,,
189,Villanova,53,65,1.23,,,,,
190,Army West Point,58,71,1.22,,,,,
191,UC Davis,54,66,1.22,,,,,
,UMass Lowell,54,66,1.22,,,,,
,Brown,45,55,1.22,,,,,
194,Tennessee Tech,50,61,1.22,,,,,
195,North Florida,61,74,1.21,,,,,
196,Fresno St.,47,57,1.21,,,,,
197,Manhattan,52,63,1.21,,,,,
198,Maine,48,58,1.21,,,,,
199,Eastern Ky.,53,64,1.21,,,,,
,Furman,53,64,1.21,,,,,
,Northwestern St.,53,64,1.21,,,,,
202,San Diego St.,50,60,1.20,,,,,
,Stonehill,50,60,1.20,,,,,
,Hawaii,50,60,1.20,,,,,
,App State,50,60,1.20,,,,,
206,Lindenwood,56,67,1.20,,,,,
207,UC San Diego,51,61,1.20,,,,,
208,Niagara,42,50,1.19,,,,,
209,Charlotte,58,69,1.19,,,,,
210,NC State,53,63,1.19,,,,,
211,Mount St. Mary's,48,57,1.19,,,,,
212,Alabama,65,77,1.18,,,,,
213,Arizona,55,65,1.18,,,,,
214,Dayton,50,59,1.18,,,,,
215,Boston College,51,60,1.18,,,,,
216,Memphis,57,67,1.18,,,,,
217,Western Ill.,46,54,1.17,,,,,
218,Valparaiso,52,61,1.17,,,,,
219,Longwood,53,62,1.17,,,,,
220,UMBC,18,21,1.17,,,,,
,Queens (NC),48,56,1.17,,,,,
222,Canisius,44,51,1.16,,,,,
223,Missouri,57,66,1.16,,,,,
224,Southern U.,52,60,1.15,,,,,
225,Samford,59,68,1.15,,,,,
226,Southeast Mo. St.,53,61,1.15,,,,,
227,Col. of Charleston,60,69,1.15,,,,,
228,Texas Southern,42,48,1.14,,,,,
229,South Dakota,58,66,1.14,,,,,
230,Radford,51,58,1.14,,,,,
231,ETSU,52,59,1.13,,,,,
232,Morehead St.,45,51,1.13,,,,,
233,Ohio St.,53,60,1.13,,,,,
234,Massachusetts,49,55,1.12,,,,,
235,Saint Peter's,51,57,1.12,,,,,
236,Fordham,55,61,1.11,,,,,
237,BYU,51,56,1.10,,,,,
,Houston,51,56,1.10,,,,,
239,Winthrop,53,58,1.09,,,,,
240,Maryland,48,52,1.08,,,,,
241,SFA,56,60,1.07,,,,,
242,Harvard,45,48,1.07,,,,,
243,Cal Poly,46,49,1.07,,,,,
244,Stony Brook,50,53,1.06,,,,,
245,Southern Utah,51,54,1.06,,,,,
246,FIU,52,55,1.06,,,,,
247,SIUE,58,61,1.05,,,,,
248,East Carolina,59,62,1.05,,,,,
249,Ole Miss,62,65,1.05,,,,,
250,Prairie View,46,48,1.04,,,,,
251,Kennesaw St.,50,52,1.04,,,,,
252,Monmouth,51,53,1.04,,,,,
253,Minnesota,52,54,1.04,,,,,
254,FGCU,54,56,1.04,,,,,
255,Georgia St.,56,58,1.04,,,,,
256,UC Riverside,44,45,1.02,,,,,
257,Delaware St.,46,47,1.02,,,,,
258,UT Martin,54,55,1.02,,,,,
259,Delaware,55,56,1.02,,,,,
260,Weber St.,56,57,1.02,,,,,
261,Marshall,57,56,0.98,,,,,
262,Pittsburgh,52,51,0.98,,,,,
263,Indiana St.,50,49,0.98,,,,,
264,Coastal Carolina,57,55,0.96,,,,,
265,LMU (CA),52,50,0.96,,,,,
266,Lipscomb,51,49,0.96,,,,,
267,Hampton,43,41,0.95,,,,,
268,UIC,54,51,0.94,,,,,
269,Mercer,50,47,0.94,,,,,
270,San Jose St.,48,45,0.94,,,,,
271,Southern Ind.,47,44,0.94,,,,,
,Rhode Island,47,44,0.94,,,,,
273,Ark.-Pine Bluff,46,43,0.93,,,,,
274,UTSA,57,53,0.93,,,,,
275,Merrimack,41,38,0.93,,,,,
276,Illinois,54,50,0.93,,,,,
277,N.C. A&T,53,49,0.92,,,,,
278,Murray St.,52,48,0.92,,,,,
279,Elon,51,47,0.92,,,,,
280,Alcorn,50,46,0.92,,,,,
281,St. Bonaventure,53,48,0.91,,,,,
282,Eastern Ill.,59,53,0.90,,,,,
283,Saint Francis,48,43,0.90,,,,,
284,CSUN,46,41,0.89,,,,,
285,Holy Cross,44,39,0.89,,,,,
,Bryant,44,39,0.89,,,,,
287,Santa Clara,51,45,0.88,,,,,
288,Charleston So.,51,44,0.86,,,,,
289,CSU Bakersfield,50,43,0.86,,,,,
290,UAB,54,46,0.85,,,,,
291,Portland St.,46,39,0.85,,,,,
292,East Texas A&M,52,44,0.85,,,,,
293,Syracuse,44,37,0.84,,,,,
294,St. John's (NY),55,46,0.84,,,,,
295,Bellarmine,50,41,0.82,,,,,
296,Detroit Mercy,47,37,0.79,,,,,
297,Bethune-Cookman,49,38,0.78,,,,,
298,Tennessee St.,40,31,0.78,,,,,
299,Kansas City,48,37,0.77,,,,,
300,Houston Christian,47,36,0.77,,,,,
301,N.C. Central,48,36,0.75,,,,,
302,A&M-Corpus Christi,53,38,0.72,,,,,
303,IU Indy,47,32,0.68,,,,,
304,Mississippi Val.,39,19,0.49,,,,,
Reclassifying,,,,,,,,,
NR,Mercyhurst,43,60,1.40,,,,,
NR,Le Moyne,51,62,1.22,,,,,
NR,New Haven,45,44,0.98,,,,,
NR,West Ga.,55,53,0.96,,,,,
,,,,,,,,,
NCAA Softball,,,,,,,,,
Division ITotal Stolen Bases,,,,,,,,,
Through Games 06/04/2026,,,,,,,,,
,,,,,,,,,
,,,,,,,,,
Rank,Name,G,SB,,,,,,
1,Prairie View,46,168,,,,,,
2,Jackson St.,48,161,,,,,,
3,Texas Tech,71,137,,,,,,
4,Southern U.,52,136,,,,,,
,Indiana,59,136,,,,,,
6,Louisville,58,129,,,,,,
,Southeastern La.,62,129,,,,,,
8,Creighton,59,124,,,,,,
9,Bethune-Cookman,49,123,,,,,,
10,Col. of Charleston,60,119,,,,,,
11,North Florida,61,118,,,,,,
12,USC Upstate,61,113,,,,,,
13,Alabama A&M,50,112,,,,,,
14,Alabama St.,56,108,,,,,,
15,Nicholls,54,106,,,,,,
,Howard,47,106,,,,,,
17,Cal St. Fullerton,56,101,,,,,,
,Mount St. Mary's,48,101,,,,,,
,Troy,54,101,,,,,,
20,FIU,52,99,,,,,,
,Pittsburgh,52,99,,,,,,
,McNeese,62,99,,,,,,
23,Delaware St.,46,97,,,,,,
24,UMES,48,95,,,,,,
25,UT Martin,54,94,,,,,,
26,Wofford,54,92,,,,,,
,Bowling Green,49,92,,,,,,
28,UNCW,51,91,,,,,,
,Campbell,57,91,,,,,,
30,Nevada,59,90,,,,,,
31,Oakland,49,89,,,,,,
32,Saint Joseph's,51,88,,,,,,
33,Northern Ky.,51,86,,,,,,
,Lindenwood,56,86,,,,,,
,LIU,56,86,,,,,,
36,George Mason,51,85,,,,,,
37,LMU (CA),52,84,,,,,,
38,Texas,65,83,,,,,,
39,Baylor,58,82,,,,,,
,Purdue,54,82,,,,,,
41,Central Ark.,57,81,,,,,,
42,Grand Canyon,64,80,,,,,,
,A&M-Corpus Christi,53,80,,,,,,
,Grambling,43,80,,,,,,
45,Dayton,50,78,,,,,,
,Western Caro.,58,78,,,,,,
,Murray St.,52,78,,,,,,
,Sam Houston,56,78,,,,,,
49,Buffalo,56,77,,,,,,
50,Saint Mary's (CA),58,76,,,,,,
,Alabama,65,76,,,,,,
,California Baptist,62,76,,,,,,
53,Manhattan,52,75,,,,,,
,Santa Clara,51,75,,,,,,
,Bryant,44,75,,,,,,
,Loyola Chicago,52,75,,,,,,
57,UC Davis,54,74,,,,,,
,Lipscomb,51,74,,,,,,
,Iona,53,74,,,,,,
60,Oklahoma St.,58,73,,,,,,
,Western Ky.,53,73,,,,,,
62,Army West Point,58,72,,,,,,
,Northwestern St.,53,72,,,,,,
,Georgia St.,56,72,,,,,,
65,North Dakota St.,50,71,,,,,,
66,UConn,60,69,,,,,,
,California,52,69,,,,,,
,Georgia Tech,61,69,,,,,,
69,Kent St.,50,68,,,,,,
,ULM,58,68,,,,,,
,Memphis,57,68,,,,,,
72,South Carolina St.,44,67,,,,,,
,Oklahoma,62,67,,,,,,
74,DePaul,50,65,,,,,,
75,Longwood,53,63,,,,,,
,Alcorn,50,63,,,,,,
,FDU,52,63,,,,,,
,Indiana St.,50,63,,,,,,
79,Delaware,55,62,,,,,,
,UAlbany,45,62,,,,,,
,Belmont,54,62,,,,,,
,UT Arlington,47,62,,,,,,
,Florida A&M,54,62,,,,,,
84,Cornell,43,61,,,,,,
,Miami (OH),56,61,,,,,,
,Florida St.,62,61,,,,,,
,N.C. A&T,53,61,,,,,,
88,Butler,46,60,,,,,,
,Central Mich.,49,60,,,,,,
,Hofstra,54,60,,,,,,
,North Ala.,52,60,,,,,,
,Penn St.,54,60,,,,,,
93,Utah Tech,53,59,,,,,,
,Utah Valley,54,59,,,,,,
,Notre Dame,53,59,,,,,,
,Fairfield,51,59,,,,,,
,Sacramento St.,53,59,,,,,,
98,UIC,54,58,,,,,,
,Chattanooga,55,58,,,,,,
,SIUE,58,58,,,,,,
101,Lehigh,54,57,,,,,,
,NC State,53,57,,,,,,
,Tennessee,61,57,,,,,,
,SFA,56,57,,,,,,
,Tennessee Tech,50,57,,,,,,
,Northwestern,50,57,,,,,,
107,UCF,61,55,,,,,,
,Iowa,54,55,,,,,,
,Charlotte,58,55,,,,,,
,N.C. Central,48,55,,,,,,
,UTSA,57,55,,,,,,
,Southeast Mo. St.,53,55,,,,,,
,Southern Miss.,57,55,,,,,,
,Texas Southern,42,55,,,,,,
,South Fla.,61,55,,,,,,
116,LSU,59,54,,,,,,
,Arizona St.,63,54,,,,,,
,Virginia,55,54,,,,,,
,Syracuse,44,54,,,,,,
,Eastern Ky.,53,54,,,,,,
121,UMass Lowell,54,53,,,,,,
,Marist,58,53,,,,,,
,Charleston So.,51,53,,,,,,
,Valparaiso,52,53,,,,,,
,Southern Ind.,47,53,,,,,,
,Texas St.,61,53,,,,,,
,Penn,44,53,,,,,,
128,FGCU,54,52,,,,,,
,Marshall,57,52,,,,,,
,App State,50,52,,,,,,
,Fla. Atlantic,54,52,,,,,,
,Virginia Tech,60,52,,,,,,
,Hawaii,50,52,,,,,,
,Jacksonville,55,52,,,,,,
,St. John's (NY),55,52,,,,,,
,Georgetown,42,52,,,,,,
137,Louisiana Tech,56,51,,,,,,
,Kentucky,55,51,,,,,,
,Duke,60,51,,,,,,
140,UIW,54,50,,,,,,
,Oregon St.,53,50,,,,,,
,Louisiana,56,50,,,,,,
,San Jose St.,48,50,,,,,,
,Princeton,49,50,,,,,,
145,Ark.-Pine Bluff,46,49,,,,,,
,Akron,60,49,,,,,,
,Idaho St.,57,49,,,,,,
,Furman,53,49,,,,,,
,CSUN,46,49,,,,,,
150,Florida,64,48,,,,,,
,Ball St.,48,48,,,,,,
152,Long Beach St.,54,47,,,,,,
,Eastern Ill.,59,47,,,,,,
,Fordham,55,47,,,,,,
,Rutgers,54,47,,,,,,
,UNI,53,47,,,,,,
,Radford,51,47,,,,,,
,Western Ill.,46,47,,,,,,
159,Elon,51,46,,,,,,
,UC Santa Barbara,57,46,,,,,,
,Canisius,44,46,,,,,,
,ETSU,52,46,,,,,,
,Ga. Southern,53,46,,,,,,
,Wagner,50,46,,,,,,
,Winthrop,53,46,,,,,,
,St. Thomas (MN),53,46,,,,,,
,Samford,59,46,,,,,,
,South Alabama,59,46,,,,,,
,Texas A&M,57,46,,,,,,
,James Madison,51,46,,,,,,
171,Yale,45,45,,,,,,
172,Massachusetts,49,44,,,,,,
,Michigan,58,44,,,,,,
,Stanford,54,44,,,,,,
,Clemson,56,44,,,,,,
,NIU,43,44,,,,,,
,Cal Poly,46,44,,,,,,
178,Drexel,45,43,,,,,,
,Harvard,45,43,,,,,,
,Washington,57,43,,,,,,
,UNLV,53,43,,,,,,
,South Dakota,58,43,,,,,,
,Kansas,57,43,,,,,,
184,Gardner-Webb,57,42,,,,,,
,Middle Tenn.,51,42,,,,,,
,Austin Peay,54,42,,,,,,
,San Diego St.,50,42,,,,,,
,Nebraska,60,42,,,,,,
,Oregon,55,42,,,,,,
,Detroit Mercy,47,42,,,,,,
191,Abilene Christian,48,41,,,,,,
,Tennessee St.,40,41,,,,,,
,Norfolk St.,43,41,,,,,,
,Morgan St.,43,41,,,,,,
195,Liberty,57,40,,,,,,
,Presbyterian,52,40,,,,,,
197,UMBC,18,39,,,,,,
,Ohio St.,53,39,,,,,,
,Ole Miss,62,39,,,,,,
200,Jacksonville St.,61,38,,,,,,
,Iowa St.,55,38,,,,,,
202,Mercer,50,37,,,,,,
,Mississippi St.,64,37,,,,,,
,Northern Colo.,51,37,,,,,,
,East Carolina,59,37,,,,,,
,Coppin St.,36,37,,,,,,
207,Arizona,55,36,,,,,,
,Stony Brook,50,36,,,,,,
,South Carolina,60,36,,,,,,
,Boston College,51,36,,,,,,
211,IU Indy,47,35,,,,,,
,Maine,48,35,,,,,,
,Saint Louis,51,35,,,,,,
,Robert Morris,49,35,,,,,,
,Boston U.,62,35,,,,,,
216,Arkansas,60,34,,,,,,
,Stetson,59,34,,,,,,
,Rhode Island,47,34,,,,,,
,New Mexico St.,54,34,,,,,,
220,Queens (NC),48,33,,,,,,
,Mississippi Val.,39,33,,,,,,
,Saint Peter's,51,33,,,,,,
,North Carolina,51,33,,,,,,
,Wisconsin,54,33,,,,,,
225,Kennesaw St.,50,32,,,,,,
,Niagara,42,32,,,,,,
,UNC Greensboro,62,32,,,,,,
,Boise St.,55,32,,,,,,
229,Michigan St.,51,31,,,,,,
,Evansville,51,31,,,,,,
,Pacific,52,31,,,,,,
,Montana,54,31,,,,,,
,Missouri,57,31,,,,,,
234,UC San Diego,51,30,,,,,,
,Houston,51,30,,,,,,
,Sacred Heart,54,30,,,,,,
,Quinnipiac,45,30,,,,,,
,Ohio,58,30,,,,,,
239,Portland St.,46,29,,,,,,
,Weber St.,56,29,,,,,,
,Stonehill,50,29,,,,,,
242,Seattle U,51,28,,,,,,
,Villanova,53,28,,,,,,
,Providence,49,28,,,,,,
,Merrimack,41,28,,,,,,
246,Southern Ill.,51,27,,,,,,
,Binghamton,47,27,,,,,,
248,Coastal Carolina,57,26,,,,,,
,Seton Hall,49,26,,,,,,
,North Dakota,51,26,,,,,,
,Columbia,45,26,,,,,,
252,Lafayette,52,25,,,,,,
,Towson,51,25,,,,,,
,Missouri St.,50,25,,,,,,
,Omaha,49,25,,,,,,
256,Auburn,55,24,,,,,,
,Houston Christian,47,24,,,,,,
,Youngstown St.,51,24,,,,,,
,Utah,56,24,,,,,,
,North Texas,56,24,,,,,,
,St. Bonaventure,53,24,,,,,,
,New Mexico,55,24,,,,,,
263,Tarleton St.,61,23,,,,,,
,Kansas City,48,23,,,,,,
,Southern Utah,51,23,,,,,,
,George Washington,45,23,,,,,,
,Western Mich.,55,23,,,,,,
,East Texas A&M,52,23,,,,,,
269,Colorado St.,51,22,,,,,,
,Illinois,54,22,,,,,,
,Rider,49,22,,,,,,
,Monmouth,51,22,,,,,,
,Wichita St.,52,22,,,,,,
274,San Diego,51,21,,,,,,
275,Dartmouth,33,20,,,,,,
,Toledo,50,20,,,,,,
,UTEP,49,20,,,,,,
278,Colgate,55,19,,,,,,
279,BYU,51,18,,,,,,
,Green Bay,47,18,,,,,,
,Central Conn. St.,47,18,,,,,,
282,UAB,54,17,,,,,,
,Bucknell,45,17,,,,,,
,Utah St.,54,17,,,,,,
,Siena,47,17,,,,,,
,Lamar University,58,17,,,,,,
287,Maryland,48,16,,,,,,
,Fresno St.,47,16,,,,,,
,CSU Bakersfield,50,16,,,,,,
290,UCLA,63,15,,,,,,
,Holy Cross,44,15,,,,,,
,Georgia,61,15,,,,,,
293,Bellarmine,50,14,,,,,,
,Tulsa,53,14,,,,,,
,Morehead St.,45,14,,,,,,
296,Drake,51,13,,,,,,
297,Hampton,43,12,,,,,,
,Bradley,53,12,,,,,,
299,Illinois St.,51,11,,,,,,
300,Brown,45,10,,,,,,
,Saint Francis,48,10,,,,,,
302,South Dakota St.,59,9,,,,,,
,Minnesota,52,9,,,,,,
304,UC Riverside,44,2,,,,,,
Reclassifying,,,,,,,,,
NR,West Ga.,55,69,,,,,,
NR,Le Moyne,51,51,,,,,,
NR,Mercyhurst,43,36,,,,,,
NR,New Haven,45,10,,,,,,
,,,,,,,,,
NCAA Softball,,,,,,,,,
Division ITriples per Game,,,,,,,,,
Through Games 06/04/2026,,,,,,,,,
,,,,,,,,,
,,,,,,,,,
Rank,Name,G,3B,PG,,,,,
1,Southeastern La.,62,33,0.53,,,,,
2,Prairie View,46,24,0.52,,,,,
3,Alabama St.,56,27,0.48,,,,,
4,Florida A&M,54,26,0.48,,,,,
5,Southern U.,52,24,0.46,,,,,
6,Indiana,59,26,0.44,,,,,
7,Louisville,58,25,0.43,,,,,
8,Stanford,54,23,0.43,,,,,
9,Alabama A&M,50,21,0.42,,,,,
10,NIU,43,17,0.40,,,,,
11,Oakland,49,19,0.39,,,,,
12,South Carolina St.,44,17,0.39,,,,,
13,Tennessee St.,40,15,0.38,,,,,
14,Northwestern,50,18,0.36,,,,,
15,Utah Tech,53,19,0.36,,,,,
16,Robert Morris,49,17,0.35,,,,,
17,Saint Mary's (CA),58,20,0.34,,,,,
18,Florida St.,62,21,0.34,,,,,
19,Coppin St.,36,12,0.33,,,,,
20,LSU,59,19,0.32,,,,,
21,SFA,56,18,0.32,,,,,
,Buffalo,56,18,0.32,,,,,
23,Central Ark.,57,18,0.32,,,,,
24,Purdue,54,17,0.31,,,,,
,UC Davis,54,17,0.31,,,,,
,Belmont,54,17,0.31,,,,,
27,N.C. Central,48,15,0.31,,,,,
,San Jose St.,48,15,0.31,,,,,
,Jackson St.,48,15,0.31,,,,,
30,Oregon,55,17,0.31,,,,,
31,Nevada,59,18,0.31,,,,,
32,Delaware St.,46,14,0.30,,,,,
33,Lindenwood,56,17,0.30,,,,,
34,N.C. A&T,53,16,0.30,,,,,
,Ohio St.,53,16,0.30,,,,,
36,Memphis,57,17,0.30,,,,,
37,Fresno St.,47,14,0.30,,,,,
38,Wofford,54,16,0.30,,,,,
,Utah Valley,54,16,0.30,,,,,
,UT Martin,54,16,0.30,,,,,
41,Ball St.,48,14,0.29,,,,,
42,Boston U.,62,18,0.29,,,,,
43,Creighton,59,17,0.29,,,,,
44,Princeton,49,14,0.29,,,,,
45,Mississippi Val.,39,11,0.28,,,,,
46,Kent St.,50,14,0.28,,,,,
47,Cornell,43,12,0.28,,,,,
,Morgan St.,43,12,0.28,,,,,
49,Michigan,58,16,0.28,,,,,
50,Santa Clara,51,14,0.27,,,,,
51,Dartmouth,33,9,0.27,,,,,
52,South Alabama,59,16,0.27,,,,,
53,FIU,52,14,0.27,,,,,
54,Yale,45,12,0.27,,,,,
,Col. of Charleston,60,16,0.27,,,,,
56,Central Mich.,49,13,0.27,,,,,
57,Southern Miss.,57,15,0.26,,,,,
58,Texas Southern,42,11,0.26,,,,,
59,South Dakota,58,15,0.26,,,,,
60,Towson,51,13,0.25,,,,,
61,St. John's (NY),55,14,0.25,,,,,
,Kentucky,55,14,0.25,,,,,
,Western Mich.,55,14,0.25,,,,,
64,UConn,60,15,0.25,,,,,
65,North Florida,61,15,0.25,,,,,
,South Fla.,61,15,0.25,,,,,
67,Iona,53,13,0.25,,,,,
68,Bethune-Cookman,49,12,0.24,,,,,
69,McNeese,62,15,0.24,,,,,
70,ULM,58,14,0.24,,,,,
,Lamar University,58,14,0.24,,,,,
72,Alcorn,50,12,0.24,,,,,
,Indiana St.,50,12,0.24,,,,,
74,UC San Diego,51,12,0.24,,,,,
,George Mason,51,12,0.24,,,,,
,Youngstown St.,51,12,0.24,,,,,
77,UT Arlington,47,11,0.23,,,,,
78,Virginia Tech,60,14,0.23,,,,,
,Nebraska,60,14,0.23,,,,,
80,Grambling,43,10,0.23,,,,,
81,Miami (OH),56,13,0.23,,,,,
82,Georgia,61,14,0.23,,,,,
83,Mount St. Mary's,48,11,0.23,,,,,
,Kansas City,48,11,0.23,,,,,
85,Bryant,44,10,0.23,,,,,
,Canisius,44,10,0.23,,,,,
87,Furman,53,12,0.23,,,,,
,Northwestern St.,53,12,0.23,,,,,
89,California Baptist,62,14,0.23,,,,,
90,Charlotte,58,13,0.22,,,,,
91,Samford,59,13,0.22,,,,,
92,Auburn,55,12,0.22,,,,,
93,Ark.-Pine Bluff,46,10,0.22,,,,,
94,Charleston So.,51,11,0.22,,,,,
,Middle Tenn.,51,11,0.22,,,,,
,BYU,51,11,0.22,,,,,
,San Diego,51,11,0.22,,,,,
98,Louisiana,56,12,0.21,,,,,
99,UCF,61,13,0.21,,,,,
100,Howard,47,10,0.21,,,,,
101,Campbell,57,12,0.21,,,,,
102,Abilene Christian,48,10,0.21,,,,,
,Queens (NC),48,10,0.21,,,,,
104,Bradley,53,11,0.21,,,,,
,A&M-Corpus Christi,53,11,0.21,,,,,
106,Oklahoma St.,58,12,0.21,,,,,
107,Massachusetts,49,10,0.20,,,,,
108,FGCU,54,11,0.20,,,,,
,Nicholls,54,11,0.20,,,,,
,Lehigh,54,11,0.20,,,,,
111,Grand Canyon,64,13,0.20,,,,,
112,Quinnipiac,45,9,0.20,,,,,
,North Dakota St.,50,10,0.20,,,,,
,Hawaii,50,10,0.20,,,,,
,Akron,60,12,0.20,,,,,
,Brown,45,9,0.20,,,,,
117,Texas Tech,71,14,0.20,,,,,
118,Clemson,56,11,0.20,,,,,
,Utah,56,11,0.20,,,,,
,Weber St.,56,11,0.20,,,,,
121,Southern Utah,51,10,0.20,,,,,
,Saint Joseph's,51,10,0.20,,,,,
,Seattle U,51,10,0.20,,,,,
,Northern Ky.,51,10,0.20,,,,,
125,Western Ill.,46,9,0.20,,,,,
126,Gardner-Webb,57,11,0.19,,,,,
127,North Ala.,52,10,0.19,,,,,
,Pacific,52,10,0.19,,,,,
129,Marist,58,11,0.19,,,,,
130,Oregon St.,53,10,0.19,,,,,
131,East Carolina,59,11,0.19,,,,,
132,UIC,54,10,0.19,,,,,
,Troy,54,10,0.19,,,,,
134,Duke,60,11,0.18,,,,,
135,Jacksonville,55,10,0.18,,,,,
,Arizona,55,10,0.18,,,,,
137,Tennessee Tech,50,9,0.18,,,,,
138,Bucknell,45,8,0.18,,,,,
139,Michigan St.,51,9,0.18,,,,,
,Evansville,51,9,0.18,,,,,
,Illinois St.,51,9,0.18,,,,,
,Northern Colo.,51,9,0.18,,,,,
,Fairfield,51,9,0.18,,,,,
144,Idaho St.,57,10,0.18,,,,,
,Liberty,57,10,0.18,,,,,
146,UNLV,53,9,0.17,,,,,
,St. Thomas (MN),53,9,0.17,,,,,
,Winthrop,53,9,0.17,,,,,
,Western Ky.,53,9,0.17,,,,,
150,Penn St.,54,9,0.17,,,,,
,Rutgers,54,9,0.17,,,,,
,South Carolina,60,10,0.17,,,,,
,Montana,54,9,0.17,,,,,
154,Bowling Green,49,8,0.16,,,,,
155,Norfolk St.,43,7,0.16,,,,,
156,Georgia St.,56,9,0.16,,,,,
157,DePaul,50,8,0.16,,,,,
,San Diego St.,50,8,0.16,,,,,
159,Missouri,57,9,0.16,,,,,
,Kansas,57,9,0.16,,,,,
,UC Santa Barbara,57,9,0.16,,,,,
162,UNCW,51,8,0.16,,,,,
,Colorado St.,51,8,0.16,,,,,
164,Columbia,45,7,0.16,,,,,
,Harvard,45,7,0.16,,,,,
166,Army West Point,58,9,0.16,,,,,
,Ohio,58,9,0.16,,,,,
168,LMU (CA),52,8,0.15,,,,,
,Loyola Chicago,52,8,0.15,,,,,
170,Eastern Ill.,59,9,0.15,,,,,
171,Sacramento St.,53,8,0.15,,,,,
,Notre Dame,53,8,0.15,,,,,
173,Utah St.,54,8,0.15,,,,,
,UIW,54,8,0.15,,,,,
,Austin Peay,54,8,0.15,,,,,
,Hofstra,54,8,0.15,,,,,
177,USC Upstate,61,9,0.15,,,,,
,Jacksonville St.,61,9,0.15,,,,,
,Georgia Tech,61,9,0.15,,,,,
180,Virginia,55,8,0.15,,,,,
,Chattanooga,55,8,0.15,,,,,
182,Oklahoma,62,9,0.15,,,,,
183,Niagara,42,6,0.14,,,,,
,North Texas,56,8,0.14,,,,,
,Sam Houston,56,8,0.14,,,,,
,UCLA,63,9,0.14,,,,,
,Omaha,49,7,0.14,,,,,
188,UTSA,57,8,0.14,,,,,
189,App State,50,7,0.14,,,,,
,Kennesaw St.,50,7,0.14,,,,,
191,Texas,65,9,0.14,,,,,
,Alabama,65,9,0.14,,,,,
193,SIUE,58,8,0.14,,,,,
,Baylor,58,8,0.14,,,,,
,Western Caro.,58,8,0.14,,,,,
196,James Madison,51,7,0.14,,,,,
,Lipscomb,51,7,0.14,,,,,
198,Penn,44,6,0.14,,,,,
199,California,52,7,0.13,,,,,
,Presbyterian,52,7,0.13,,,,,
,Wichita St.,52,7,0.13,,,,,
,Lafayette,52,7,0.13,,,,,
203,Drexel,45,6,0.13,,,,,
204,UNI,53,7,0.13,,,,,
,Eastern Ky.,53,7,0.13,,,,,
,Ga. Southern,53,7,0.13,,,,,
207,Tarleton St.,61,8,0.13,,,,,
208,Butler,46,6,0.13,,,,,
209,New Mexico St.,54,7,0.13,,,,,
,UMass Lowell,54,7,0.13,,,,,
,Wisconsin,54,7,0.13,,,,,
212,Houston Christian,47,6,0.13,,,,,
,Southern Ind.,47,6,0.13,,,,,
214,Fordham,55,7,0.13,,,,,
215,Louisiana Tech,56,7,0.13,,,,,
,Saint Francis,48,6,0.13,,,,,
,UMES,48,6,0.13,,,,,
218,Washington,57,7,0.12,,,,,
,Marshall,57,7,0.12,,,,,
220,Toledo,50,6,0.12,,,,,
221,South Dakota St.,59,7,0.12,,,,,
222,Hampton,43,5,0.12,,,,,
223,Manhattan,52,6,0.12,,,,,
,East Texas A&M,52,6,0.12,,,,,
,Murray St.,52,6,0.12,,,,,
,ETSU,52,6,0.12,,,,,
227,Syracuse,44,5,0.11,,,,,
228,Villanova,53,6,0.11,,,,,
229,Fla. Atlantic,54,6,0.11,,,,,
,UAlbany,45,5,0.11,,,,,
,UAB,54,6,0.11,,,,,
,Long Beach St.,54,6,0.11,,,,,
233,CSUN,46,5,0.11,,,,,
234,Cal St. Fullerton,56,6,0.11,,,,,
235,IU Indy,47,5,0.11,,,,,
,Detroit Mercy,47,5,0.11,,,,,
,Rhode Island,47,5,0.11,,,,,
,Green Bay,47,5,0.11,,,,,
239,Texas A&M,57,6,0.11,,,,,
240,Maine,48,5,0.10,,,,,
241,Rider,49,5,0.10,,,,,
,Providence,49,5,0.10,,,,,
243,Bellarmine,50,5,0.10,,,,,
244,Texas St.,61,6,0.10,,,,,
245,Houston,51,5,0.10,,,,,
,Southern Ill.,51,5,0.10,,,,,
,Saint Louis,51,5,0.10,,,,,
,North Dakota,51,5,0.10,,,,,
,Radford,51,5,0.10,,,,,
,Monmouth,51,5,0.10,,,,,
251,Merrimack,41,4,0.10,,,,,
252,UNC Greensboro,62,6,0.10,,,,,
253,Pittsburgh,52,5,0.10,,,,,
254,Tulsa,53,5,0.09,,,,,
,St. Bonaventure,53,5,0.09,,,,,
256,Iowa St.,55,5,0.09,,,,,
,Delaware,55,5,0.09,,,,,
,Colgate,55,5,0.09,,,,,
,Boise St.,55,5,0.09,,,,,
,New Mexico,55,5,0.09,,,,,
261,Portland St.,46,4,0.09,,,,,
,Cal Poly,46,4,0.09,,,,,
263,Binghamton,47,4,0.09,,,,,
264,Arkansas,60,5,0.08,,,,,
,Maryland,48,4,0.08,,,,,
266,Tennessee,61,5,0.08,,,,,
267,Seton Hall,49,4,0.08,,,,,
268,Wagner,50,4,0.08,,,,,
,Missouri St.,50,4,0.08,,,,,
270,Arizona St.,63,5,0.08,,,,,
271,Drake,51,4,0.08,,,,,
,North Carolina,51,4,0.08,,,,,
,Saint Peter's,51,4,0.08,,,,,
274,Minnesota,52,4,0.08,,,,,
275,NC State,53,4,0.08,,,,,
,Longwood,53,4,0.08,,,,,
277,Georgetown,42,3,0.07,,,,,
278,Stetson,59,4,0.07,,,,,
279,Central Conn. St.,47,3,0.06,,,,,
,Siena,47,3,0.06,,,,,
281,Florida,64,4,0.06,,,,,
282,UTEP,49,3,0.06,,,,,
283,Dayton,50,3,0.06,,,,,
,Mercer,50,3,0.06,,,,,
,Stonehill,50,3,0.06,,,,,
286,Elon,51,3,0.06,,,,,
,Boston College,51,3,0.06,,,,,
288,Valparaiso,52,3,0.06,,,,,
289,Southeast Mo. St.,53,3,0.06,,,,,
290,Iowa,54,3,0.06,,,,,
,UMBC,18,1,0.06,,,,,
,Illinois,54,3,0.06,,,,,
293,George Washington,45,2,0.04,,,,,
,Morehead St.,45,2,0.04,,,,,
295,CSU Bakersfield,50,2,0.04,,,,,
296,FDU,52,2,0.04,,,,,
297,Sacred Heart,54,2,0.04,,,,,
298,Coastal Carolina,57,2,0.04,,,,,
299,Ole Miss,62,2,0.03,,,,,
300,Mississippi St.,64,2,0.03,,,,,
301,UC Riverside,44,1,0.02,,,,,
,Holy Cross,44,1,0.02,,,,,
303,Stony Brook,50,1,0.02,,,,,
304,LIU,56,1,0.02,,,,,
Reclassifying,,,,,,,,,
NR,West Ga.,55,8,0.15,,,,,
NR,Mercyhurst,43,5,0.12,,,,,
NR,Le Moyne,51,5,0.10,,,,,
NR,New Haven,45,2,0.04,,,,,
,,,,,,,,,
NCAA Softball,,,,,,,,,
Division IStolen Bases per Game,,,,,,,,,
Through Games 06/04/2026,,,,,,,,,
,,,,,,,,,
,,,,,,,,,
Rank,Name,G,SB,CS,PG,,,,
1,Prairie View,46,168,30,3.65,,,,
2,Jackson St.,48,161,19,3.35,,,,
3,Southern U.,52,136,17,2.62,,,,
4,Bethune-Cookman,49,123,23,2.51,,,,
5,Indiana,59,136,25,2.31,,,,
6,Howard,47,106,21,2.26,,,,
7,Alabama A&M,50,112,10,2.24,,,,
8,Louisville,58,129,24,2.22,,,,
9,UMBC,18,39,5,2.17,,,,
10,Delaware St.,46,97,20,2.11,,,,
11,Mount St. Mary's,48,101,15,2.10,,,,
12,Creighton,59,124,24,2.10,,,,
13,Southeastern La.,62,129,28,2.08,,,,
14,Col. of Charleston,60,119,26,1.98,,,,
15,UMES,48,95,16,1.98,,,,
16,Nicholls,54,106,15,1.96,,,,
17,North Florida,61,118,22,1.93,,,,
18,Texas Tech,71,137,21,1.93,,,,
19,Alabama St.,56,108,19,1.93,,,,
20,Pittsburgh,52,99,15,1.90,,,,
,FIU,52,99,22,1.90,,,,
22,Bowling Green,49,92,9,1.88,,,,
23,Troy,54,101,20,1.87,,,,
24,Grambling,43,80,13,1.86,,,,
25,USC Upstate,61,113,13,1.85,,,,
26,Oakland,49,89,11,1.82,,,,
27,Cal St. Fullerton,56,101,29,1.80,,,,
28,UNCW,51,91,17,1.78,,,,
29,UT Martin,54,94,13,1.74,,,,
30,Saint Joseph's,51,88,19,1.73,,,,
31,Bryant,44,75,20,1.70,,,,
32,Wofford,54,92,20,1.70,,,,
33,Northern Ky.,51,86,17,1.69,,,,
34,George Mason,51,85,22,1.67,,,,
35,LMU (CA),52,84,22,1.62,,,,
36,McNeese,62,99,35,1.60,,,,
37,Campbell,57,91,15,1.60,,,,
38,Dayton,50,78,8,1.56,,,,
39,Lindenwood,56,86,17,1.54,,,,
,LIU,56,86,21,1.54,,,,
41,Nevada,59,90,18,1.53,,,,
42,South Carolina St.,44,67,12,1.52,,,,
43,Purdue,54,82,14,1.52,,,,
44,A&M-Corpus Christi,53,80,23,1.51,,,,
45,Murray St.,52,78,16,1.50,,,,
46,Santa Clara,51,75,8,1.47,,,,
47,Lipscomb,51,74,10,1.45,,,,
48,Manhattan,52,75,13,1.44,,,,
,Loyola Chicago,52,75,13,1.44,,,,
50,Central Ark.,57,81,8,1.42,,,,
51,North Dakota St.,50,71,8,1.42,,,,
52,Cornell,43,61,8,1.42,,,,
53,Baylor,58,82,20,1.41,,,,
54,Iona,53,74,19,1.40,,,,
55,Sam Houston,56,78,7,1.39,,,,
56,UAlbany,45,62,19,1.38,,,,
57,Western Ky.,53,73,14,1.38,,,,
58,Buffalo,56,77,10,1.38,,,,
59,UC Davis,54,74,15,1.37,,,,
60,Kent St.,50,68,22,1.36,,,,
61,Northwestern St.,53,72,10,1.36,,,,
62,Western Caro.,58,78,12,1.34,,,,
63,California,52,69,13,1.33,,,,
64,UT Arlington,47,62,15,1.32,,,,
65,Saint Mary's (CA),58,76,13,1.31,,,,
66,Texas Southern,42,55,16,1.31,,,,
67,Butler,46,60,9,1.30,,,,
68,DePaul,50,65,11,1.30,,,,
69,Georgia St.,56,72,20,1.29,,,,
70,Texas,65,83,15,1.28,,,,
71,Alcorn,50,63,7,1.26,,,,
,Indiana St.,50,63,14,1.26,,,,
73,Oklahoma St.,58,73,13,1.26,,,,
74,Grand Canyon,64,80,12,1.25,,,,
75,Army West Point,58,72,14,1.24,,,,
76,Georgetown,42,52,21,1.24,,,,
77,Syracuse,44,54,6,1.23,,,,
78,California Baptist,62,76,21,1.23,,,,
79,Central Mich.,49,60,14,1.22,,,,
80,FDU,52,63,15,1.21,,,,
81,Penn,44,53,6,1.20,,,,
82,Memphis,57,68,14,1.19,,,,
83,Longwood,53,63,10,1.19,,,,
84,ULM,58,68,24,1.17,,,,
85,Alabama,65,76,12,1.17,,,,
86,Fairfield,51,59,14,1.16,,,,
87,North Ala.,52,60,11,1.15,,,,
88,N.C. A&T,53,61,13,1.15,,,,
89,UConn,60,69,9,1.15,,,,
90,Belmont,54,62,10,1.15,,,,
,Florida A&M,54,62,16,1.15,,,,
92,N.C. Central,48,55,10,1.15,,,,
93,Northwestern,50,57,15,1.14,,,,
,Tennessee Tech,50,57,10,1.14,,,,
95,Georgia Tech,61,69,14,1.13,,,,
96,Southern Ind.,47,53,11,1.13,,,,
97,Delaware,55,62,12,1.13,,,,
98,Sacramento St.,53,59,17,1.11,,,,
,Utah Tech,53,59,9,1.11,,,,
,Notre Dame,53,59,15,1.11,,,,
101,Hofstra,54,60,17,1.11,,,,
,Penn St.,54,60,16,1.11,,,,
103,Utah Valley,54,59,19,1.09,,,,
104,Miami (OH),56,61,14,1.09,,,,
105,Oklahoma,62,67,13,1.08,,,,
106,NC State,53,57,11,1.08,,,,
107,UIC,54,58,11,1.07,,,,
108,CSUN,46,49,13,1.07,,,,
,Ark.-Pine Bluff,46,49,14,1.07,,,,
110,Lehigh,54,57,15,1.06,,,,
111,Chattanooga,55,58,10,1.05,,,,
112,Canisius,44,46,17,1.05,,,,
113,San Jose St.,48,50,13,1.04,,,,
114,App State,50,52,9,1.04,,,,
,Hawaii,50,52,14,1.04,,,,
116,Charleston So.,51,53,13,1.04,,,,
117,Southeast Mo. St.,53,55,13,1.04,,,,
118,Coppin St.,36,37,7,1.03,,,,
119,Tennessee St.,40,41,6,1.03,,,,
120,NIU,43,44,7,1.02,,,,
121,Western Ill.,46,47,5,1.02,,,,
122,Princeton,49,50,9,1.02,,,,
123,Valparaiso,52,53,10,1.02,,,,
124,Eastern Ky.,53,54,6,1.02,,,,
125,Iowa,54,55,14,1.02,,,,
126,SFA,56,57,12,1.02,,,,
127,SIUE,58,58,20,1.00,,,,
,Ball St.,48,48,9,1.00,,,,
,Yale,45,45,14,1.00,,,,
130,Florida St.,62,61,11,0.98,,,,
131,Virginia,55,54,11,0.98,,,,
132,UMass Lowell,54,53,18,0.98,,,,
133,Southern Miss.,57,55,13,0.96,,,,
,UTSA,57,55,15,0.96,,,,
135,Fla. Atlantic,54,52,9,0.96,,,,
,FGCU,54,52,6,0.96,,,,
137,Cal Poly,46,44,11,0.96,,,,
138,Drexel,45,43,5,0.96,,,,
,Harvard,45,43,9,0.96,,,,
140,Norfolk St.,43,41,7,0.95,,,,
,Morgan St.,43,41,14,0.95,,,,
142,Charlotte,58,55,11,0.95,,,,
143,St. John's (NY),55,52,8,0.95,,,,
,Jacksonville,55,52,15,0.95,,,,
145,Oregon St.,53,50,12,0.94,,,,
146,Tennessee,61,57,11,0.93,,,,
147,Kentucky,55,51,10,0.93,,,,
148,UIW,54,50,8,0.93,,,,
149,Furman,53,49,6,0.92,,,,
150,Radford,51,47,11,0.92,,,,
151,Wagner,50,46,12,0.92,,,,
152,LSU,59,54,7,0.92,,,,
153,Marist,58,53,15,0.91,,,,
154,Marshall,57,52,12,0.91,,,,
155,Louisiana Tech,56,51,7,0.91,,,,
156,James Madison,51,46,9,0.90,,,,
,Elon,51,46,7,0.90,,,,
158,UCF,61,55,19,0.90,,,,
,South Fla.,61,55,17,0.90,,,,
160,Massachusetts,49,44,13,0.90,,,,
161,Detroit Mercy,47,42,9,0.89,,,,
162,Louisiana,56,50,18,0.89,,,,
163,UNI,53,47,13,0.89,,,,
164,ETSU,52,46,8,0.88,,,,
165,Long Beach St.,54,47,19,0.87,,,,
,Rutgers,54,47,11,0.87,,,,
167,Texas St.,61,53,17,0.87,,,,
168,St. Thomas (MN),53,46,12,0.87,,,,
,Winthrop,53,46,9,0.87,,,,
,Ga. Southern,53,46,7,0.87,,,,
171,Virginia Tech,60,52,9,0.87,,,,
172,Idaho St.,57,49,17,0.86,,,,
173,Arizona St.,63,54,16,0.86,,,,
174,Fordham,55,47,8,0.85,,,,
175,Abilene Christian,48,41,13,0.85,,,,
176,Duke,60,51,3,0.85,,,,
177,Mississippi Val.,39,33,10,0.85,,,,
178,San Diego St.,50,42,10,0.84,,,,
179,Middle Tenn.,51,42,8,0.82,,,,
180,Akron,60,49,14,0.82,,,,
181,Stanford,54,44,6,0.81,,,,
182,UNLV,53,43,7,0.81,,,,
183,UC Santa Barbara,57,46,5,0.81,,,,
,Texas A&M,57,46,11,0.81,,,,
185,Eastern Ill.,59,47,11,0.80,,,,
186,Clemson,56,44,13,0.79,,,,
187,Samford,59,46,10,0.78,,,,
,South Alabama,59,46,9,0.78,,,,
189,Austin Peay,54,42,6,0.78,,,,
190,Presbyterian,52,40,9,0.77,,,,
191,Oregon,55,42,11,0.76,,,,
192,Niagara,42,32,8,0.76,,,,
193,Michigan,58,44,9,0.76,,,,
194,Washington,57,43,12,0.75,,,,
,Kansas,57,43,12,0.75,,,,
196,Florida,64,48,4,0.75,,,,
197,IU Indy,47,35,16,0.74,,,,
198,South Dakota,58,43,12,0.74,,,,
199,Mercer,50,37,9,0.74,,,,
200,Gardner-Webb,57,42,3,0.74,,,,
201,Ohio St.,53,39,3,0.74,,,,
202,Maine,48,35,10,0.73,,,,
203,Northern Colo.,51,37,9,0.73,,,,
204,Rhode Island,47,34,9,0.72,,,,
205,Stony Brook,50,36,9,0.72,,,,
206,Robert Morris,49,35,3,0.71,,,,
207,Boston College,51,36,5,0.71,,,,
208,Liberty,57,40,9,0.70,,,,
209,Nebraska,60,42,11,0.70,,,,
210,Iowa St.,55,38,10,0.69,,,,
211,Queens (NC),48,33,10,0.69,,,,
212,Saint Louis,51,35,6,0.69,,,,
213,Merrimack,41,28,4,0.68,,,,
214,Quinnipiac,45,30,10,0.67,,,,
215,Arizona,55,36,4,0.65,,,,
216,Saint Peter's,51,33,9,0.65,,,,
,North Carolina,51,33,4,0.65,,,,
218,Kennesaw St.,50,32,12,0.64,,,,
219,Portland St.,46,29,3,0.63,,,,
220,New Mexico St.,54,34,5,0.63,,,,
221,Ole Miss,62,39,4,0.63,,,,
222,East Carolina,59,37,10,0.63,,,,
223,Jacksonville St.,61,38,10,0.62,,,,
224,Wisconsin,54,33,13,0.61,,,,
225,Evansville,51,31,6,0.61,,,,
,Michigan St.,51,31,7,0.61,,,,
227,Dartmouth,33,20,5,0.61,,,,
228,South Carolina,60,36,14,0.60,,,,
229,Pacific,52,31,7,0.60,,,,
230,Houston,51,30,9,0.59,,,,
,UC San Diego,51,30,14,0.59,,,,
232,Boise St.,55,32,11,0.58,,,,
233,Stonehill,50,29,5,0.58,,,,
234,Mississippi St.,64,37,6,0.58,,,,
235,Columbia,45,26,10,0.58,,,,
236,Stetson,59,34,8,0.58,,,,
237,Binghamton,47,27,10,0.57,,,,
238,Montana,54,31,14,0.57,,,,
239,Providence,49,28,13,0.57,,,,
240,Arkansas,60,34,2,0.57,,,,
241,Boston U.,62,35,14,0.56,,,,
242,Sacred Heart,54,30,8,0.56,,,,
243,Seattle U,51,28,5,0.55,,,,
244,Missouri,57,31,12,0.54,,,,
245,Seton Hall,49,26,8,0.53,,,,
246,Southern Ill.,51,27,6,0.53,,,,
247,Villanova,53,28,3,0.53,,,,
248,Weber St.,56,29,11,0.52,,,,
249,Ohio,58,30,9,0.52,,,,
250,UNC Greensboro,62,32,4,0.52,,,,
251,George Washington,45,23,8,0.51,,,,
252,Houston Christian,47,24,10,0.51,,,,
253,Omaha,49,25,5,0.51,,,,
254,North Dakota,51,26,11,0.51,,,,
255,Missouri St.,50,25,8,0.50,,,,
256,Towson,51,25,5,0.49,,,,
257,Lafayette,52,25,10,0.48,,,,
258,Kansas City,48,23,12,0.48,,,,
259,Youngstown St.,51,24,6,0.47,,,,
260,Coastal Carolina,57,26,8,0.46,,,,
261,St. Bonaventure,53,24,11,0.45,,,,
262,Southern Utah,51,23,4,0.45,,,,
263,Rider,49,22,2,0.45,,,,
264,East Texas A&M,52,23,11,0.44,,,,
265,Auburn,55,24,5,0.44,,,,
,New Mexico,55,24,7,0.44,,,,
267,Monmouth,51,22,6,0.43,,,,
,Colorado St.,51,22,8,0.43,,,,
269,North Texas,56,24,11,0.43,,,,
,Utah,56,24,8,0.43,,,,
271,Wichita St.,52,22,7,0.42,,,,
272,Western Mich.,55,23,7,0.42,,,,
273,San Diego,51,21,11,0.41,,,,
274,UTEP,49,20,11,0.41,,,,
275,Illinois,54,22,9,0.41,,,,
276,Toledo,50,20,6,0.40,,,,
277,Green Bay,47,18,11,0.38,,,,
,Central Conn. St.,47,18,4,0.38,,,,
279,Bucknell,45,17,10,0.38,,,,
280,Tarleton St.,61,23,4,0.38,,,,
281,Siena,47,17,5,0.36,,,,
282,BYU,51,18,9,0.35,,,,
283,Colgate,55,19,7,0.35,,,,
284,Holy Cross,44,15,9,0.34,,,,
285,Fresno St.,47,16,7,0.34,,,,
286,Maryland,48,16,6,0.33,,,,
287,CSU Bakersfield,50,16,7,0.32,,,,
288,UAB,54,17,7,0.31,,,,
,Utah St.,54,17,5,0.31,,,,
290,Morehead St.,45,14,2,0.31,,,,
291,Lamar University,58,17,3,0.29,,,,
292,Bellarmine,50,14,7,0.28,,,,
293,Hampton,43,12,2,0.28,,,,
294,Tulsa,53,14,3,0.26,,,,
295,Drake,51,13,6,0.25,,,,
296,Georgia,61,15,6,0.25,,,,
297,UCLA,63,15,3,0.24,,,,
298,Bradley,53,12,2,0.23,,,,
299,Brown,45,10,4,0.22,,,,
300,Illinois St.,51,11,2,0.22,,,,
301,Saint Francis,48,10,6,0.21,,,,
302,Minnesota,52,9,4,0.17,,,,
303,South Dakota St.,59,9,4,0.15,,,,
304,UC Riverside,44,2,5,0.05,,,,
Reclassifying,,,,,,,,,
NR,West Ga.,55,69,13,1.25,,,,
NR,Le Moyne,51,51,8,1.00,,,,
NR,Mercyhurst,43,36,9,0.84,,,,
NR,New Haven,45,10,12,0.22,,,,
,,,,,,,,,
NCAA Softball,,,,,,,,,
Division ISlugging Percentage,,,,,,,,,
Through Games 06/04/2026,,,,,,,,,
,,,,,,,,,
,,,,,,,,,
Rank,Name,G,AB,TB,SLG PCT,,,,
1,UCLA,63,1706,1408,0.825,,,,
2,Oklahoma,62,1666,1310,0.786,,,,
3,Texas Tech,71,1828,1264,0.691,,,,
4,Robert Morris,49,1467,972,0.663,,,,
5,Ohio St.,53,1341,860,0.641,,,,
6,Duke,60,1656,1061,0.641,,,,
7,Virginia Tech,60,1653,1037,0.627,,,,
8,Indiana,59,1513,941,0.622,,,,
9,Florida,64,1738,1076,0.619,,,,
10,North Carolina,51,1379,853,0.619,,,,
11,UNI,53,1483,887,0.598,,,,
12,Ohio,58,1572,929,0.591,,,,
13,Florida St.,62,1623,951,0.586,,,,
14,Georgia,61,1585,927,0.585,,,,
15,Nebraska,60,1659,957,0.577,,,,
16,Texas A&M,57,1481,850,0.574,,,,
17,Kansas,57,1468,842,0.574,,,,
18,Texas,65,1721,983,0.571,,,,
19,Arizona St.,63,1691,962,0.569,,,,
20,Arkansas,60,1537,872,0.567,,,,
21,Alabama,65,1641,927,0.565,,,,
22,Iowa St.,55,1483,837,0.564,,,,
23,Idaho St.,57,1470,829,0.564,,,,
24,Wichita St.,52,1409,787,0.559,,,,
25,Nevada,59,1686,939,0.557,,,,
26,Stanford,54,1477,816,0.552,,,,
27,Miami (OH),56,1552,857,0.552,,,,
28,Omaha,49,1272,702,0.552,,,,
29,Penn St.,54,1411,778,0.551,,,,
30,Grand Canyon,64,1626,890,0.547,,,,
31,Arizona,55,1405,767,0.546,,,,
32,Oregon,55,1460,792,0.542,,,,
33,Boston U.,62,1638,882,0.538,,,,
34,App State,50,1316,706,0.536,,,,
35,St. Thomas (MN),53,1428,766,0.536,,,,
36,Cornell,43,1176,630,0.536,,,,
37,Washington,57,1547,828,0.535,,,,
38,Michigan,58,1581,845,0.534,,,,
39,Louisville,58,1583,844,0.533,,,,
40,UCF,61,1550,825,0.532,,,,
41,Rutgers,54,1422,756,0.532,,,,
42,Western Ky.,53,1374,725,0.528,,,,
43,UIW,54,1390,733,0.527,,,,
44,New Mexico St.,54,1464,772,0.527,,,,
45,Colgate,55,1449,762,0.526,,,,
46,Stetson,59,1568,820,0.523,,,,
47,Oklahoma St.,58,1493,779,0.522,,,,
48,Marshall,57,1462,761,0.521,,,,
49,Youngstown St.,51,1404,728,0.519,,,,
50,Binghamton,47,1207,625,0.518,,,,
51,Northwestern,50,1321,683,0.517,,,,
52,James Madison,51,1397,722,0.517,,,,
53,Georgia Tech,61,1590,821,0.516,,,,
54,Princeton,49,1393,717,0.515,,,,
55,South Dakota St.,59,1586,812,0.512,,,,
56,UT Arlington,47,1297,660,0.509,,,,
57,North Ala.,52,1385,704,0.508,,,,
58,Utah Valley,54,1476,750,0.508,,,,
59,McNeese,62,1575,795,0.505,,,,
60,Western Caro.,58,1609,812,0.505,,,,
61,Sacramento St.,53,1376,692,0.503,,,,
62,Purdue,54,1409,708,0.502,,,,
63,Florida A&M,54,1419,712,0.502,,,,
64,Virginia,55,1416,708,0.500,,,,
65,Central Conn. St.,47,1262,630,0.499,,,,
66,Ole Miss,62,1629,813,0.499,,,,
67,Auburn,55,1389,692,0.498,,,,
68,Tennessee,61,1519,754,0.496,,,,
69,Creighton,59,1581,784,0.496,,,,
70,Austin Peay,54,1453,720,0.496,,,,
71,Utah,56,1449,718,0.496,,,,
72,Houston,51,1309,647,0.494,,,,
73,Coastal Carolina,57,1457,720,0.494,,,,
74,Cal St. Fullerton,56,1482,731,0.493,,,,
75,Marist,58,1527,753,0.493,,,,
76,Northern Colo.,51,1370,675,0.493,,,,
77,UNLV,53,1366,673,0.493,,,,
78,NIU,43,1189,584,0.491,,,,
79,UNC Greensboro,62,1627,795,0.489,,,,
80,UConn,60,1554,759,0.488,,,,
81,Providence,49,1274,622,0.488,,,,
82,Wisconsin,54,1387,677,0.488,,,,
83,Charlotte,58,1497,729,0.487,,,,
84,Green Bay,47,1266,616,0.487,,,,
85,Southeastern La.,62,1619,787,0.486,,,,
86,Central Mich.,49,1383,670,0.484,,,,
87,Clemson,56,1423,688,0.483,,,,
88,UC Santa Barbara,57,1574,761,0.483,,,,
89,Central Ark.,57,1445,695,0.481,,,,
90,Montana,54,1435,690,0.481,,,,
91,USC Upstate,61,1591,763,0.480,,,,
92,Oregon St.,53,1439,689,0.479,,,,
93,Alabama A&M,50,1342,642,0.478,,,,
94,Southern Ill.,51,1381,660,0.478,,,,
95,Kentucky,55,1424,680,0.478,,,,
96,Western Mich.,55,1457,695,0.477,,,,
97,LSU,59,1531,727,0.475,,,,
98,Middle Tenn.,51,1301,616,0.473,,,,
99,BYU,51,1269,598,0.471,,,,
100,Jacksonville St.,61,1651,776,0.470,,,,
101,San Diego St.,50,1317,619,0.470,,,,
102,Illinois St.,51,1425,669,0.469,,,,
103,South Carolina,60,1523,715,0.469,,,,
104,Gardner-Webb,57,1576,738,0.468,,,,
105,Southern U.,52,1340,627,0.468,,,,
106,California Baptist,62,1601,749,0.468,,,,
107,UC San Diego,51,1351,631,0.467,,,,
108,North Texas,56,1520,709,0.466,,,,
109,Seattle U,51,1443,673,0.466,,,,
110,Louisiana,56,1426,662,0.464,,,,
111,Troy,54,1418,658,0.464,,,,
112,NC State,53,1327,615,0.463,,,,
113,Penn,44,1175,543,0.462,,,,
114,Iowa,54,1439,665,0.462,,,,
115,Tarleton St.,61,1583,731,0.462,,,,
116,Utah Tech,53,1383,635,0.459,,,,
117,New Mexico,55,1441,661,0.459,,,,
118,Norfolk St.,43,1147,525,0.458,,,,
119,Saint Mary's (CA),58,1528,699,0.457,,,,
120,Akron,60,1603,733,0.457,,,,
121,Oakland,49,1312,599,0.457,,,,
122,Boise St.,55,1435,655,0.456,,,,
123,Fla. Atlantic,54,1389,633,0.456,,,,
124,Hofstra,54,1429,651,0.456,,,,
125,Hawaii,50,1317,599,0.455,,,,
126,Mississippi St.,64,1618,735,0.454,,,,
127,Utah St.,54,1438,652,0.453,,,,
128,Sam Houston,56,1420,639,0.450,,,,
129,Liberty,57,1492,670,0.449,,,,
130,Belmont,54,1432,642,0.448,,,,
131,Samford,59,1538,689,0.448,,,,
132,Buffalo,56,1516,678,0.447,,,,
133,Lamar University,58,1530,682,0.446,,,,
134,UAlbany,45,1203,536,0.446,,,,
135,North Florida,61,1548,689,0.445,,,,
136,Memphis,57,1402,624,0.445,,,,
137,Wofford,54,1428,635,0.445,,,,
138,Notre Dame,53,1402,623,0.444,,,,
139,California,52,1317,585,0.444,,,,
140,Jacksonville,55,1412,626,0.443,,,,
141,Delaware,55,1394,618,0.443,,,,
142,Nicholls,54,1427,631,0.442,,,,
143,North Dakota St.,50,1395,616,0.442,,,,
144,Winthrop,53,1386,610,0.440,,,,
145,Iona,53,1397,614,0.440,,,,
146,FIU,52,1399,612,0.437,,,,
147,Prairie View,46,1175,514,0.437,,,,
148,Columbia,45,1230,538,0.437,,,,
149,South Carolina St.,44,1177,514,0.437,,,,
150,Rider,49,1333,582,0.437,,,,
151,Ball St.,48,1313,572,0.436,,,,
152,Long Beach St.,54,1430,621,0.434,,,,
153,Texas Southern,42,1055,458,0.434,,,,
154,Bradley,53,1436,623,0.434,,,,
155,Queens (NC),48,1257,545,0.434,,,,
156,Dartmouth,33,863,374,0.433,,,,
157,Texas St.,61,1561,676,0.433,,,,
158,UTSA,57,1508,651,0.432,,,,
159,Louisiana Tech,56,1497,643,0.430,,,,
160,Lehigh,54,1498,641,0.428,,,,
161,Missouri,57,1473,630,0.428,,,,
162,Alabama St.,56,1445,618,0.428,,,,
163,Drexel,45,1156,494,0.427,,,,
164,SFA,56,1536,656,0.427,,,,
165,Evansville,51,1338,571,0.427,,,,
166,Towson,51,1385,591,0.427,,,,
167,DePaul,50,1284,547,0.426,,,,
168,Army West Point,58,1552,659,0.425,,,,
169,Harvard,45,1286,546,0.425,,,,
170,Lindenwood,56,1542,652,0.423,,,,
171,Campbell,57,1496,632,0.422,,,,
172,Jackson St.,48,1265,534,0.422,,,,
173,Fresno St.,47,1254,529,0.422,,,,
174,Eastern Ill.,59,1592,671,0.421,,,,
175,Quinnipiac,45,1223,515,0.421,,,,
176,George Washington,45,1243,523,0.421,,,,
177,Drake,51,1351,568,0.420,,,,
178,South Fla.,61,1563,657,0.420,,,,
179,LMU (CA),52,1440,605,0.420,,,,
180,Kent St.,50,1291,542,0.420,,,,
181,Butler,46,1241,521,0.420,,,,
182,Howard,47,1204,504,0.419,,,,
183,Murray St.,52,1412,590,0.418,,,,
184,Dayton,50,1309,545,0.416,,,,
185,LIU,56,1408,586,0.416,,,,
186,Saint Francis,48,1204,500,0.415,,,,
187,Mercer,50,1212,503,0.415,,,,
188,Brown,45,1134,470,0.414,,,,
189,Chattanooga,55,1414,584,0.413,,,,
190,Furman,53,1325,547,0.413,,,,
191,Abilene Christian,48,1191,491,0.412,,,,
192,Georgetown,42,1160,477,0.411,,,,
193,Morgan St.,43,1090,448,0.411,,,,
194,UIC,54,1351,555,0.411,,,,
195,Southern Utah,51,1339,550,0.411,,,,
196,Colorado St.,51,1305,535,0.410,,,,
197,Tulsa,53,1427,583,0.409,,,,
198,Northern Ky.,51,1301,530,0.407,,,,
199,Georgia St.,56,1541,627,0.407,,,,
200,Saint Joseph's,51,1355,551,0.407,,,,
201,Boston College,51,1308,530,0.405,,,,
202,Manhattan,52,1397,565,0.404,,,,
203,Toledo,50,1360,549,0.404,,,,
204,Longwood,53,1318,532,0.404,,,,
205,Pittsburgh,52,1299,524,0.403,,,,
206,South Alabama,59,1425,574,0.403,,,,
207,Missouri St.,50,1210,487,0.402,,,,
208,Baylor,58,1481,593,0.400,,,,
209,Monmouth,51,1322,527,0.399,,,,
210,UNCW,51,1395,556,0.399,,,,
211,UMBC,18,414,164,0.396,,,,
212,Canisius,44,1162,460,0.396,,,,
213,Maryland,48,1254,496,0.396,,,,
214,Southern Miss.,57,1459,576,0.395,,,,
215,Weber St.,56,1499,591,0.394,,,,
216,Fairfield,51,1272,501,0.394,,,,
217,ULM,58,1522,599,0.394,,,,
218,Coppin St.,36,926,363,0.392,,,,
219,UT Martin,54,1443,565,0.392,,,,
220,George Mason,51,1316,515,0.391,,,,
221,UTEP,49,1219,477,0.391,,,,
222,Southeast Mo. St.,53,1376,537,0.390,,,,
223,UC Davis,54,1469,571,0.389,,,,
224,Fordham,55,1516,588,0.388,,,,
225,Ga. Southern,53,1367,529,0.387,,,,
226,Seton Hall,49,1294,499,0.386,,,,
227,North Dakota,51,1317,507,0.385,,,,
228,St. John's (NY),55,1548,595,0.384,,,,
229,Western Ill.,46,1214,466,0.384,,,,
230,Illinois,54,1376,528,0.384,,,,
231,Northwestern St.,53,1374,525,0.382,,,,
232,N.C. A&T,53,1364,521,0.382,,,,
233,Lafayette,52,1341,512,0.382,,,,
234,Tennessee Tech,50,1301,496,0.381,,,,
235,San Jose St.,48,1244,474,0.381,,,,
236,East Carolina,59,1497,570,0.381,,,,
237,Sacred Heart,54,1476,562,0.381,,,,
238,IU Indy,47,1215,461,0.379,,,,
239,Bryant,44,1063,403,0.379,,,,
240,UMass Lowell,54,1430,542,0.379,,,,
241,Presbyterian,52,1367,518,0.379,,,,
242,ETSU,52,1374,520,0.378,,,,
243,Grambling,43,1103,417,0.378,,,,
244,Villanova,53,1339,506,0.378,,,,
245,San Diego,51,1342,506,0.377,,,,
246,South Dakota,58,1532,577,0.377,,,,
247,Alcorn,50,1222,460,0.376,,,,
248,Lipscomb,51,1346,503,0.374,,,,
249,Pacific,52,1341,501,0.374,,,,
250,Eastern Ky.,53,1327,495,0.373,,,,
251,Bowling Green,49,1263,471,0.373,,,,
252,Ark.-Pine Bluff,46,1115,415,0.372,,,,
253,FDU,52,1284,476,0.371,,,,
254,Michigan St.,51,1279,474,0.371,,,,
255,Valparaiso,52,1322,489,0.370,,,,
256,Syracuse,44,1093,403,0.369,,,,
257,Col. of Charleston,60,1549,571,0.369,,,,
258,FGCU,54,1403,517,0.368,,,,
259,Siena,47,1257,463,0.368,,,,
260,Niagara,42,1044,383,0.367,,,,
261,UAB,54,1394,509,0.365,,,,
262,Mount St. Mary's,48,1216,444,0.365,,,,
263,Detroit Mercy,47,1233,448,0.363,,,,
264,Radford,51,1320,479,0.363,,,,
265,Santa Clara,51,1309,475,0.363,,,,
266,Yale,45,1167,423,0.362,,,,
267,Indiana St.,50,1262,457,0.362,,,,
268,Loyola Chicago,52,1387,498,0.359,,,,
269,Delaware St.,46,1124,402,0.358,,,,
270,Morehead St.,45,1273,451,0.354,,,,
271,Bethune-Cookman,49,1227,433,0.353,,,,
272,SIUE,58,1389,490,0.353,,,,
273,Bucknell,45,1119,394,0.352,,,,
274,Saint Louis,51,1306,459,0.351,,,,
275,Portland St.,46,1192,416,0.349,,,,
276,Maine,48,1178,411,0.349,,,,
277,Stonehill,50,1239,432,0.349,,,,
278,Kennesaw St.,50,1255,437,0.348,,,,
279,Minnesota,52,1300,452,0.348,,,,
280,Rhode Island,47,1200,417,0.348,,,,
281,Hampton,43,1062,369,0.347,,,,
282,Bellarmine,50,1210,420,0.347,,,,
283,Stony Brook,50,1309,454,0.347,,,,
284,Massachusetts,49,1228,423,0.344,,,,
285,Wagner,50,1253,429,0.342,,,,
286,UMES,48,1192,408,0.342,,,,
287,Saint Peter's,51,1313,445,0.339,,,,
288,Tennessee St.,40,1035,349,0.337,,,,
289,CSUN,46,1169,392,0.335,,,,
290,East Texas A&M,52,1216,401,0.330,,,,
291,Cal Poly,46,1167,384,0.329,,,,
292,Holy Cross,44,1057,337,0.319,,,,
293,Charleston So.,51,1256,398,0.317,,,,
294,UC Riverside,44,1066,337,0.316,,,,
295,Merrimack,41,1027,324,0.315,,,,
296,Houston Christian,47,1123,351,0.313,,,,
297,St. Bonaventure,53,1267,395,0.312,,,,
298,Elon,51,1256,391,0.311,,,,
299,N.C. Central,48,1147,356,0.310,,,,
300,Southern Ind.,47,1186,367,0.309,,,,
301,CSU Bakersfield,50,1211,373,0.308,,,,
302,Kansas City,48,1198,368,0.307,,,,
303,Mississippi Val.,39,903,269,0.298,,,,
304,A&M-Corpus Christi,53,1252,353,0.282,,,,
Reclassifying,,,,,,,,,
NR,Mercyhurst,43,1110,455,0.410,,,,
NR,Le Moyne,51,1304,479,0.367,,,,
NR,West Ga.,55,1370,483,0.353,,,,
NR,New Haven,45,1132,337,0.298,,,,
,,,,,,,,,
NCAA Softball,,,,,,,,,
Division IDouble Plays per Game,,,,,,,,,
Through Games 06/04/2026,,,,,,,,,
,,,,,,,,,
,,,,,,,,,
Rank,Name,G,DP,PG,,,,,
1,Arizona,55,46,0.84,,,,,
2,South Fla.,61,41,0.67,,,,,
3,Arkansas,60,37,0.62,,,,,
4,Cal St. Fullerton,56,33,0.59,,,,,
5,Central Ark.,57,33,0.58,,,,,
6,Santa Clara,51,29,0.57,,,,,
7,Butler,46,26,0.57,,,,,
8,Indiana,59,33,0.56,,,,,
9,Purdue,54,30,0.56,,,,,
10,Utah,56,31,0.55,,,,,
11,UT Arlington,47,26,0.55,,,,,
12,Baylor,58,32,0.55,,,,,
,Charlotte,58,32,0.55,,,,,
14,Iona,53,29,0.55,,,,,
15,Georgia,61,33,0.54,,,,,
16,Wichita St.,52,28,0.54,,,,,
17,Florida St.,62,33,0.53,,,,,
18,Tulsa,53,28,0.53,,,,,
19,UTSA,57,30,0.53,,,,,
20,Texas St.,61,32,0.52,,,,,
21,California,52,27,0.52,,,,,
22,Long Beach St.,54,28,0.52,,,,,
23,UNLV,53,27,0.51,,,,,
24,UCF,61,31,0.51,,,,,
25,Georgetown,42,21,0.50,,,,,
26,George Mason,51,25,0.49,,,,,
,BYU,51,25,0.49,,,,,
28,Grambling,43,21,0.49,,,,,
29,UAB,54,26,0.48,,,,,
30,Tennessee St.,40,19,0.48,,,,,
31,LSU,59,28,0.47,,,,,
32,Gardner-Webb,57,27,0.47,,,,,
33,Fordham,55,26,0.47,,,,,
34,St. Thomas (MN),53,25,0.47,,,,,
,Eastern Ky.,53,25,0.47,,,,,
36,Binghamton,47,22,0.47,,,,,
37,Ole Miss,62,29,0.47,,,,,
38,Clemson,56,26,0.46,,,,,
39,Missouri St.,50,23,0.46,,,,,
,North Dakota St.,50,23,0.46,,,,,
41,East Carolina,59,27,0.46,,,,,
,Nevada,59,27,0.46,,,,,
43,Middle Tenn.,51,23,0.45,,,,,
44,Miami (OH),56,25,0.45,,,,,
45,Utah St.,54,24,0.44,,,,,
,Utah Valley,54,24,0.44,,,,,
47,Missouri,57,25,0.44,,,,,
,Idaho St.,57,25,0.44,,,,,
,Kansas,57,25,0.44,,,,,
50,Furman,53,23,0.43,,,,,
51,North Dakota,51,22,0.43,,,,,
,Illinois St.,51,22,0.43,,,,,
53,Nicholls,54,23,0.43,,,,,
54,Fresno St.,47,20,0.43,,,,,
55,Jacksonville,55,23,0.42,,,,,
,Iowa St.,55,23,0.42,,,,,
,Boise St.,55,23,0.42,,,,,
58,Sacramento St.,53,22,0.42,,,,,
59,Saint Mary's (CA),58,24,0.41,,,,,
60,Michigan St.,51,21,0.41,,,,,
,Elon,51,21,0.41,,,,,
62,Wisconsin,54,22,0.41,,,,,
,Rutgers,54,22,0.41,,,,,
64,Eastern Ill.,59,24,0.41,,,,,
65,Pacific,52,21,0.40,,,,,
66,Marshall,57,23,0.40,,,,,
,Liberty,57,23,0.40,,,,,
,Campbell,57,23,0.40,,,,,
69,Louisville,58,23,0.40,,,,,
70,Ga. Southern,53,21,0.40,,,,,
,St. Bonaventure,53,21,0.40,,,,,
72,Mount St. Mary's,48,19,0.40,,,,,
73,Towson,51,20,0.39,,,,,
,North Carolina,51,20,0.39,,,,,
,Colorado St.,51,20,0.39,,,,,
,UC San Diego,51,20,0.39,,,,,
77,Florida,64,25,0.39,,,,,
78,Sacred Heart,54,21,0.39,,,,,
79,Memphis,57,22,0.39,,,,,
80,LMU (CA),52,20,0.38,,,,,
,East Texas A&M,52,20,0.38,,,,,
82,South Carolina,60,23,0.38,,,,,
83,Kennesaw St.,50,19,0.38,,,,,
,Stony Brook,50,19,0.38,,,,,
85,Michigan,58,22,0.38,,,,,
,Oklahoma St.,58,22,0.38,,,,,
,SIUE,58,22,0.38,,,,,
88,UNI,53,20,0.38,,,,,
89,Weber St.,56,21,0.38,,,,,
,Louisiana,56,21,0.38,,,,,
91,South Dakota St.,59,22,0.37,,,,,
92,Lipscomb,51,19,0.37,,,,,
93,NIU,43,16,0.37,,,,,
94,Oklahoma,62,23,0.37,,,,,
95,Wofford,54,20,0.37,,,,,
96,Coastal Carolina,57,21,0.37,,,,,
97,Nebraska,60,22,0.37,,,,,
98,Merrimack,41,15,0.37,,,,,
99,Arizona St.,63,23,0.37,,,,,
100,A&M-Corpus Christi,53,19,0.36,,,,,
101,Creighton,59,21,0.36,,,,,
102,Quinnipiac,45,16,0.36,,,,,
103,McNeese,62,22,0.35,,,,,
104,Ball St.,48,17,0.35,,,,,
,San Jose St.,48,17,0.35,,,,,
106,Texas,65,23,0.35,,,,,
107,UC Santa Barbara,57,20,0.35,,,,,
108,Duke,60,21,0.35,,,,,
109,UCLA,63,22,0.35,,,,,
110,Norfolk St.,43,15,0.35,,,,,
111,Cal Poly,46,16,0.35,,,,,
112,Rider,49,17,0.35,,,,,
,Bowling Green,49,17,0.35,,,,,
,UTEP,49,17,0.35,,,,,
,Providence,49,17,0.35,,,,,
116,Southern U.,52,18,0.35,,,,,
117,Virginia,55,19,0.35,,,,,
118,Lamar University,58,20,0.34,,,,,
,ULM,58,20,0.34,,,,,
120,Bryant,44,15,0.34,,,,,
121,Howard,47,16,0.34,,,,,
122,Toledo,50,17,0.34,,,,,
123,Southeastern La.,62,21,0.34,,,,,
124,Houston,51,17,0.33,,,,,
,UIC,54,18,0.33,,,,,
,Troy,54,18,0.33,,,,,
,Radford,51,17,0.33,,,,,
,Lehigh,54,18,0.33,,,,,
,UNCW,51,17,0.33,,,,,
130,CSUN,46,15,0.33,,,,,
131,San Diego St.,50,16,0.32,,,,,
,Dayton,50,16,0.32,,,,,
133,South Carolina St.,44,14,0.32,,,,,
134,Akron,60,19,0.32,,,,,
,Virginia Tech,60,19,0.32,,,,,
136,UT Martin,54,17,0.31,,,,,
,Illinois,54,17,0.31,,,,,
138,Saint Louis,51,16,0.31,,,,,
,James Madison,51,16,0.31,,,,,
140,Grand Canyon,64,20,0.31,,,,,
,UMES,48,15,0.31,,,,,
142,Tennessee,61,19,0.31,,,,,
143,New Mexico,55,17,0.31,,,,,
144,Stetson,59,18,0.31,,,,,
145,Southeast Mo. St.,53,16,0.30,,,,,
,NC State,53,16,0.30,,,,,
,Longwood,53,16,0.30,,,,,
148,CSU Bakersfield,50,15,0.30,,,,,
,Mercer,50,15,0.30,,,,,
,Hawaii,50,15,0.30,,,,,
151,Green Bay,47,14,0.30,,,,,
152,Canisius,44,13,0.30,,,,,
,Penn,44,13,0.30,,,,,
154,Georgia Tech,61,18,0.30,,,,,
155,Charleston So.,51,15,0.29,,,,,
,Southern Utah,51,15,0.29,,,,,
,Northern Ky.,51,15,0.29,,,,,
,Saint Joseph's,51,15,0.29,,,,,
,San Diego,51,15,0.29,,,,,
160,Kentucky,55,16,0.29,,,,,
161,Loyola Chicago,52,15,0.29,,,,,
,FIU,52,15,0.29,,,,,
163,North Texas,56,16,0.29,,,,,
,Texas Southern,42,12,0.29,,,,,
,Louisiana Tech,56,16,0.29,,,,,
166,Western Ill.,46,13,0.28,,,,,
,Portland St.,46,13,0.28,,,,,
,Prairie View,46,13,0.28,,,,,
169,Southern Miss.,57,16,0.28,,,,,
,Texas A&M,57,16,0.28,,,,,
171,Stonehill,50,14,0.28,,,,,
,Tennessee Tech,50,14,0.28,,,,,
,Kent St.,50,14,0.28,,,,,
174,UIW,54,15,0.28,,,,,
,Fla. Atlantic,54,15,0.28,,,,,
176,Southern Ind.,47,13,0.28,,,,,
,Rhode Island,47,13,0.28,,,,,
178,Boston College,51,14,0.27,,,,,
,Drake,51,14,0.27,,,,,
180,California Baptist,62,17,0.27,,,,,
181,Chattanooga,55,15,0.27,,,,,
182,Abilene Christian,48,13,0.27,,,,,
,Maine,48,13,0.27,,,,,
184,LIU,56,15,0.27,,,,,
,Lindenwood,56,15,0.27,,,,,
186,Col. of Charleston,60,16,0.27,,,,,
,Columbia,45,12,0.27,,,,,
,Harvard,45,12,0.27,,,,,
,UConn,60,16,0.27,,,,,
190,Omaha,49,13,0.27,,,,,
,Seton Hall,49,13,0.27,,,,,
,Bethune-Cookman,49,13,0.27,,,,,
193,DePaul,50,13,0.26,,,,,
,Bellarmine,50,13,0.26,,,,,
195,FGCU,54,14,0.26,,,,,
,Penn St.,54,14,0.26,,,,,
,New Mexico St.,54,14,0.26,,,,,
,Austin Peay,54,14,0.26,,,,,
,UC Davis,54,14,0.26,,,,,
,Iowa,54,14,0.26,,,,,
201,Western Caro.,58,15,0.26,,,,,
202,Hampton,43,11,0.26,,,,,
203,Seattle U,51,13,0.25,,,,,
,Southern Ill.,51,13,0.25,,,,,
205,Colgate,55,14,0.25,,,,,
206,Samford,59,15,0.25,,,,,
207,N.C. Central,48,12,0.25,,,,,
,Valparaiso,52,13,0.25,,,,,
,ETSU,52,13,0.25,,,,,
,Syracuse,44,11,0.25,,,,,
,Maryland,48,12,0.25,,,,,
,Mississippi St.,64,16,0.25,,,,,
,Pittsburgh,52,13,0.25,,,,,
214,Tarleton St.,61,15,0.25,,,,,
,USC Upstate,61,15,0.25,,,,,
216,Washington,57,14,0.25,,,,,
217,Notre Dame,53,13,0.25,,,,,
,Western Ky.,53,13,0.25,,,,,
219,Dartmouth,33,8,0.24,,,,,
220,UNC Greensboro,62,15,0.24,,,,,
221,South Dakota,58,14,0.24,,,,,
222,UMass Lowell,54,13,0.24,,,,,
,Stanford,54,13,0.24,,,,,
224,Northwestern,50,12,0.24,,,,,
225,Monmouth,51,12,0.24,,,,,
226,Central Conn. St.,47,11,0.23,,,,,
,Houston Christian,47,11,0.23,,,,,
,Detroit Mercy,47,11,0.23,,,,,
229,Alabama St.,56,13,0.23,,,,,
230,Lafayette,52,12,0.23,,,,,
,Manhattan,52,12,0.23,,,,,
,Minnesota,52,12,0.23,,,,,
233,Kansas City,48,11,0.23,,,,,
234,Oregon St.,53,12,0.23,,,,,
,Ohio St.,53,12,0.23,,,,,
236,Texas Tech,71,16,0.23,,,,,
237,Oakland,49,11,0.22,,,,,
238,Drexel,45,10,0.22,,,,,
,UAlbany,45,10,0.22,,,,,
,Hofstra,54,12,0.22,,,,,
241,Auburn,55,12,0.22,,,,,
242,Evansville,51,11,0.22,,,,,
,Northern Colo.,51,11,0.22,,,,,
244,SFA,56,12,0.21,,,,,
,Niagara,42,9,0.21,,,,,
,Sam Houston,56,12,0.21,,,,,
247,Jacksonville St.,61,13,0.21,,,,,
248,North Ala.,52,11,0.21,,,,,
249,Boston U.,62,13,0.21,,,,,
250,Saint Francis,48,10,0.21,,,,,
251,Utah Tech,53,11,0.21,,,,,
,Villanova,53,11,0.21,,,,,
253,Army West Point,58,12,0.21,,,,,
254,Mississippi Val.,39,8,0.21,,,,,
255,Robert Morris,49,10,0.20,,,,,
256,Montana,54,11,0.20,,,,,
,Belmont,54,11,0.20,,,,,
258,South Alabama,59,12,0.20,,,,,
259,George Washington,45,9,0.20,,,,,
,Delaware,55,11,0.20,,,,,
,Alabama,65,13,0.20,,,,,
262,Georgia St.,56,11,0.20,,,,,
263,Presbyterian,52,10,0.19,,,,,
264,Siena,47,9,0.19,,,,,
265,Bradley,53,10,0.19,,,,,
266,Cornell,43,8,0.19,,,,,
267,Central Mich.,49,9,0.18,,,,,
,Princeton,49,9,0.18,,,,,
269,Oregon,55,10,0.18,,,,,
,UC Riverside,44,8,0.18,,,,,
271,Alcorn,50,9,0.18,,,,,
,Indiana St.,50,9,0.18,,,,,
273,Yale,45,8,0.18,,,,,
,Brown,45,8,0.18,,,,,
,Morehead St.,45,8,0.18,,,,,
276,Saint Peter's,51,9,0.18,,,,,
,Fairfield,51,9,0.18,,,,,
278,IU Indy,47,8,0.17,,,,,
279,N.C. A&T,53,9,0.17,,,,,
280,UMBC,18,3,0.17,,,,,
,Coppin St.,36,6,0.17,,,,,
,Jackson St.,48,8,0.17,,,,,
283,Western Mich.,55,9,0.16,,,,,
284,Massachusetts,49,8,0.16,,,,,
285,Alabama A&M,50,8,0.16,,,,,
286,Youngstown St.,51,8,0.16,,,,,
287,Marist,58,9,0.16,,,,,
,Ohio,58,9,0.16,,,,,
289,FDU,52,8,0.15,,,,,
290,Ark.-Pine Bluff,46,7,0.15,,,,,
291,Florida A&M,54,8,0.15,,,,,
292,North Florida,61,9,0.15,,,,,
293,Queens (NC),48,7,0.15,,,,,
294,App State,50,7,0.14,,,,,
295,Winthrop,53,7,0.13,,,,,
296,Delaware St.,46,6,0.13,,,,,
297,St. John's (NY),55,7,0.13,,,,,
298,Wagner,50,6,0.12,,,,,
299,Holy Cross,44,5,0.11,,,,,
300,Northwestern St.,53,6,0.11,,,,,
301,Bucknell,45,5,0.11,,,,,
302,Buffalo,56,6,0.11,,,,,
303,Murray St.,52,5,0.10,,,,,
304,Morgan St.,43,3,0.07,,,,,
Reclassifying,,,,,,,,,
NR,West Ga.,55,30,0.55,,,,,
NR,Mercyhurst,43,9,0.21,,,,,
NR,New Haven,45,9,0.20,,,,,
NR,Le Moyne,51,9,0.18,,,,,
,,,,,,,,,
NCAA Softball,,,,,,,,,
Division IHits Allowed Per Seven Innings,,,,,,,,,
Through Games 06/04/2026,,,,,,,,,
,,,,,,,,,
,,,,,,,,,
Rank,Name,G,IP,HA,PG,,,,
1,Tennessee,61,401.0,218,3.81,,,,
2,Alabama,65,419.0,263,4.39,,,,
3,Southeastern La.,62,395.0,252,4.47,,,,
4,Mississippi St.,64,420.1,280,4.66,,,,
5,Texas Tech,71,424.2,303,4.99,,,,
6,Belmont,54,360.0,259,5.04,,,,
7,Nebraska,60,400.1,299,5.23,,,,
8,Virginia Tech,60,378.1,296,5.48,,,,
9,Western Ky.,53,342.1,268,5.48,,,,
10,Arkansas,60,367.2,296,5.64,,,,
11,UNC Greensboro,62,410.0,332,5.67,,,,
12,Virginia,55,363.2,298,5.74,,,,
13,Florida St.,62,393.1,323,5.75,,,,
14,Florida,64,406.2,339,5.84,,,,
15,Texas,65,419.0,350,5.85,,,,
16,UCF,61,394.2,334,5.92,,,,
17,LSU,59,388.2,341,6.14,,,,
18,Northwestern,50,315.2,280,6.21,,,,
19,Radford,51,331.1,294,6.21,,,,
20,Grand Canyon,64,425.0,382,6.29,,,,
21,Oregon,55,362.2,327,6.31,,,,
22,Army West Point,58,378.0,342,6.33,,,,
23,South Alabama,59,387.2,352,6.36,,,,
24,Oklahoma,62,369.0,337,6.39,,,,
25,Texas St.,61,417.0,381,6.40,,,,
26,Howard,47,293.0,269,6.43,,,,
27,UNCW,51,339.2,312,6.43,,,,
28,Fla. Atlantic,54,353.0,325,6.44,,,,
29,Stanford,54,360.1,333,6.47,,,,
30,South Fla.,61,415.1,384,6.47,,,,
31,Dayton,50,329.2,305,6.48,,,,
32,Cal St. Fullerton,56,372.2,347,6.52,,,,
33,Jacksonville St.,61,400.1,373,6.52,,,,
34,Troy,54,353.0,329,6.52,,,,
35,California Baptist,62,410.1,383,6.53,,,,
36,Texas Southern,42,272.2,255,6.55,,,,
37,Georgia Tech,61,393.2,370,6.58,,,,
38,Texas A&M,57,364.2,345,6.62,,,,
39,Indiana,59,369.2,350,6.63,,,,
40,East Carolina,59,400.1,382,6.68,,,,
41,Boston U.,62,387.1,370,6.69,,,,
42,LMU (CA),52,351.2,336,6.69,,,,
43,Washington,57,366.2,351,6.70,,,,
44,Omaha,49,305.0,292,6.70,,,,
45,Clemson,56,359.2,345,6.71,,,,
46,Georgia,61,377.0,364,6.76,,,,
47,ULM,58,399.2,387,6.78,,,,
48,Siena,47,319.0,309,6.78,,,,
49,Hofstra,54,348.1,338,6.79,,,,
50,North Florida,61,387.1,376,6.80,,,,
51,Miami (OH),56,372.1,362,6.81,,,,
52,Utah,56,359.1,351,6.84,,,,
53,Georgia St.,56,372.0,364,6.85,,,,
54,UMBC,18,111.1,109,6.85,,,,
55,Ole Miss,62,399.0,392,6.88,,,,
56,Southern Ill.,51,339.2,334,6.88,,,,
57,UMass Lowell,54,347.1,342,6.89,,,,
58,St. John's (NY),55,367.0,363,6.92,,,,
59,South Carolina,60,387.0,383,6.93,,,,
60,North Ala.,52,335.1,332,6.93,,,,
61,Arizona St.,63,409.2,408,6.97,,,,
62,Missouri,57,383.1,385,7.03,,,,
63,Saint Mary's (CA),58,382.1,384,7.03,,,,
64,St. Thomas (MN),53,344.0,347,7.06,,,,
65,Liberty,57,371.1,375,7.07,,,,
66,Louisiana Tech,56,372.0,376,7.08,,,,
67,UT Martin,54,364.1,369,7.09,,,,
68,San Diego St.,50,320.1,325,7.10,,,,
69,Nevada,59,388.1,395,7.12,,,,
70,Eastern Ky.,53,347.0,355,7.16,,,,
71,Oklahoma St.,58,376.0,385,7.17,,,,
72,Jacksonville,55,365.2,376,7.20,,,,
73,Fairfield,51,330.1,340,7.20,,,,
74,Hawaii,50,327.0,337,7.21,,,,
75,UIW,54,330.1,342,7.25,,,,
76,Sacramento St.,53,349.0,365,7.32,,,,
77,Fresno St.,47,316.1,331,7.32,,,,
78,Murray St.,52,345.2,363,7.35,,,,
79,Campbell,57,362.0,381,7.37,,,,
80,Rhode Island,47,304.2,323,7.42,,,,
81,Purdue,54,339.1,360,7.43,,,,
82,Southern Miss.,57,373.2,397,7.44,,,,
83,UAlbany,45,293.0,312,7.45,,,,
84,George Washington,45,310.0,331,7.47,,,,
85,Brown,45,287.0,307,7.49,,,,
86,Iona,53,349.0,374,7.50,,,,
87,Fordham,55,370.2,399,7.54,,,,
88,NC State,53,335.0,361,7.54,,,,
89,Penn St.,54,344.0,371,7.55,,,,
90,South Carolina St.,44,276.0,298,7.56,,,,
91,Sacred Heart,54,367.2,398,7.58,,,,
92,Delaware,55,352.1,382,7.59,,,,
93,Central Ark.,57,358.2,389,7.59,,,,
94,Kansas,57,356.2,387,7.60,,,,
95,Louisiana,56,360.1,391,7.60,,,,
96,Stetson,59,377.0,410,7.61,,,,
97,Saint Joseph's,51,343.2,374,7.62,,,,
98,Loyola Chicago,52,353.2,385,7.62,,,,
99,Prairie View,46,287.1,313,7.63,,,,
100,Indiana St.,50,315.1,344,7.64,,,,
101,FIU,52,346.2,379,7.65,,,,
102,ETSU,52,341.2,374,7.66,,,,
103,Columbia,45,304.2,334,7.67,,,,
104,Samford,59,370.1,406,7.67,,,,
105,Maryland,48,311.2,342,7.68,,,,
106,Marshall,57,377.0,414,7.69,,,,
107,Austin Peay,54,343.2,378,7.70,,,,
108,Michigan,58,374.1,412,7.70,,,,
109,North Dakota,51,324.1,358,7.73,,,,
110,UCLA,63,381.1,421,7.73,,,,
111,Southern U.,52,337.2,373,7.73,,,,
112,Sam Houston,56,360.1,399,7.75,,,,
113,Idaho St.,57,360.0,399,7.76,,,,
114,Baylor,58,380.1,422,7.77,,,,
115,Louisville,58,385.0,428,7.78,,,,
116,Longwood,53,336.0,374,7.79,,,,
117,George Mason,51,344.0,383,7.79,,,,
118,Nicholls,54,346.1,386,7.80,,,,
119,Florida A&M,54,343.1,383,7.81,,,,
120,Lindenwood,56,378.0,422,7.81,,,,
121,James Madison,51,333.2,373,7.83,,,,
122,Wichita St.,52,340.2,381,7.83,,,,
123,Duke,60,387.0,434,7.85,,,,
124,Providence,49,313.1,353,7.89,,,,
125,UTSA,57,378.0,426,7.89,,,,
126,FGCU,54,352.0,397,7.89,,,,
127,Western Mich.,55,361.2,409,7.92,,,,
128,Eastern Ill.,59,382.2,434,7.94,,,,
129,UConn,60,383.1,435,7.94,,,,
130,Missouri St.,50,305.2,347,7.95,,,,
131,N.C. A&T,53,339.2,386,7.95,,,,
132,Mount St. Mary's,48,304.1,347,7.98,,,,
133,Lehigh,54,352.1,404,8.03,,,,
134,Northwestern St.,53,337.1,387,8.03,,,,
135,UC Davis,54,376.0,432,8.04,,,,
136,SFA,56,366.1,421,8.04,,,,
137,Boise St.,55,355.1,409,8.06,,,,
138,Notre Dame,53,339.1,391,8.07,,,,
139,Evansville,51,326.0,376,8.07,,,,
140,Santa Clara,51,336.1,388,8.08,,,,
141,App State,50,312.1,361,8.09,,,,
142,Princeton,49,322.1,373,8.10,,,,
143,McNeese,62,405.2,471,8.13,,,,
144,Wofford,54,356.0,414,8.14,,,,
145,Bryant,44,275.2,322,8.18,,,,
146,Lamar University,58,372.0,435,8.19,,,,
147,Ga. Southern,53,341.1,400,8.20,,,,
148,Georgetown,42,284.0,333,8.21,,,,
149,Presbyterian,52,337.2,397,8.23,,,,
150,NIU,43,276.1,325,8.23,,,,
151,Charlotte,58,371.1,437,8.24,,,,
152,Delaware St.,46,291.1,343,8.24,,,,
153,New Mexico,55,360.0,424,8.24,,,,
154,UC Santa Barbara,57,368.0,435,8.27,,,,
155,Ohio,58,366.0,433,8.28,,,,
156,Pittsburgh,52,331.2,393,8.29,,,,
157,South Dakota,58,370.2,440,8.31,,,,
158,Youngstown St.,51,318.1,378,8.31,,,,
159,Seattle U,51,334.2,398,8.32,,,,
160,Saint Louis,51,336.2,402,8.36,,,,
161,Chattanooga,55,348.0,416,8.37,,,,
162,Kentucky,55,350.2,421,8.40,,,,
163,Minnesota,52,332.2,400,8.42,,,,
164,Harvard,45,302.1,364,8.43,,,,
165,Long Beach St.,54,358.0,434,8.49,,,,
166,Oakland,49,314.1,383,8.53,,,,
167,Syracuse,44,280.2,342,8.53,,,,
168,Cal Poly,46,297.0,362,8.53,,,,
169,Central Mich.,49,323.0,394,8.54,,,,
170,UAB,54,352.0,430,8.55,,,,
171,Norfolk St.,43,282.1,345,8.55,,,,
172,SIUE,58,369.0,451,8.56,,,,
173,Iowa,54,358.1,438,8.56,,,,
174,Northern Ky.,51,323.2,396,8.56,,,,
175,San Diego,51,338.0,414,8.57,,,,
176,Wisconsin,54,349.2,429,8.59,,,,
177,North Dakota St.,50,318.2,391,8.59,,,,
178,Detroit Mercy,47,296.1,364,8.60,,,,
179,Southern Ind.,47,297.2,366,8.61,,,,
180,Southeast Mo. St.,53,335.1,413,8.62,,,,
181,Bowling Green,49,313.0,386,8.63,,,,
182,New Mexico St.,54,348.2,430,8.63,,,,
183,Creighton,59,386.1,477,8.64,,,,
184,Arizona,55,331.0,409,8.65,,,,
185,Stony Brook,50,325.1,402,8.65,,,,
186,Central Conn. St.,47,297.1,369,8.69,,,,
187,LIU,56,348.2,433,8.69,,,,
188,Winthrop,53,346.2,431,8.70,,,,
189,North Texas,56,361.0,450,8.73,,,,
190,Towson,51,342.1,427,8.73,,,,
191,Tarleton St.,61,384.1,480,8.74,,,,
192,Wagner,50,312.0,391,8.77,,,,
193,Colgate,55,353.1,443,8.78,,,,
194,Ball St.,48,311.1,391,8.79,,,,
195,Rutgers,54,342.1,430,8.79,,,,
196,Gardner-Webb,57,366.0,460,8.80,,,,
197,Canisius,44,289.1,364,8.81,,,,
198,Marist,58,372.2,470,8.83,,,,
199,UC San Diego,51,323.0,408,8.84,,,,
200,Middle Tenn.,51,334.0,423,8.87,,,,
201,Seton Hall,49,315.0,399,8.87,,,,
202,Akron,60,391.1,496,8.87,,,,
203,Tennessee Tech,50,313.1,399,8.91,,,,
204,Colorado St.,51,333.2,427,8.96,,,,
205,Pacific,52,341.1,437,8.96,,,,
206,USC Upstate,61,383.0,492,8.99,,,,
207,Elon,51,323.0,415,8.99,,,,
208,UNLV,53,343.0,441,9.00,,,,
209,Western Caro.,58,382.0,492,9.02,,,,
210,North Carolina,51,327.1,422,9.02,,,,
211,South Dakota St.,59,363.1,469,9.04,,,,
212,Holy Cross,44,265.1,343,9.05,,,,
213,Portland St.,46,290.0,375,9.05,,,,
214,Illinois St.,51,342.1,443,9.06,,,,
215,Valparaiso,52,330.0,428,9.08,,,,
216,Jackson St.,48,300.1,390,9.09,,,,
217,Michigan St.,51,317.0,412,9.10,,,,
218,Utah Valley,54,350.2,456,9.10,,,,
219,Auburn,55,345.2,450,9.11,,,,
220,Col. of Charleston,60,397.1,518,9.13,,,,
221,Tulsa,53,352.0,459,9.13,,,,
222,Iowa St.,55,351.0,458,9.13,,,,
223,Merrimack,41,259.2,341,9.19,,,,
224,Lafayette,52,327.0,430,9.20,,,,
225,Massachusetts,49,312.1,414,9.28,,,,
226,Coastal Carolina,57,359.1,477,9.29,,,,
227,Southern Utah,51,320.2,426,9.30,,,,
228,Yale,45,283.1,379,9.36,,,,
229,Memphis,57,357.1,479,9.38,,,,
230,Drexel,45,281.0,377,9.39,,,,
231,Ohio St.,53,317.0,426,9.41,,,,
232,Quinnipiac,45,280.1,377,9.41,,,,
233,Monmouth,51,330.0,445,9.44,,,,
234,UNI,53,346.2,468,9.45,,,,
235,DePaul,50,320.2,434,9.47,,,,
236,Kansas City,48,300.1,409,9.53,,,,
237,Lipscomb,51,323.2,441,9.54,,,,
238,Cornell,43,270.1,369,9.55,,,,
239,Alabama St.,56,354.0,484,9.57,,,,
240,Manhattan,52,337.0,462,9.60,,,,
241,Hampton,43,259.1,357,9.64,,,,
242,UMES,48,301.1,415,9.64,,,,
243,UTEP,49,308.1,428,9.72,,,,
244,Robert Morris,49,308.0,431,9.80,,,,
245,Illinois,54,343.2,481,9.80,,,,
246,Toledo,50,321.0,450,9.81,,,,
247,San Jose St.,48,305.2,430,9.85,,,,
248,Alcorn,50,297.0,418,9.85,,,,
249,Penn,44,276.0,389,9.87,,,,
250,Charleston So.,51,318.2,453,9.95,,,,
251,Oregon St.,53,345.1,492,9.97,,,,
252,FDU,52,310.1,443,9.99,,,,
253,Queens (NC),48,308.0,440,10.00,,,,
254,Villanova,53,331.2,475,10.03,,,,
255,Rider,49,315.1,452,10.03,,,,
256,Saint Peter's,51,311.1,448,10.07,,,,
257,Bethune-Cookman,49,305.2,440,10.08,,,,
258,Houston,51,322.1,464,10.08,,,,
259,CSUN,46,291.2,420,10.08,,,,
260,Butler,46,302.0,437,10.13,,,,
261,Kent St.,50,316.1,460,10.18,,,,
262,BYU,51,308.2,451,10.23,,,,
263,Maine,48,285.2,418,10.24,,,,
264,Coppin St.,36,220.1,325,10.33,,,,
265,Binghamton,47,284.1,421,10.36,,,,
266,UT Arlington,47,313.1,465,10.39,,,,
267,Boston College,51,318.0,473,10.41,,,,
268,Northern Colo.,51,325.2,485,10.42,,,,
269,Western Ill.,46,282.0,420,10.43,,,,
270,Morehead St.,45,295.2,441,10.44,,,,
271,Utah St.,54,342.0,512,10.48,,,,
272,Buffalo,56,357.0,535,10.49,,,,
273,Bradley,53,325.1,488,10.50,,,,
274,Kennesaw St.,50,309.2,465,10.51,,,,
275,Montana,54,343.1,516,10.52,,,,
276,Mercer,50,314.2,473,10.52,,,,
277,Weber St.,56,344.2,520,10.56,,,,
278,Drake,51,329.1,498,10.59,,,,
279,Ark.-Pine Bluff,46,265.1,402,10.61,,,,
280,Niagara,42,250.2,385,10.75,,,,
281,Morgan St.,43,255.0,393,10.79,,,,
282,Bellarmine,50,302.1,472,10.93,,,,
283,Furman,53,318.2,499,10.96,,,,
284,Houston Christian,47,287.2,454,11.05,,,,
285,UIC,54,321.2,510,11.10,,,,
286,UC Riverside,44,268.0,425,11.10,,,,
287,Grambling,43,263.1,420,11.16,,,,
288,California,52,315.0,504,11.20,,,,
289,Tennessee St.,40,247.1,400,11.32,,,,
290,Green Bay,47,286.2,464,11.33,,,,
291,Dartmouth,33,201.0,328,11.42,,,,
292,Bucknell,45,267.2,439,11.48,,,,
293,A&M-Corpus Christi,53,321.0,527,11.49,,,,
294,Utah Tech,53,323.1,532,11.52,,,,
295,St. Bonaventure,53,310.0,514,11.61,,,,
296,Abilene Christian,48,285.2,478,11.71,,,,
297,CSU Bakersfield,50,295.1,499,11.83,,,,
298,Alabama A&M,50,304.2,515,11.83,,,,
299,N.C. Central,48,286.1,485,11.86,,,,
300,Stonehill,50,292.2,498,11.91,,,,
301,East Texas A&M,52,313.0,544,12.17,,,,
302,IU Indy,47,288.1,521,12.65,,,,
303,Saint Francis,48,283.0,562,13.90,,,,
304,Mississippi Val.,39,211.0,489,16.22,,,,
Reclassifying,,,,,,,,,
NR,West Ga.,55,353.2,496,9.82,,,,
NR,Le Moyne,51,320.1,456,9.96,,,,
NR,New Haven,45,286.0,429,10.50,,,,
NR,Mercyhurst,43,258.0,395,10.72,,,,
,,,,,,,,,
NCAA Softball,,,,,,,,,
Division IHit By Pitch,,,,,,,,,
Through Games 06/04/2026,,,,,,,,,
,,,,,,,,,
,,,,,,,,,
Rank,Name,G,HBP,,,,,,
1,Indiana,59,77,,,,,,
2,UCLA,63,71,,,,,,
3,Northwestern St.,53,66,,,,,,
4,Arizona St.,63,60,,,,,,
5,Lamar University,58,57,,,,,,
,Omaha,49,57,,,,,,
,Ole Miss,62,57,,,,,,
8,Boston U.,62,56,,,,,,
9,Miami (OH),56,55,,,,,,
,California Baptist,62,55,,,,,,
11,Louisville,58,54,,,,,,
,Fairfield,51,54,,,,,,
,Campbell,57,54,,,,,,
14,Utah St.,54,53,,,,,,
,Oklahoma St.,58,53,,,,,,
16,Bowling Green,49,52,,,,,,
,Texas Tech,71,52,,,,,,
,Tennessee,61,52,,,,,,
,UNLV,53,52,,,,,,
20,Grand Canyon,64,51,,,,,,
,Texas A&M,57,51,,,,,,
,Alabama,65,51,,,,,,
,LIU,56,51,,,,,,
24,Stetson,59,50,,,,,,
,South Carolina,60,50,,,,,,
26,Ball St.,48,49,,,,,,
,Southern Miss.,57,49,,,,,,
,Rutgers,54,49,,,,,,
,Oregon,55,49,,,,,,
30,CSUN,46,48,,,,,,
,Ohio,58,48,,,,,,
,George Mason,51,48,,,,,,
33,Jacksonville,55,47,,,,,,
,Washington,57,47,,,,,,
,Samford,59,47,,,,,,
,Sam Houston,56,47,,,,,,
37,Fla. Atlantic,54,46,,,,,,
,Colorado St.,51,46,,,,,,
39,Kansas,57,45,,,,,,
,LSU,59,45,,,,,,
41,USC Upstate,61,44,,,,,,
,Memphis,57,44,,,,,,
,Alabama A&M,50,44,,,,,,
,Delaware,55,44,,,,,,
,Tulsa,53,44,,,,,,
,Purdue,54,44,,,,,,
,Saint Mary's (CA),58,44,,,,,,
,South Fla.,61,44,,,,,,
,Oklahoma,62,44,,,,,,
50,Furman,53,43,,,,,,
,Iowa,54,43,,,,,,
,St. John's (NY),55,43,,,,,,
,New Mexico St.,54,43,,,,,,
,Northwestern,50,43,,,,,,
,Nevada,59,43,,,,,,
56,Eastern Ky.,53,42,,,,,,
,Wisconsin,54,42,,,,,,
,Wagner,50,42,,,,,,
,Utah,56,42,,,,,,
,North Carolina,51,42,,,,,,
61,Michigan,58,41,,,,,,
,Southern Utah,51,41,,,,,,
,UNC Greensboro,62,41,,,,,,
64,Louisiana Tech,56,40,,,,,,
,Auburn,55,40,,,,,,
,Western Mich.,55,40,,,,,,
,Eastern Ill.,59,40,,,,,,
,George Washington,45,40,,,,,,
,UCF,61,40,,,,,,
70,Arkansas,60,39,,,,,,
,Villanova,53,39,,,,,,
,NC State,53,39,,,,,,
73,Austin Peay,54,38,,,,,,
,Prairie View,46,38,,,,,,
,Missouri,57,38,,,,,,
,Illinois,54,38,,,,,,
77,Tarleton St.,61,37,,,,,,
,Baylor,58,37,,,,,,
,UC San Diego,51,37,,,,,,
,Robert Morris,49,37,,,,,,
,Ga. Southern,53,37,,,,,,
,Iona,53,37,,,,,,
,Nebraska,60,37,,,,,,
,Colgate,55,37,,,,,,
85,Utah Valley,54,36,,,,,,
,Col. of Charleston,60,36,,,,,,
,Binghamton,47,36,,,,,,
,Penn St.,54,36,,,,,,
,Georgia Tech,61,36,,,,,,
,Northern Colo.,51,36,,,,,,
,Pacific,52,36,,,,,,
,Boise St.,55,36,,,,,,
93,Alabama St.,56,35,,,,,,
,Florida,64,35,,,,,,
,Murray St.,52,35,,,,,,
,UT Arlington,47,35,,,,,,
,Northern Ky.,51,35,,,,,,
,Princeton,49,35,,,,,,
,Stony Brook,50,35,,,,,,
,New Mexico,55,35,,,,,,
101,Liberty,57,34,,,,,,
,Houston,51,34,,,,,,
,Wichita St.,52,34,,,,,,
,Troy,54,34,,,,,,
,San Diego,51,34,,,,,,
,Southern U.,52,34,,,,,,
,Texas St.,61,34,,,,,,
,North Texas,56,34,,,,,,
109,Maryland,48,33,,,,,,
,Michigan St.,51,33,,,,,,
,App State,50,33,,,,,,
,Bryant,44,33,,,,,,
,Long Beach St.,54,33,,,,,,
,Texas,65,33,,,,,,
,Charlotte,58,33,,,,,,
,Providence,49,33,,,,,,
,South Alabama,59,33,,,,,,
,Chattanooga,55,33,,,,,,
,Jacksonville St.,61,33,,,,,,
120,UIW,54,32,,,,,,
,California,52,32,,,,,,
,Duke,60,32,,,,,,
,SIUE,58,32,,,,,,
,Saint Francis,48,32,,,,,,
,Seton Hall,49,32,,,,,,
,UIC,54,32,,,,,,
127,Massachusetts,49,31,,,,,,
,Mississippi St.,64,31,,,,,,
,Texas Southern,42,31,,,,,,
,Montana,54,31,,,,,,
,Pittsburgh,52,31,,,,,,
,Detroit Mercy,47,31,,,,,,
133,Kennesaw St.,50,30,,,,,,
,North Florida,61,30,,,,,,
,Lehigh,54,30,,,,,,
,Toledo,50,30,,,,,,
,Columbia,45,30,,,,,,
,Stanford,54,30,,,,,,
,Brown,45,30,,,,,,
140,Creighton,59,29,,,,,,
,Louisiana,56,29,,,,,,
,San Diego St.,50,29,,,,,,
143,IU Indy,47,28,,,,,,
,Wofford,54,28,,,,,,
,Cal St. Fullerton,56,28,,,,,,
,Fordham,55,28,,,,,,
,Virginia,55,28,,,,,,
,Nicholls,54,28,,,,,,
,Penn,44,28,,,,,,
,Saint Joseph's,51,28,,,,,,
,Syracuse,44,28,,,,,,
,Georgia,61,28,,,,,,
153,Elon,51,27,,,,,,
,Ark.-Pine Bluff,46,27,,,,,,
,Arizona,55,27,,,,,,
,Clemson,56,27,,,,,,
,Coastal Carolina,57,27,,,,,,
,Santa Clara,51,27,,,,,,
,Green Bay,47,27,,,,,,
,Yale,45,27,,,,,,
,Morehead St.,45,27,,,,,,
,N.C. Central,48,27,,,,,,
,Ohio St.,53,27,,,,,,
,Idaho St.,57,27,,,,,,
165,Manhattan,52,26,,,,,,
,Mercer,50,26,,,,,,
,Buffalo,56,26,,,,,,
,UC Davis,54,26,,,,,,
,UC Riverside,44,26,,,,,,
,Missouri St.,50,26,,,,,,
,FIU,52,26,,,,,,
,Florida St.,62,26,,,,,,
,Howard,47,26,,,,,,
,Notre Dame,53,26,,,,,,
,Evansville,51,26,,,,,,
176,Marshall,57,25,,,,,,
,UMES,48,25,,,,,,
,UAB,54,25,,,,,,
,UAlbany,45,25,,,,,,
,East Carolina,59,25,,,,,,
,Grambling,43,25,,,,,,
,Kent St.,50,25,,,,,,
,St. Thomas (MN),53,25,,,,,,
,Army West Point,58,25,,,,,,
185,A&M-Corpus Christi,53,24,,,,,,
,Longwood,53,24,,,,,,
,UMass Lowell,54,24,,,,,,
,BYU,51,24,,,,,,
,Southeastern La.,62,24,,,,,,
,Florida A&M,54,24,,,,,,
,Harvard,45,24,,,,,,
,Iowa St.,55,24,,,,,,
,UC Santa Barbara,57,24,,,,,,
194,Belmont,54,23,,,,,,
,Kansas City,48,23,,,,,,
,Queens (NC),48,23,,,,,,
,LMU (CA),52,23,,,,,,
,Bethune-Cookman,49,23,,,,,,
,Western Caro.,58,23,,,,,,
,Towson,51,23,,,,,,
,N.C. A&T,53,23,,,,,,
,UNI,53,23,,,,,,
,Saint Louis,51,23,,,,,,
,Southeast Mo. St.,53,23,,,,,,
,SFA,56,23,,,,,,
,Monmouth,51,23,,,,,,
207,McNeese,62,22,,,,,,
,Akron,60,22,,,,,,
,Bellarmine,50,22,,,,,,
,Sacramento St.,53,22,,,,,,
,ETSU,52,22,,,,,,
,San Jose St.,48,22,,,,,,
,Youngstown St.,51,22,,,,,,
,North Ala.,52,22,,,,,,
,North Dakota St.,50,22,,,,,,
,North Dakota,51,22,,,,,,
,Georgia St.,56,22,,,,,,
218,Seattle U,51,21,,,,,,
,South Dakota St.,59,21,,,,,,
,UMBC,18,21,,,,,,
,Middle Tenn.,51,21,,,,,,
,CSU Bakersfield,50,21,,,,,,
,Canisius,44,21,,,,,,
,UConn,60,21,,,,,,
,Holy Cross,44,21,,,,,,
,Illinois St.,51,21,,,,,,
,Jackson St.,48,21,,,,,,
,Mount St. Mary's,48,21,,,,,,
,Oregon St.,53,21,,,,,,
,Saint Peter's,51,21,,,,,,
,Siena,47,21,,,,,,
,Marist,58,21,,,,,,
233,Maine,48,20,,,,,,
,Abilene Christian,48,20,,,,,,
,Fresno St.,47,20,,,,,,
,Drake,51,20,,,,,,
,FDU,52,20,,,,,,
,Virginia Tech,60,20,,,,,,
,Rhode Island,47,20,,,,,,
,Rider,49,20,,,,,,
,Sacred Heart,54,20,,,,,,
,UTSA,57,20,,,,,,
,Hawaii,50,20,,,,,,
244,Butler,46,19,,,,,,
,Dayton,50,19,,,,,,
,Hofstra,54,19,,,,,,
,UTEP,49,19,,,,,,
,Lafayette,52,19,,,,,,
,NIU,43,19,,,,,,
,Kentucky,55,19,,,,,,
251,Central Ark.,57,18,,,,,,
,Bucknell,45,18,,,,,,
,DePaul,50,18,,,,,,
,Stonehill,50,18,,,,,,
,Portland St.,46,18,,,,,,
,Quinnipiac,45,18,,,,,,
,St. Bonaventure,53,18,,,,,,
,Norfolk St.,43,18,,,,,,
259,Gardner-Webb,57,17,,,,,,
,Presbyterian,52,17,,,,,,
,Minnesota,52,17,,,,,,
,East Texas A&M,52,17,,,,,,
,Weber St.,56,17,,,,,,
,Hampton,43,17,,,,,,
,James Madison,51,17,,,,,,
,Tennessee Tech,50,17,,,,,,
,Georgetown,42,17,,,,,,
268,Alcorn,50,16,,,,,,
,Southern Ind.,47,16,,,,,,
,South Dakota,58,16,,,,,,
,UNCW,51,16,,,,,,
272,Lindenwood,56,15,,,,,,
,Loyola Chicago,52,15,,,,,,
,Boston College,51,15,,,,,,
,Indiana St.,50,15,,,,,,
,UT Martin,54,15,,,,,,
,Western Ill.,46,15,,,,,,
,ULM,58,15,,,,,,
,Radford,51,15,,,,,,
280,Bradley,53,14,,,,,,
,Coppin St.,36,14,,,,,,
,Southern Ill.,51,14,,,,,,
,Houston Christian,47,14,,,,,,
,Western Ky.,53,14,,,,,,
,Delaware St.,46,14,,,,,,
286,Valparaiso,52,13,,,,,,
,Charleston So.,51,13,,,,,,
288,Lipscomb,51,12,,,,,,
,FGCU,54,12,,,,,,
,Utah Tech,53,12,,,,,,
,Tennessee St.,40,12,,,,,,
,Oakland,49,12,,,,,,
,South Carolina St.,44,12,,,,,,
,Merrimack,41,12,,,,,,
295,Niagara,42,11,,,,,,
,Cornell,43,11,,,,,,
297,Central Conn. St.,47,10,,,,,,
298,Dartmouth,33,9,,,,,,
,Winthrop,53,9,,,,,,
,Drexel,45,9,,,,,,
301,Mississippi Val.,39,6,,,,,,
,Morgan St.,43,6,,,,,,
,Central Mich.,49,6,,,,,,
,Cal Poly,46,6,,,,,,
Reclassifying,,,,,,,,,
NR,West Ga.,55,25,,,,,,
NR,Mercyhurst,43,22,,,,,,
NR,New Haven,45,22,,,,,,
NR,Le Moyne,51,15,,,,,,
,,,,,,,,,
NCAA Softball,,,,,,,,,
Division IHit Batters,,,,,,,,,
Through Games 06/04/2026,,,,,,,,,
,,,,,,,,,
,,,,,,,,,
Rank,Name,GS,IP,HB,,,,,
1,Morehead St.,0,295,7,,,,,
2,Coppin St.,0,220,8,,,,,
,UT Martin,0,364,8,,,,,
,Omaha,0,305,8,,,,,
5,SIUE,0,369,9,,,,,
6,Stony Brook,0,325,10,,,,,
,Princeton,0,322,10,,,,,
8,Bryant,0,275,11,,,,,
,Oregon St.,0,345,11,,,,,
,Ole Miss,0,399,11,,,,,
11,Belmont,0,360,12,,,,,
,Merrimack,0,259,12,,,,,
,Villanova,0,331,12,,,,,
,N.C. A&T,0,339,12,,,,,
,Bellarmine,0,302,12,,,,,
16,Niagara,0,250,13,,,,,
,USC Upstate,0,383,13,,,,,
18,Saint Peter's,0,311,14,,,,,
,Ga. Southern,0,341,14,,,,,
20,Ark.-Pine Bluff,0,265,15,,,,,
,Drexel,0,281,15,,,,,
,Western Ill.,0,282,15,,,,,
,Texas Southern,0,272,15,,,,,
,Quinnipiac,0,280,15,,,,,
,San Jose St.,0,305,15,,,,,
,Oregon,0,362,15,,,,,
27,Elon,0,323,16,,,,,
,UMBC,0,111,16,,,,,
,George Washington,0,310,16,,,,,
,UIC,0,321,16,,,,,
,Stetson,0,377,16,,,,,
,Lafayette,0,327,16,,,,,
,Norfolk St.,0,282,16,,,,,
,North Dakota St.,0,318,16,,,,,
,UNI,0,346,16,,,,,
,Jacksonville,0,365,16,,,,,
37,Louisiana Tech,0,372,17,,,,,
,Bowling Green,0,313,17,,,,,
,ETSU,0,341,17,,,,,
,Towson,0,342,17,,,,,
,Howard,0,293,17,,,,,
,Northern Colo.,0,325,17,,,,,
,Oklahoma St.,0,376,17,,,,,
,Fairfield,0,330,17,,,,,
45,Lipscomb,0,323,18,,,,,
,Baylor,0,380,18,,,,,
,Long Beach St.,0,358,18,,,,,
,Northwestern St.,0,337,18,,,,,
,Delaware St.,0,291,18,,,,,
,Eastern Ky.,0,347,18,,,,,
,Georgetown,0,284,18,,,,,
,Canisius,0,289,18,,,,,
53,Colorado St.,0,333,19,,,,,
,Charlotte,0,371,19,,,,,
,Missouri,0,383,19,,,,,
56,Louisville,1,385,20,,,,,
,Florida A&M,0,343,20,,,,,
,Seton Hall,0,315,20,,,,,
,Oakland,0,314,20,,,,,
,Wichita St.,1,340,20,,,,,
61,Presbyterian,0,337,21,,,,,
,Alabama,0,419,21,,,,,
,Jackson St.,0,300,21,,,,,
,Western Mich.,0,361,21,,,,,
,Monmouth,0,330,21,,,,,
,Stonehill,0,292,21,,,,,
,N.C. Central,0,286,21,,,,,
,Penn St.,0,344,21,,,,,
,Penn,0,276,21,,,,,
,Saint Francis,0,283,21,,,,,
,Murray St.,0,345,21,,,,,
72,Marshall,0,377,22,,,,,
,Alabama St.,0,354,22,,,,,
,UC Riverside,0,268,22,,,,,
,Kentucky,0,350,22,,,,,
,Southern Ill.,0,339,22,,,,,
,St. Bonaventure,0,310,22,,,,,
,South Carolina St.,0,276,22,,,,,
,South Carolina,0,387,22,,,,,
,Pacific,0,341,22,,,,,
81,Marist,0,372,23,,,,,
,Brown,0,287,23,,,,,
,Buffalo,0,357,23,,,,,
,Campbell,1,362,23,,,,,
,Southern Miss.,0,373,23,,,,,
,Kent St.,0,316,23,,,,,
,Western Ky.,0,342,23,,,,,
,Southeast Mo. St.,0,335,23,,,,,
,Coastal Carolina,0,359,23,,,,,
90,Massachusetts,0,312,24,,,,,
,CSU Bakersfield,0,295,24,,,,,
,Drake,0,329,24,,,,,
,Siena,0,319,24,,,,,
,Iona,0,349,24,,,,,
,Winthrop,0,346,24,,,,,
,Prairie View,0,287,24,,,,,
,Eastern Ill.,0,382,24,,,,,
98,Mississippi Val.,0,211,25,,,,,
,Arkansas,0,367,25,,,,,
,Austin Peay,0,343,25,,,,,
,BYU,0,308,25,,,,,
,UC Santa Barbara,0,368,25,,,,,
,North Ala.,0,335,25,,,,,
,Illinois St.,0,342,25,,,,,
,Lamar University,0,372,25,,,,,
,Green Bay,0,286,25,,,,,
,Youngstown St.,0,318,25,,,,,
,Nebraska,0,400,25,,,,,
,George Mason,0,344,25,,,,,
110,FGCU,0,352,26,,,,,
,Valparaiso,0,330,26,,,,,
,A&M-Corpus Christi,1,321,26,,,,,
,Kansas City,0,300,26,,,,,
,UIW,0,330,26,,,,,
,Miami (OH),0,372,26,,,,,
,Boise St.,0,355,26,,,,,
,Central Mich.,0,323,26,,,,,
,Columbia,0,304,26,,,,,
,Georgia,0,377,26,,,,,
,Houston Christian,0,287,26,,,,,
,Indiana St.,0,315,26,,,,,
,Jacksonville St.,0,400,26,,,,,
,Western Caro.,0,382,26,,,,,
,North Dakota,0,324,26,,,,,
,Lindenwood,0,378,26,,,,,
126,Utah Valley,0,350,27,,,,,
,Akron,0,391,27,,,,,
,Butler,0,302,27,,,,,
,Sacramento St.,0,349,27,,,,,
,Chattanooga,0,348,27,,,,,
,Wisconsin,0,349,27,,,,,
,Yale,0,283,27,,,,,
,Morgan St.,0,255,27,,,,,
,Creighton,0,386,27,,,,,
135,Tarleton St.,0,384,28,,,,,
,Virginia Tech,0,378,28,,,,,
,Binghamton,0,284,28,,,,,
,UC San Diego,0,323,28,,,,,
,Dayton,0,329,28,,,,,
,Evansville,0,326,28,,,,,
,FIU,0,346,28,,,,,
,Furman,0,318,28,,,,,
,Georgia St.,0,372,28,,,,,
,Indiana,0,369,28,,,,,
,James Madison,0,333,28,,,,,
,North Texas,0,361,28,,,,,
,San Diego St.,0,320,28,,,,,
,San Diego,0,338,28,,,,,
,Longwood,0,336,28,,,,,
150,Gardner-Webb,0,366,29,,,,,
,Bradley,0,325,29,,,,,
,Colgate,0,353,29,,,,,
,Dartmouth,0,201,29,,,,,
,Tulsa,0,352,29,,,,,
,Kansas,0,356,29,,,,,
,Mount St. Mary's,0,304,29,,,,,
,St. Thomas (MN),0,344,29,,,,,
,Georgia Tech,0,393,29,,,,,
159,UMES,0,301,30,,,,,
,Hofstra,0,348,30,,,,,
,Holy Cross,0,265,30,,,,,
,Weber St.,0,344,30,,,,,
,Saint Louis,0,336,30,,,,,
,Southern Utah,0,320,30,,,,,
,UNLV,0,343,30,,,,,
166,LMU (CA),0,351,31,,,,,
,Middle Tenn.,0,334,31,,,,,
,Alabama A&M,0,304,31,,,,,
,Sacred Heart,0,367,31,,,,,
,Cal Poly,0,297,31,,,,,
,Clemson,0,359,31,,,,,
,NIU,0,276,31,,,,,
,Bethune-Cookman,0,305,31,,,,,
174,LIU,0,348,32,,,,,
,Ball St.,0,311,32,,,,,
,Charleston So.,0,318,32,,,,,
,Central Conn. St.,0,297,32,,,,,
,South Fla.,0,415,32,,,,,
,ULM,0,399,32,,,,,
,Robert Morris,0,308,32,,,,,
,UNCW,0,339,32,,,,,
182,North Florida,0,387,33,,,,,
,Loyola Chicago,0,353,33,,,,,
,California,0,315,33,,,,,
,Grambling,0,263,33,,,,,
,Harvard,0,302,33,,,,,
,Virginia,0,363,33,,,,,
,Iowa,1,358,33,,,,,
,North Carolina,0,327,33,,,,,
,Ohio St.,0,317,33,,,,,
,South Alabama,0,387,33,,,,,
,Texas,0,419,33,,,,,
,Houston,0,322,33,,,,,
194,California Baptist,0,410,34,,,,,
,Wagner,0,312,34,,,,,
,Boston College,0,318,34,,,,,
,Cornell,0,270,34,,,,,
,Duke,0,387,34,,,,,
,Fla. Atlantic,0,353,34,,,,,
,Florida St.,0,393,34,,,,,
,New Mexico,0,360,34,,,,,
,Nicholls,1,346,34,,,,,
,Notre Dame,0,339,34,,,,,
,Purdue,0,339,34,,,,,
,Missouri St.,0,305,34,,,,,
,Texas St.,0,417,34,,,,,
,Syracuse,0,280,34,,,,,
,Lehigh,0,352,34,,,,,
209,IU Indy,0,288,35,,,,,
,Cal St. Fullerton,0,372,35,,,,,
,Fordham,0,370,35,,,,,
,Utah,0,359,35,,,,,
,Iowa St.,0,351,35,,,,,
,Tennessee,0,401,35,,,,,
,Troy,0,353,35,,,,,
,Hawaii,0,327,35,,,,,
217,Maine,0,285,36,,,,,
,Minnesota,0,332,36,,,,,
,Mississippi St.,1,420,36,,,,,
,Auburn,0,345,36,,,,,
,CSUN,0,291,36,,,,,
,UC Davis,0,376,36,,,,,
,Washington,0,366,36,,,,,
,Providence,0,313,36,,,,,
,Rutgers,0,342,36,,,,,
,Saint Joseph's,0,343,36,,,,,
,South Dakota,0,370,36,,,,,
,Southeastern La.,0,395,36,,,,,
,Southern U.,1,337,36,,,,,
,Montana,0,343,36,,,,,
231,Abilene Christian,0,285,37,,,,,
,App State,0,312,37,,,,,
,Boston U.,0,387,37,,,,,
,Bucknell,0,267,37,,,,,
,DePaul,0,320,37,,,,,
,NC State,0,335,37,,,,,
,Oklahoma,0,369,37,,,,,
,Portland St.,0,290,37,,,,,
,Santa Clara,0,336,37,,,,,
,Tennessee Tech,0,313,37,,,,,
,Texas A&M,0,364,37,,,,,
,Texas Tech,0,424,37,,,,,
,UT Arlington,1,313,37,,,,,
,Army West Point,0,378,37,,,,,
,Utah St.,0,342,37,,,,,
246,Central Ark.,0,358,38,,,,,
,SFA,0,366,38,,,,,
,Northern Ky.,0,323,38,,,,,
,East Carolina,0,400,38,,,,,
,Michigan St.,0,317,38,,,,,
,LSU,0,388,38,,,,,
252,Maryland,0,311,39,,,,,
,Queens (NC),0,308,39,,,,,
,St. John's (NY),0,367,39,,,,,
,Wofford,0,356,39,,,,,
,Arizona St.,0,409,39,,,,,
,Hampton,0,259,39,,,,,
258,Manhattan,0,337,40,,,,,
,Ohio,0,366,40,,,,,
,Radford,0,331,40,,,,,
,Tennessee St.,0,247,40,,,,,
262,McNeese,0,405,41,,,,,
,Delaware,0,352,41,,,,,
,Sam Houston,0,360,41,,,,,
,Nevada,0,388,41,,,,,
266,Col. of Charleston,0,397,42,,,,,
,Mercer,0,314,42,,,,,
,Southern Ind.,0,297,42,,,,,
,UAlbany,0,293,42,,,,,
270,UAB,0,352,43,,,,,
,UTEP,0,308,43,,,,,
,Utah Tech,1,323,43,,,,,
,Northwestern,0,315,43,,,,,
274,Pittsburgh,1,331,45,,,,,
275,East Texas A&M,0,313,46,,,,,
,Rhode Island,0,304,46,,,,,
,UConn,0,383,46,,,,,
,Rider,0,315,46,,,,,
,Arizona,0,331,46,,,,,
,Illinois,0,343,46,,,,,
,Michigan,0,374,46,,,,,
282,Seattle U,0,334,47,,,,,
,Idaho St.,0,360,47,,,,,
284,New Mexico St.,0,348,48,,,,,
,FDU,0,310,48,,,,,
,Toledo,0,321,48,,,,,
287,Fresno St.,0,316,49,,,,,
,Louisiana,0,360,49,,,,,
,Alcorn,0,297,49,,,,,
290,Samford,0,370,50,,,,,
,Florida,0,406,50,,,,,
292,UCF,0,394,52,,,,,
,Kennesaw St.,0,309,52,,,,,
,UNC Greensboro,0,410,52,,,,,
,Stanford,0,360,52,,,,,
296,South Dakota St.,1,363,53,,,,,
,Liberty,0,371,53,,,,,
298,UTSA,0,378,54,,,,,
299,Memphis,1,357,55,,,,,
300,Detroit Mercy,0,296,56,,,,,
,UMass Lowell,0,347,56,,,,,
302,UCLA,0,381,58,,,,,
303,Saint Mary's (CA),0,382,59,,,,,
304,Grand Canyon,0,425,60,,,,,
Reclassifying,,,,,,,,,
NR,Mercyhurst,0,258,26,,,,,
NR,Le Moyne,0,320,28,,,,,
NR,New Haven,0,286,32,,,,,
NR,West Ga.,0,353,48,,,,,
,,,,,,,,,
NCAA Softball,,,,,,,,,
Division ITotal Sacrifice Bunts,,,,,,,,,
Through Games 06/04/2026,,,,,,,,,
,,,,,,,,,
,,,,,,,,,
Rank,Name,G,SH,,,,,,
1,East Carolina,59,64,,,,,,
2,Fairfield,51,63,,,,,,
3,South Fla.,61,62,,,,,,
4,Wofford,54,58,,,,,,
5,Memphis,57,53,,,,,,
,California Baptist,62,53,,,,,,
7,Southeastern La.,62,49,,,,,,
8,Louisiana,56,48,,,,,,
,Cal Poly,46,48,,,,,,
10,Valparaiso,52,45,,,,,,
,Chattanooga,55,45,,,,,,
,Siena,47,45,,,,,,
13,Alabama St.,56,43,,,,,,
,Pacific,52,43,,,,,,
15,Loyola Chicago,52,41,,,,,,
,Delaware St.,46,41,,,,,,
17,Cal St. Fullerton,56,40,,,,,,
,Sacramento St.,53,40,,,,,,
,Minnesota,52,40,,,,,,
,Texas St.,61,40,,,,,,
21,Troy,54,39,,,,,,
,Stony Brook,50,39,,,,,,
,Western Mich.,55,39,,,,,,
,Longwood,53,39,,,,,,
,Grand Canyon,64,39,,,,,,
26,SIUE,58,38,,,,,,
,Louisville,58,38,,,,,,
28,Presbyterian,52,37,,,,,,
,Oklahoma St.,58,37,,,,,,
30,UIC,54,36,,,,,,
,New Mexico,55,36,,,,,,
,Butler,46,36,,,,,,
,Maryland,48,36,,,,,,
,Bowling Green,49,36,,,,,,
,USC Upstate,61,36,,,,,,
36,N.C. Central,48,35,,,,,,
,Bethune-Cookman,49,35,,,,,,
,ULM,58,35,,,,,,
39,Texas Southern,42,34,,,,,,
,Eastern Ill.,59,34,,,,,,
,Missouri,57,34,,,,,,
,Sam Houston,56,34,,,,,,
,UCF,61,34,,,,,,
,Eastern Ky.,53,34,,,,,,
,Western Ky.,53,34,,,,,,
,UNC Greensboro,62,34,,,,,,
47,McNeese,62,33,,,,,,
,Tarleton St.,61,33,,,,,,
,Penn St.,54,33,,,,,,
,Idaho St.,57,33,,,,,,
,Central Mich.,49,33,,,,,,
,Alcorn,50,33,,,,,,
,Winthrop,53,33,,,,,,
54,Lipscomb,51,32,,,,,,
,LMU (CA),52,32,,,,,,
,Marist,58,32,,,,,,
,Massachusetts,49,32,,,,,,
,UC Davis,54,32,,,,,,
,Creighton,59,32,,,,,,
,Fordham,55,32,,,,,,
,Hofstra,54,32,,,,,,
,Indiana,59,32,,,,,,
,Western Caro.,58,32,,,,,,
,Wisconsin,54,32,,,,,,
,Murray St.,52,32,,,,,,
,Pittsburgh,52,32,,,,,,
,Sacred Heart,54,32,,,,,,
,Santa Clara,51,32,,,,,,
,Southern Miss.,57,32,,,,,,
70,Manhattan,52,31,,,,,,
,Notre Dame,53,31,,,,,,
,FIU,52,31,,,,,,
,UAB,54,31,,,,,,
74,North Florida,61,30,,,,,,
,Lehigh,54,30,,,,,,
,Alabama,65,30,,,,,,
,South Alabama,59,30,,,,,,
,Hawaii,50,30,,,,,,
,Illinois,54,30,,,,,,
,Monmouth,51,30,,,,,,
,Long Beach St.,54,30,,,,,,
82,Elon,51,29,,,,,,
,Bryant,44,29,,,,,,
,Fresno St.,47,29,,,,,,
,DePaul,50,29,,,,,,
,Utah,56,29,,,,,,
,Iona,53,29,,,,,,
,Nevada,59,29,,,,,,
,UT Martin,54,29,,,,,,
,Toledo,50,29,,,,,,
,Evansville,51,29,,,,,,
92,UIW,54,28,,,,,,
,Louisiana Tech,56,28,,,,,,
,UAlbany,45,28,,,,,,
,Brown,45,28,,,,,,
,Columbia,45,28,,,,,,
,Dayton,50,28,,,,,,
,Army West Point,58,28,,,,,,
,Youngstown St.,51,28,,,,,,
,UNLV,53,28,,,,,,
,Northern Ky.,51,28,,,,,,
,Prairie View,46,28,,,,,,
,Saint Peter's,51,28,,,,,,
,South Dakota,58,28,,,,,,
,ETSU,52,28,,,,,,
106,Utah Valley,54,27,,,,,,
,Kennesaw St.,50,27,,,,,,
,CSUN,46,27,,,,,,
,Kansas,57,27,,,,,,
,Kentucky,55,27,,,,,,
,Mount St. Mary's,48,27,,,,,,
,Southern Utah,51,27,,,,,,
,N.C. A&T,53,27,,,,,,
,NIU,43,27,,,,,,
,Saint Mary's (CA),58,27,,,,,,
,San Diego St.,50,27,,,,,,
,Southern U.,52,27,,,,,,
,North Carolina,51,27,,,,,,
119,UC San Diego,51,26,,,,,,
,UConn,60,26,,,,,,
,Saint Joseph's,51,26,,,,,,
,Howard,47,26,,,,,,
,Kent St.,50,26,,,,,,
,Georgetown,42,26,,,,,,
125,FGCU,54,25,,,,,,
,Kansas City,48,25,,,,,,
,Baylor,58,25,,,,,,
,Campbell,57,25,,,,,,
,Colorado St.,51,25,,,,,,
,UTEP,49,25,,,,,,
,Green Bay,47,25,,,,,,
,Providence,49,25,,,,,,
,Samford,59,25,,,,,,
,San Diego,51,25,,,,,,
,San Jose St.,48,25,,,,,,
,Jacksonville,55,25,,,,,,
137,Lindenwood,56,24,,,,,,
,Boise St.,55,24,,,,,,
,Boston College,51,24,,,,,,
,George Washington,45,24,,,,,,
,Indiana St.,50,24,,,,,,
,Jacksonville St.,61,24,,,,,,
,Tulsa,53,24,,,,,,
,Western Ill.,46,24,,,,,,
,Purdue,54,24,,,,,,
,South Carolina St.,44,24,,,,,,
,Stonehill,50,24,,,,,,
,Tennessee,61,24,,,,,,
,James Madison,51,24,,,,,,
150,Queens (NC),48,23,,,,,,
,Michigan,58,23,,,,,,
,Houston,51,23,,,,,,
,Charleston So.,51,23,,,,,,
154,UMass Lowell,54,22,,,,,,
,Marshall,57,22,,,,,,
,Clemson,56,22,,,,,,
,Georgia St.,56,22,,,,,,
,Holy Cross,44,22,,,,,,
,Wagner,50,22,,,,,,
,Lamar University,58,22,,,,,,
,Portland St.,46,22,,,,,,
,Saint Louis,51,22,,,,,,
,SFA,56,22,,,,,,
,Texas,65,22,,,,,,
,Illinois St.,51,22,,,,,,
166,Utah Tech,53,21,,,,,,
,Weber St.,56,21,,,,,,
,Gardner-Webb,57,21,,,,,,
,Ark.-Pine Bluff,46,21,,,,,,
,Liberty,57,21,,,,,,
,Michigan St.,51,21,,,,,,
,Bellarmine,50,21,,,,,,
,Bucknell,45,21,,,,,,
,Georgia Tech,61,21,,,,,,
,Iowa St.,55,21,,,,,,
,Nebraska,60,21,,,,,,
,Rhode Island,47,21,,,,,,
,Rutgers,54,21,,,,,,
,Southeast Mo. St.,53,21,,,,,,
,A&M-Corpus Christi,53,21,,,,,,
181,Canisius,44,20,,,,,,
,UTSA,57,20,,,,,,
,Florida A&M,54,20,,,,,,
,Ga. Southern,53,20,,,,,,
,Montana,54,20,,,,,,
,Morehead St.,45,20,,,,,,
,Nicholls,54,20,,,,,,
,Oregon,55,20,,,,,,
,Rider,49,20,,,,,,
,St. John's (NY),55,20,,,,,,
,South Dakota St.,59,20,,,,,,
,Southern Ill.,51,20,,,,,,
,Missouri St.,50,20,,,,,,
,Tennessee Tech,50,20,,,,,,
,Colgate,55,20,,,,,,
196,UC Riverside,44,19,,,,,,
,Oakland,49,19,,,,,,
,Georgia,61,19,,,,,,
,Iowa,54,19,,,,,,
,East Texas A&M,52,19,,,,,,
201,IU Indy,47,18,,,,,,
,LIU,56,18,,,,,,
,App State,50,18,,,,,,
,Arizona,55,18,,,,,,
,Cornell,43,18,,,,,,
,Tennessee St.,40,18,,,,,,
,North Ala.,52,18,,,,,,
,North Texas,56,18,,,,,,
,Radford,51,18,,,,,,
,Robert Morris,49,18,,,,,,
,Southern Ind.,47,18,,,,,,
,Jackson St.,48,18,,,,,,
213,Arizona St.,63,17,,,,,,
,UC Santa Barbara,57,17,,,,,,
,Coastal Carolina,57,17,,,,,,
,Washington,57,17,,,,,,
,Oregon St.,53,17,,,,,,
,South Carolina,60,17,,,,,,
,Delaware,55,17,,,,,,
220,Alabama A&M,50,16,,,,,,
,BYU,51,16,,,,,,
,Drake,51,16,,,,,,
,Drexel,45,16,,,,,,
,Texas A&M,57,16,,,,,,
,Morgan St.,43,16,,,,,,
,Norfolk St.,43,16,,,,,,
,Ohio,58,16,,,,,,
,Lafayette,52,16,,,,,,
229,Central Ark.,57,15,,,,,,
,Coppin St.,36,15,,,,,,
,Furman,53,15,,,,,,
,Houston Christian,47,15,,,,,,
,Virginia,55,15,,,,,,
,Ole Miss,62,15,,,,,,
,North Dakota,51,15,,,,,,
,Northwestern St.,53,15,,,,,,
,Syracuse,44,15,,,,,,
,Yale,45,15,,,,,,
239,Mercer,50,14,,,,,,
,Merrimack,41,14,,,,,,
,Arkansas,60,14,,,,,,
,Bradley,53,14,,,,,,
,CSU Bakersfield,50,14,,,,,,
,Villanova,53,14,,,,,,
,Harvard,45,14,,,,,,
,Wichita St.,52,14,,,,,,
,North Dakota St.,50,14,,,,,,
,Saint Francis,48,14,,,,,,
,Utah St.,54,14,,,,,,
,FDU,52,14,,,,,,
251,Col. of Charleston,60,13,,,,,,
,UMES,48,13,,,,,,
,Binghamton,47,13,,,,,,
,California,52,13,,,,,,
,Central Conn. St.,47,13,,,,,,
,Towson,51,13,,,,,,
,Grambling,43,13,,,,,,
,Charlotte,58,13,,,,,,
,Northwestern,50,13,,,,,,
,Ohio St.,53,13,,,,,,
,UT Arlington,47,13,,,,,,
,Fla. Atlantic,54,13,,,,,,
263,UMBC,18,12,,,,,,
,Ball St.,48,12,,,,,,
,Akron,60,12,,,,,,
,Mississippi St.,64,12,,,,,,
267,Belmont,54,11,,,,,,
,LSU,59,11,,,,,,
,Middle Tenn.,51,11,,,,,,
,Boston U.,62,11,,,,,,
,Texas Tech,71,11,,,,,,
,George Mason,51,11,,,,,,
,New Mexico St.,54,11,,,,,,
,Oklahoma,62,11,,,,,,
,Stanford,54,11,,,,,,
,Buffalo,56,11,,,,,,
277,Seattle U,51,10,,,,,,
,Miami (OH),56,10,,,,,,
,Seton Hall,49,10,,,,,,
,Niagara,42,10,,,,,,
,St. Bonaventure,53,10,,,,,,
,Duke,60,10,,,,,,
283,Abilene Christian,48,9,,,,,,
,Auburn,55,9,,,,,,
,St. Thomas (MN),53,9,,,,,,
,NC State,53,9,,,,,,
,UNCW,51,9,,,,,,
288,Maine,48,8,,,,,,
,Florida,64,8,,,,,,
,Princeton,49,8,,,,,,
,Penn,44,8,,,,,,
,UNI,53,8,,,,,,
293,Mississippi Val.,39,7,,,,,,
,Hampton,43,7,,,,,,
,Florida St.,62,7,,,,,,
,Detroit Mercy,47,7,,,,,,
297,Austin Peay,54,6,,,,,,
,Quinnipiac,45,6,,,,,,
,Northern Colo.,51,6,,,,,,
,UCLA,63,6,,,,,,
301,Virginia Tech,60,5,,,,,,
,Dartmouth,33,5,,,,,,
303,Stetson,59,4,,,,,,
304,Omaha,49,2,,,,,,
Reclassifying,,,,,,,,,
NR,West Ga.,55,40,,,,,,
NR,Le Moyne,51,33,,,,,,
NR,New Haven,45,23,,,,,,
NR,Mercyhurst,43,19,,,,,,
,,,,,,,,,
NCAA Softball,,,,,,,,,
Division ITotal Sacrifice Flies,,,,,,,,,
Through Games 06/04/2026,,,,,,,,,
,,,,,,,,,
,,,,,,,,,
Rank,Name,G,SF,,,,,,
1,Oregon,55,37,,,,,,
2,Texas Tech,71,35,,,,,,
3,Stanford,54,32,,,,,,
4,Florida St.,62,31,,,,,,
5,Ohio,58,29,,,,,,
,Iowa St.,55,29,,,,,,
7,Duke,60,28,,,,,,
,Long Beach St.,54,28,,,,,,
9,Gardner-Webb,57,27,,,,,,
,Southern Miss.,57,27,,,,,,
,USC Upstate,61,27,,,,,,
12,UCLA,63,26,,,,,,
,UConn,60,26,,,,,,
,Indiana,59,26,,,,,,
,Texas A&M,57,26,,,,,,
,New Mexico,55,26,,,,,,
,Chattanooga,55,26,,,,,,
,Wisconsin,54,26,,,,,,
19,Utah Valley,54,25,,,,,,
,Grand Canyon,64,25,,,,,,
,South Fla.,61,25,,,,,,
,Buffalo,56,25,,,,,,
,Auburn,55,25,,,,,,
24,Marist,58,24,,,,,,
,Boston U.,62,24,,,,,,
,Seton Hall,49,24,,,,,,
,Charlotte,58,24,,,,,,
,Western Caro.,58,24,,,,,,
29,McNeese,62,23,,,,,,
,Rhode Island,47,23,,,,,,
,Idaho St.,57,23,,,,,,
,Alabama A&M,50,23,,,,,,
33,North Florida,61,22,,,,,,
,Louisville,58,22,,,,,,
,Fla. Atlantic,54,22,,,,,,
,Creighton,59,22,,,,,,
,Eastern Ky.,53,22,,,,,,
,UC Davis,54,22,,,,,,
39,Miami (OH),56,21,,,,,,
,Campbell,57,21,,,,,,
,UCF,61,21,,,,,,
,Florida,64,21,,,,,,
,Virginia Tech,60,21,,,,,,
,North Carolina,51,21,,,,,,
,St. Thomas (MN),53,21,,,,,,
,Utah,56,21,,,,,,
,Iowa,54,21,,,,,,
48,Seattle U,51,20,,,,,,
,Wofford,54,20,,,,,,
,Louisiana Tech,56,20,,,,,,
,LMU (CA),52,20,,,,,,
,Mississippi St.,64,20,,,,,,
,Baylor,58,20,,,,,,
,Texas St.,61,20,,,,,,
,East Carolina,59,20,,,,,,
,Harvard,45,20,,,,,,
,Purdue,54,20,,,,,,
,Saint Joseph's,51,20,,,,,,
,South Carolina St.,44,20,,,,,,
,South Dakota St.,59,20,,,,,,
,Butler,46,20,,,,,,
62,Col. of Charleston,60,19,,,,,,
,App State,50,19,,,,,,
,Cal St. Fullerton,56,19,,,,,,
,Cornell,43,19,,,,,,
,FIU,52,19,,,,,,
,Georgia,61,19,,,,,,
,Virginia,55,19,,,,,,
,Nicholls,54,19,,,,,,
,Northwestern St.,53,19,,,,,,
,Princeton,49,19,,,,,,
,Troy,54,19,,,,,,
,Army West Point,58,19,,,,,,
,Iona,53,19,,,,,,
75,Lindenwood,56,18,,,,,,
,Toledo,50,18,,,,,,
,Tarleton St.,61,18,,,,,,
,Memphis,57,18,,,,,,
,Boise St.,55,18,,,,,,
,BYU,51,18,,,,,,
,Coastal Carolina,57,18,,,,,,
,FDU,52,18,,,,,,
,Florida A&M,54,18,,,,,,
,Georgia Tech,61,18,,,,,,
,Kansas,57,18,,,,,,
,Western Ky.,53,18,,,,,,
,Oklahoma St.,58,18,,,,,,
,Oklahoma,62,18,,,,,,
,Saint Mary's (CA),58,18,,,,,,
,South Alabama,59,18,,,,,,
,Southeastern La.,62,18,,,,,,
,Southern Ind.,47,18,,,,,,
,Tennessee,61,18,,,,,,
,Central Ark.,57,18,,,,,,
95,Utah Tech,53,17,,,,,,
,Utah St.,54,17,,,,,,
,Alabama St.,56,17,,,,,,
,Alabama,65,17,,,,,,
,Arizona,55,17,,,,,,
,Austin Peay,54,17,,,,,,
,UC San Diego,51,17,,,,,,
,Eastern Ill.,59,17,,,,,,
,Fairfield,51,17,,,,,,
,Jacksonville,55,17,,,,,,
,Green Bay,47,17,,,,,,
,UNC Greensboro,62,17,,,,,,
,Omaha,49,17,,,,,,
,North Ala.,52,17,,,,,,
,North Dakota St.,50,17,,,,,,
,Northern Ky.,51,17,,,,,,
,Notre Dame,53,17,,,,,,
,Oakland,49,17,,,,,,
,Rider,49,17,,,,,,
,Robert Morris,49,17,,,,,,
,Southern U.,52,17,,,,,,
,Texas Southern,42,17,,,,,,
,Presbyterian,52,17,,,,,,
118,California Baptist,62,16,,,,,,
,Belmont,54,16,,,,,,
,UIW,54,16,,,,,,
,LIU,56,16,,,,,,
,Michigan,58,16,,,,,,
,Akron,60,16,,,,,,
,Stetson,59,16,,,,,,
,George Mason,51,16,,,,,,
,Grambling,43,16,,,,,,
,Lamar University,58,16,,,,,,
,Ole Miss,62,16,,,,,,
,Monmouth,51,16,,,,,,
,NIU,43,16,,,,,,
,Arkansas,60,16,,,,,,
132,Liberty,57,15,,,,,,
,Weber St.,56,15,,,,,,
,UMES,48,15,,,,,,
,Bethune-Cookman,49,15,,,,,,
,Central Conn. St.,47,15,,,,,,
,Dayton,50,15,,,,,,
,Delaware,55,15,,,,,,
,Jackson St.,48,15,,,,,,
,James Madison,51,15,,,,,,
,Montana,54,15,,,,,,
,Morgan St.,43,15,,,,,,
,Nevada,59,15,,,,,,
,Northwestern,50,15,,,,,,
,Prairie View,46,15,,,,,,
,Saint Louis,51,15,,,,,,
,San Diego St.,50,15,,,,,,
,SIUE,58,15,,,,,,
,Towson,51,15,,,,,,
,Tulsa,53,15,,,,,,
,Maryland,48,15,,,,,,
152,Ball St.,48,14,,,,,,
,Texas,65,14,,,,,,
,DePaul,50,14,,,,,,
,Hofstra,54,14,,,,,,
,Illinois St.,51,14,,,,,,
,UIC,54,14,,,,,,
,Western Mich.,55,14,,,,,,
,Youngstown St.,51,14,,,,,,
,Nebraska,60,14,,,,,,
,North Dakota,51,14,,,,,,
,UNI,53,14,,,,,,
,Pittsburgh,52,14,,,,,,
,South Carolina,60,14,,,,,,
,Southern Utah,51,14,,,,,,
,California,52,14,,,,,,
167,FGCU,54,13,,,,,,
,Kansas City,48,13,,,,,,
,Queens (NC),48,13,,,,,,
,Lehigh,54,13,,,,,,
,Loyola Chicago,52,13,,,,,,
,Manhattan,52,13,,,,,,
,Middle Tenn.,51,13,,,,,,
,Alcorn,50,13,,,,,,
,Arizona St.,63,13,,,,,,
,Binghamton,47,13,,,,,,
,Drake,51,13,,,,,,
,Houston Christian,47,13,,,,,,
,Houston,51,13,,,,,,
,Howard,47,13,,,,,,
,UNCW,51,13,,,,,,
,UNLV,53,13,,,,,,
,Northern Colo.,51,13,,,,,,
,Portland St.,46,13,,,,,,
,Quinnipiac,45,13,,,,,,
,Rutgers,54,13,,,,,,
,St. John's (NY),55,13,,,,,,
,Siena,47,13,,,,,,
,Louisiana,56,13,,,,,,
,UTSA,57,13,,,,,,
,Washington,57,13,,,,,,
192,Lipscomb,51,12,,,,,,
,Villanova,53,12,,,,,,
,LSU,59,12,,,,,,
,Massachusetts,49,12,,,,,,
,Bradley,53,12,,,,,,
,Sacramento St.,53,12,,,,,,
,Canisius,44,12,,,,,,
,Clemson,56,12,,,,,,
,Colgate,55,12,,,,,,
,Colorado St.,51,12,,,,,,
,ETSU,52,12,,,,,,
,Evansville,51,12,,,,,,
,Ga. Southern,53,12,,,,,,
,Kent St.,50,12,,,,,,
,Western Ill.,46,12,,,,,,
,Wichita St.,52,12,,,,,,
,N.C. Central,48,12,,,,,,
,NC State,53,12,,,,,,
,Oregon St.,53,12,,,,,,
,Penn St.,54,12,,,,,,
,Sam Houston,56,12,,,,,,
,Samford,59,12,,,,,,
,San Diego,51,12,,,,,,
,Southeast Mo. St.,53,12,,,,,,
,SFA,56,12,,,,,,
,Tennessee Tech,50,12,,,,,,
,UT Martin,54,12,,,,,,
,Valparaiso,52,12,,,,,,
,Elon,51,12,,,,,,
221,UAB,54,11,,,,,,
,Delaware St.,46,11,,,,,,
,Georgia St.,56,11,,,,,,
,Jacksonville St.,61,11,,,,,,
,Murray St.,52,11,,,,,,
,UTEP,49,11,,,,,,
,Pacific,52,11,,,,,,
,Radford,51,11,,,,,,
,Saint Peter's,51,11,,,,,,
,Santa Clara,51,11,,,,,,
,Missouri St.,50,11,,,,,,
,North Texas,56,11,,,,,,
233,Kennesaw St.,50,10,,,,,,
,UT Arlington,47,10,,,,,,
,Abilene Christian,48,10,,,,,,
,UAlbany,45,10,,,,,,
,Charleston So.,51,10,,,,,,
,Boston College,51,10,,,,,,
,Brown,45,10,,,,,,
,Central Mich.,49,10,,,,,,
,George Washington,45,10,,,,,,
,Kentucky,55,10,,,,,,
,Yale,45,10,,,,,,
,Missouri,57,10,,,,,,
,Niagara,42,10,,,,,,
,ULM,58,10,,,,,,
,Sacred Heart,54,10,,,,,,
,Syracuse,44,10,,,,,,
,Longwood,53,10,,,,,,
250,A&M-Corpus Christi,53,9,,,,,,
,UMass Lowell,54,9,,,,,,
,Michigan St.,51,9,,,,,,
,Bowling Green,49,9,,,,,,
,Fresno St.,47,9,,,,,,
,UC Santa Barbara,57,9,,,,,,
,Detroit Mercy,47,9,,,,,,
,Drexel,45,9,,,,,,
,Georgetown,42,9,,,,,,
,Winthrop,53,9,,,,,,
,Ohio St.,53,9,,,,,,
,Penn,44,9,,,,,,
,Southern Ill.,51,9,,,,,,
,Stony Brook,50,9,,,,,,
,IU Indy,47,9,,,,,,
265,Marshall,57,8,,,,,,
,Tennessee St.,40,8,,,,,,
,Cal Poly,46,8,,,,,,
,CSU Bakersfield,50,8,,,,,,
,CSUN,46,8,,,,,,
,East Texas A&M,52,8,,,,,,
,Fordham,55,8,,,,,,
,Furman,53,8,,,,,,
,Hawaii,50,8,,,,,,
,Holy Cross,44,8,,,,,,
,Illinois,54,8,,,,,,
,Lafayette,52,8,,,,,,
,Mount St. Mary's,48,8,,,,,,
,Providence,49,8,,,,,,
,St. Bonaventure,53,8,,,,,,
,San Jose St.,48,8,,,,,,
,Minnesota,52,8,,,,,,
282,Ark.-Pine Bluff,46,7,,,,,,
,Maine,48,7,,,,,,
,Mercer,50,7,,,,,,
,Wagner,50,7,,,,,,
,Dartmouth,33,7,,,,,,
,Norfolk St.,43,7,,,,,,
,Stonehill,50,7,,,,,,
,Columbia,45,7,,,,,,
290,Bellarmine,50,6,,,,,,
,Bryant,44,6,,,,,,
,South Dakota,58,6,,,,,,
,Indiana St.,50,6,,,,,,
,N.C. A&T,53,6,,,,,,
,Hampton,43,6,,,,,,
296,Bucknell,45,5,,,,,,
,New Mexico St.,54,5,,,,,,
,Morehead St.,45,5,,,,,,
,UC Riverside,44,5,,,,,,
300,UMBC,18,4,,,,,,
,Saint Francis,48,4,,,,,,
,Coppin St.,36,4,,,,,,
,Merrimack,41,4,,,,,,
304,Mississippi Val.,39,2,,,,,,
Reclassifying,,,,,,,,,
NR,West Ga.,55,9,,,,,,
NR,Le Moyne,51,8,,,,,,
NR,New Haven,45,8,,,,,,
NR,Mercyhurst,43,5,,,,,,
,,,,,,,,,
NCAA Softball,,,,,,,,,
Division IWHIP,,,,,,,,,
Through Games 06/04/2026,,,,,,,,,
,,,,,,,,,
,,,,,,,,,
Rank,Name,G,IP,BB,HA,WHIP,,,
1,Alabama,65,419,109,263,0.89,,,
2,Tennessee,61,401,142,218,0.90,,,
3,Texas Tech,71,424,112,303,0.98,,,
4,Belmont,54,360,98,259,0.99,,,
5,Nebraska,60,400,98,299,0.99,,,
6,Southeastern La.,62,395,142,252,1.00,,,
7,Mississippi St.,64,420,146,280,1.01,,,
8,Texas,65,419,126,350,1.14,,,
9,Western Ky.,53,342,125,268,1.15,,,
10,Texas St.,61,417,110,381,1.18,,,
11,Arkansas,60,367,137,296,1.18,,,
12,Grand Canyon,64,425,123,382,1.19,,,
13,Omaha,49,305,78,292,1.21,,,
14,UNC Greensboro,62,410,167,332,1.22,,,
15,Oklahoma,62,369,117,337,1.23,,,
16,Radford,51,331,114,294,1.23,,,
17,Florida St.,62,393,169,323,1.25,,,
18,Florida,64,406,170,339,1.25,,,
19,LSU,59,388,148,341,1.26,,,
20,Oregon,55,362,132,327,1.27,,,
21,California Baptist,62,410,139,383,1.27,,,
22,Virginia,55,363,165,298,1.27,,,
23,Texas Southern,42,272,94,255,1.28,,,
24,UNCW,51,339,123,312,1.28,,,
25,Texas A&M,57,364,125,345,1.29,,,
26,Howard,47,293,109,269,1.29,,,
27,Oklahoma St.,58,376,105,385,1.30,,,
28,Boston U.,62,387,135,370,1.30,,,
29,Southern Ill.,51,339,110,334,1.31,,,
30,South Fla.,61,415,162,384,1.31,,,
31,Siena,47,319,112,309,1.32,,,
32,Washington,57,366,134,351,1.32,,,
33,Indiana,59,369,140,350,1.33,,,
34,Hawaii,50,327,98,337,1.33,,,
35,North Ala.,52,335,116,332,1.34,,,
36,Fla. Atlantic,54,353,147,325,1.34,,,
37,North Florida,61,387,142,376,1.34,,,
38,Utah,56,359,131,351,1.34,,,
39,South Alabama,59,387,171,352,1.35,,,
40,ULM,58,399,154,387,1.35,,,
41,Army West Point,58,378,171,342,1.36,,,
42,Louisiana Tech,56,372,130,376,1.36,,,
43,FIU,52,346,93,379,1.36,,,
44,Georgia St.,56,372,143,364,1.36,,,
45,Northwestern,50,315,152,280,1.37,,,
46,Saint Mary's (CA),58,382,141,384,1.37,,,
47,Virginia Tech,60,378,228,296,1.39,,,
48,Stanford,54,360,169,333,1.39,,,
49,Troy,54,353,166,329,1.40,,,
50,UC Davis,54,376,97,432,1.41,,,
51,Arizona St.,63,409,170,408,1.41,,,
52,Southern U.,52,337,104,373,1.41,,,
53,South Carolina,60,387,165,383,1.42,,,
54,LMU (CA),52,351,163,336,1.42,,,
55,Georgia Tech,61,393,190,370,1.42,,,
56,UT Martin,54,364,150,369,1.42,,,
57,Nicholls,54,346,109,386,1.43,,,
58,Fresno St.,47,316,122,331,1.43,,,
59,Georgia,61,377,176,364,1.43,,,
60,St. Thomas (MN),53,344,146,347,1.43,,,
61,Cal St. Fullerton,56,372,188,347,1.44,,,
62,Missouri,57,383,168,385,1.44,,,
63,UAlbany,45,293,112,312,1.45,,,
64,Marshall,57,377,133,414,1.45,,,
65,Hofstra,54,348,168,338,1.45,,,
66,Princeton,49,322,96,373,1.46,,,
67,East Carolina,59,400,202,382,1.46,,,
68,Fordham,55,370,142,399,1.46,,,
69,Saint Joseph's,51,343,128,374,1.46,,,
70,Campbell,57,362,150,381,1.47,,,
71,Jacksonville St.,61,400,216,373,1.47,,,
72,Murray St.,52,345,148,363,1.48,,,
73,Delaware,55,352,139,382,1.48,,,
74,UCF,61,394,251,334,1.48,,,
75,Austin Peay,54,343,132,378,1.48,,,
76,Iona,53,349,144,374,1.48,,,
77,UMass Lowell,54,347,174,342,1.49,,,
78,St. John's (NY),55,367,183,363,1.49,,,
79,Miami (OH),56,372,195,362,1.50,,,
80,Columbia,45,304,122,334,1.50,,,
81,Southern Miss.,57,373,165,397,1.50,,,
82,George Washington,45,310,137,331,1.51,,,
83,Sacramento St.,53,349,162,365,1.51,,,
84,Wichita St.,52,340,134,381,1.51,,,
85,Central Ark.,57,358,154,389,1.51,,,
86,Stetson,59,377,162,410,1.52,,,
87,ETSU,52,341,146,374,1.52,,,
88,Fairfield,51,330,163,340,1.52,,,
89,Clemson,56,359,203,345,1.52,,,
90,Sam Houston,56,360,153,399,1.53,,,
91,San Diego St.,50,320,166,325,1.53,,,
92,Long Beach St.,54,358,116,434,1.54,,,
93,Louisiana,56,360,163,391,1.54,,,
94,Penn St.,54,344,160,371,1.54,,,
95,Jacksonville,55,365,190,376,1.55,,,
96,UAB,54,352,115,430,1.55,,,
97,Loyola Chicago,52,353,163,385,1.55,,,
98,UC Santa Barbara,57,368,136,435,1.55,,,
99,George Mason,51,344,151,383,1.55,,,
100,Louisville,58,385,170,428,1.55,,,
101,Michigan,58,374,170,412,1.55,,,
102,SIUE,58,369,125,451,1.56,,,
103,Youngstown St.,51,318,121,378,1.57,,,
104,Florida A&M,54,343,156,383,1.57,,,
105,McNeese,62,405,167,471,1.57,,,
106,Saint Louis,51,336,128,402,1.57,,,
107,Ga. Southern,53,341,138,400,1.58,,,
108,UCLA,63,381,181,421,1.58,,,
109,UIW,54,330,181,342,1.58,,,
110,Lehigh,54,352,154,404,1.58,,,
111,Kansas,57,356,178,387,1.58,,,
112,Wofford,54,356,150,414,1.58,,,
113,App State,50,312,134,361,1.58,,,
114,Idaho St.,57,360,172,399,1.59,,,
115,Nevada,59,388,223,395,1.59,,,
116,Samford,59,370,185,406,1.60,,,
117,Bowling Green,49,313,114,386,1.60,,,
118,Central Conn. St.,47,297,106,369,1.60,,,
119,Lindenwood,56,378,182,422,1.60,,,
120,Mount St. Mary's,48,304,140,347,1.60,,,
121,Oakland,49,314,121,383,1.60,,,
122,New Mexico St.,54,348,130,430,1.61,,,
123,Prairie View,46,287,149,313,1.61,,,
124,Georgetown,42,284,124,333,1.61,,,
125,Harvard,45,302,123,364,1.61,,,
126,Indiana St.,50,315,164,344,1.61,,,
127,Ole Miss,62,399,251,392,1.61,,,
128,NC State,53,335,179,361,1.61,,,
129,Sacred Heart,54,367,195,398,1.61,,,
130,SFA,56,366,170,421,1.61,,,
131,UConn,60,383,184,435,1.61,,,
132,North Dakota,51,324,166,358,1.62,,,
133,Purdue,54,339,190,360,1.62,,,
134,Wagner,50,312,117,391,1.63,,,
135,Towson,51,342,131,427,1.63,,,
136,Northwestern St.,53,337,164,387,1.63,,,
137,Western Mich.,55,361,182,409,1.63,,,
138,Dayton,50,329,234,305,1.63,,,
139,Jackson St.,48,300,103,390,1.64,,,
140,Norfolk St.,43,282,119,345,1.64,,,
141,UMBC,18,111,74,109,1.64,,,
142,Minnesota,52,332,149,400,1.65,,,
143,Santa Clara,51,336,168,388,1.65,,,
144,New Mexico,55,360,172,424,1.66,,,
145,Marist,58,372,147,470,1.66,,,
146,Providence,49,313,166,353,1.66,,,
147,Colorado St.,51,333,126,427,1.66,,,
148,Col. of Charleston,60,397,141,518,1.66,,,
149,Notre Dame,53,339,172,391,1.66,,,
150,Eastern Ky.,53,347,222,355,1.66,,,
151,Winthrop,53,346,148,431,1.67,,,
152,Yale,45,283,96,379,1.68,,,
153,Pacific,52,341,137,437,1.68,,,
154,Baylor,58,380,218,422,1.68,,,
155,Ohio,58,366,183,433,1.68,,,
156,Drexel,45,281,96,377,1.68,,,
157,Stony Brook,50,325,146,402,1.68,,,
158,Presbyterian,52,337,172,397,1.69,,,
159,Eastern Ill.,59,382,211,434,1.69,,,
160,Canisius,44,289,124,364,1.69,,,
161,Arizona,55,331,150,409,1.69,,,
162,UNLV,53,343,139,441,1.69,,,
163,Delaware St.,46,291,150,343,1.69,,,
164,Duke,60,387,221,434,1.69,,,
165,NIU,43,276,143,325,1.69,,,
166,Seattle U,51,334,169,398,1.69,,,
167,N.C. A&T,53,339,190,386,1.70,,,
168,Cal Poly,46,297,142,362,1.70,,,
169,Liberty,57,371,256,375,1.70,,,
170,Massachusetts,49,312,117,414,1.70,,,
171,Rhode Island,47,304,195,323,1.70,,,
172,Western Caro.,58,382,158,492,1.70,,,
173,Iowa,54,358,173,438,1.71,,,
174,Tarleton St.,61,384,176,480,1.71,,,
175,Kentucky,55,350,178,421,1.71,,,
176,Boise St.,55,355,199,409,1.71,,,
177,Colgate,55,353,162,443,1.71,,,
178,Central Mich.,49,323,161,394,1.72,,,
179,Bryant,44,275,152,322,1.72,,,
180,Merrimack,41,259,106,341,1.72,,,
181,Pittsburgh,52,331,178,393,1.72,,,
182,Rider,49,315,91,452,1.72,,,
183,Middle Tenn.,51,334,153,423,1.72,,,
184,San Diego,51,338,169,414,1.72,,,
185,Utah Valley,54,350,149,456,1.73,,,
186,Wisconsin,54,349,176,429,1.73,,,
187,Lamar University,58,372,209,435,1.73,,,
188,Auburn,55,345,149,450,1.73,,,
189,Oregon St.,53,345,107,492,1.73,,,
190,Akron,60,391,183,496,1.74,,,
191,USC Upstate,61,383,173,492,1.74,,,
192,Monmouth,51,330,129,445,1.74,,,
193,James Madison,51,333,210,373,1.75,,,
194,North Carolina,51,327,150,422,1.75,,,
195,Missouri St.,50,305,189,347,1.75,,,
196,Valparaiso,52,330,152,428,1.76,,,
197,FGCU,54,352,222,397,1.76,,,
198,Illinois St.,51,342,160,443,1.76,,,
199,Ball St.,48,311,159,391,1.77,,,
200,UMES,48,301,118,415,1.77,,,
201,Quinnipiac,45,280,119,377,1.77,,,
202,North Texas,56,361,189,450,1.77,,,
203,UTSA,57,378,244,426,1.77,,,
204,Tulsa,53,352,165,459,1.77,,,
205,Robert Morris,49,308,117,431,1.78,,,
206,UNI,53,346,149,468,1.78,,,
207,South Carolina St.,44,276,194,298,1.78,,,
208,Maryland,48,311,214,342,1.78,,,
209,Tennessee Tech,50,313,160,399,1.78,,,
210,Southern Utah,51,320,147,426,1.79,,,
211,Portland St.,46,290,144,375,1.79,,,
212,Kansas City,48,300,130,409,1.79,,,
213,Southern Ind.,47,297,170,366,1.80,,,
214,LIU,56,348,196,433,1.80,,,
215,San Jose St.,48,305,122,430,1.81,,,
216,Elon,51,323,169,415,1.81,,,
217,Syracuse,44,280,167,342,1.81,,,
218,UC San Diego,51,323,180,408,1.82,,,
219,Gardner-Webb,57,366,207,460,1.82,,,
220,Chattanooga,55,348,219,416,1.82,,,
221,Iowa St.,55,351,184,458,1.83,,,
222,Charlotte,58,371,245,437,1.84,,,
223,Creighton,59,386,236,477,1.85,,,
224,Southeast Mo. St.,53,335,208,413,1.85,,,
225,Northern Ky.,51,323,205,396,1.86,,,
226,Rutgers,54,342,207,430,1.86,,,
227,South Dakota St.,59,363,209,469,1.87,,,
228,North Dakota St.,50,318,208,391,1.88,,,
229,South Dakota,58,370,257,440,1.88,,,
230,Bethune-Cookman,49,305,139,440,1.89,,,
231,Northern Colo.,51,325,133,485,1.90,,,
232,Penn,44,276,135,389,1.90,,,
233,Illinois,54,343,173,481,1.90,,,
234,Villanova,53,331,160,475,1.91,,,
235,Montana,54,343,142,516,1.92,,,
236,Alcorn,50,297,153,418,1.92,,,
237,Ohio St.,53,317,184,426,1.92,,,
238,Queens (NC),48,308,153,440,1.93,,,
239,Manhattan,52,337,189,462,1.93,,,
240,Drake,51,329,139,498,1.93,,,
241,Michigan St.,51,317,204,412,1.94,,,
242,Lafayette,52,327,206,430,1.94,,,
243,Toledo,50,321,178,450,1.96,,,
244,Coastal Carolina,57,359,226,477,1.96,,,
245,Brown,45,287,255,307,1.96,,,
246,Butler,46,302,159,437,1.97,,,
247,Evansville,51,326,272,376,1.99,,,
248,Seton Hall,49,315,228,399,1.99,,,
249,Detroit Mercy,47,296,226,364,1.99,,,
250,Houston Christian,47,287,119,454,1.99,,,
251,DePaul,50,320,207,434,2.00,,,
252,Longwood,53,336,298,374,2.00,,,
253,CSUN,46,291,165,420,2.01,,,
254,Alabama St.,56,354,230,484,2.02,,,
255,Lipscomb,51,323,212,441,2.02,,,
256,Morehead St.,45,295,160,441,2.03,,,
257,A&M-Corpus Christi,53,321,130,527,2.05,,,
258,Buffalo,56,357,196,535,2.05,,,
259,Boston College,51,318,180,473,2.05,,,
260,Memphis,57,357,256,479,2.06,,,
261,Saint Peter's,51,311,197,448,2.07,,,
262,UT Arlington,47,313,185,465,2.07,,,
263,Cornell,43,270,194,369,2.08,,,
264,UC Riverside,44,268,134,425,2.09,,,
265,Weber St.,56,344,200,520,2.09,,,
266,Charleston So.,51,318,213,453,2.09,,,
267,Houston,51,322,214,464,2.10,,,
268,Morgan St.,43,255,144,393,2.11,,,
269,Binghamton,47,284,178,421,2.11,,,
270,Coppin St.,36,220,141,325,2.11,,,
271,Bradley,53,325,203,488,2.12,,,
272,CSU Bakersfield,50,295,130,499,2.13,,,
273,FDU,52,310,218,443,2.13,,,
274,Holy Cross,44,265,224,343,2.14,,,
275,Hampton,43,259,199,357,2.14,,,
276,Mercer,50,314,206,473,2.16,,,
277,Utah St.,54,342,227,512,2.16,,,
278,Western Ill.,46,282,190,420,2.16,,,
279,Bellarmine,50,302,184,472,2.17,,,
280,California,52,315,183,504,2.18,,,
281,UTEP,49,308,245,428,2.18,,,
282,Maine,48,285,206,418,2.18,,,
283,Kent St.,50,316,232,460,2.19,,,
284,Green Bay,47,286,165,464,2.19,,,
285,Bucknell,45,267,149,439,2.20,,,
286,Ark.-Pine Bluff,46,265,183,402,2.20,,,
287,N.C. Central,48,286,148,485,2.21,,,
288,Stonehill,50,292,150,498,2.21,,,
289,St. Bonaventure,53,310,174,514,2.22,,,
290,Utah Tech,53,323,186,532,2.22,,,
291,BYU,51,308,242,451,2.25,,,
292,Dartmouth,33,201,140,328,2.33,,,
293,Furman,53,318,243,499,2.33,,,
294,IU Indy,47,288,151,521,2.33,,,
295,Kennesaw St.,50,309,258,465,2.33,,,
296,UIC,54,321,246,510,2.35,,,
297,Niagara,42,250,209,385,2.37,,,
298,Grambling,43,263,212,420,2.40,,,
299,Tennessee St.,40,247,205,400,2.45,,,
300,Abilene Christian,48,285,235,478,2.50,,,
301,Alabama A&M,50,304,267,515,2.57,,,
302,Saint Francis,48,283,171,562,2.59,,,
303,East Texas A&M,52,313,286,544,2.65,,,
304,Mississippi Val.,39,211,117,489,2.87,,,
Reclassifying,,,,,,,,,
NR,New Haven,45,286,105,429,1.87,,,
NR,Le Moyne,51,320,195,456,2.03,,,
NR,Mercyhurst,43,258,130,395,2.03,,,
NR,West Ga.,55,353,239,496,2.08,,,
,,,,,,,,,
NCAA Softball,,,,,,,,,
Division IStrikeout-to-Walk Ratio,,,,,,,,,
Through Games 06/04/2026,,,,,,,,,
,,,,,,,,,
,,,,,,,,,
Rank,Name,G,IP,SO,BB,K/BB,,,
1,Belmont,54,360.0,527,98,5.38,,,
2,Nebraska,60,400.1,509,98,5.19,,,
3,Texas Tech,71,424.2,499,112,4.46,,,
4,Alabama,65,419.0,480,109,4.40,,,
5,Omaha,49,305.0,281,78,3.60,,,
6,Mississippi St.,64,420.1,523,146,3.58,,,
7,Tennessee,61,401.0,481,142,3.39,,,
8,Texas St.,61,417.0,359,110,3.26,,,
9,Texas,65,419.0,405,126,3.21,,,
10,Grand Canyon,64,425.0,376,123,3.06,,,
11,Oregon,55,362.2,381,132,2.89,,,
12,Oklahoma St.,58,376.0,284,105,2.70,,,
13,Oklahoma,62,369.0,310,117,2.65,,,
14,Texas A&M,57,364.2,326,125,2.61,,,
15,Arkansas,60,367.2,350,137,2.55,,,
16,Arizona St.,63,409.2,426,170,2.51,,,
17,Princeton,49,322.1,240,96,2.50,,,
,Southern Ill.,51,339.2,275,110,2.50,,,
19,New Mexico St.,54,348.2,321,130,2.47,,,
20,Washington,57,366.2,326,134,2.43,,,
21,Boston U.,62,387.1,324,135,2.40,,,
22,Georgia St.,56,372.0,335,143,2.34,,,
23,UAlbany,45,293.0,258,112,2.30,,,
24,UC Davis,54,376.0,223,97,2.30,,,
25,California Baptist,62,410.1,312,139,2.24,,,
26,Marshall,57,377.0,297,133,2.23,,,
27,Southeastern La.,62,395.0,317,142,2.23,,,
28,Nicholls,54,346.1,242,109,2.22,,,
29,St. John's (NY),55,367.0,402,183,2.20,,,
30,Virginia,55,363.2,350,165,2.12,,,
31,FIU,52,346.2,197,93,2.12,,,
32,Radford,51,331.1,239,114,2.10,,,
33,South Alabama,59,387.2,353,171,2.06,,,
34,UNCW,51,339.2,252,123,2.05,,,
35,Western Ky.,53,342.1,253,125,2.02,,,
36,Robert Morris,49,308.0,232,117,1.98,,,
37,Siena,47,319.0,222,112,1.98,,,
38,South Carolina,60,387.0,327,165,1.98,,,
39,Saint Mary's (CA),58,382.1,278,141,1.97,,,
40,LSU,59,388.2,290,148,1.96,,,
41,Youngstown St.,51,318.1,237,121,1.96,,,
42,Stanford,54,360.1,330,169,1.95,,,
43,Florida St.,62,393.1,329,169,1.95,,,
44,UNC Greensboro,62,410.0,325,167,1.95,,,
45,Harvard,45,302.1,235,123,1.91,,,
46,Hawaii,50,327.0,186,98,1.90,,,
47,Yale,45,283.1,181,96,1.89,,,
48,Oakland,49,314.1,228,121,1.88,,,
49,Florida,64,406.2,319,170,1.88,,,
50,Minnesota,52,332.2,279,149,1.87,,,
51,Delaware,55,352.1,260,139,1.87,,,
52,Penn St.,54,344.0,299,160,1.87,,,
53,Georgia,61,377.0,327,176,1.86,,,
54,Central Mich.,49,323.0,299,161,1.86,,,
55,Wagner,50,312.0,216,117,1.85,,,
56,Missouri,57,383.1,310,168,1.85,,,
57,Col. of Charleston,60,397.1,259,141,1.84,,,
58,Texas Southern,42,272.2,172,94,1.83,,,
59,ULM,58,399.2,278,154,1.81,,,
60,Northwestern,50,315.2,274,152,1.80,,,
,Virginia Tech,60,378.1,411,228,1.80,,,
62,Auburn,55,345.2,268,149,1.80,,,
63,Notre Dame,53,339.1,306,172,1.78,,,
64,Columbia,45,304.2,215,122,1.76,,,
65,Army West Point,58,378.0,301,171,1.76,,,
66,North Florida,61,387.1,249,142,1.75,,,
67,UMass Lowell,54,347.1,305,174,1.75,,,
68,Utah,56,359.1,228,131,1.74,,,
69,Howard,47,293.0,189,109,1.73,,,
70,Southern U.,52,337.2,178,104,1.71,,,
71,Troy,54,353.0,284,166,1.71,,,
72,North Ala.,52,335.1,198,116,1.71,,,
73,App State,50,312.1,227,134,1.69,,,
74,St. Thomas (MN),53,344.0,246,146,1.68,,,
75,Fla. Atlantic,54,353.0,246,147,1.67,,,
76,Colgate,55,353.1,270,162,1.67,,,
77,Valparaiso,52,330.0,252,152,1.66,,,
78,Sam Houston,56,360.1,253,153,1.65,,,
79,Saint Joseph's,51,343.2,211,128,1.65,,,
80,Marist,58,372.2,242,147,1.65,,,
81,Dayton,50,329.2,383,234,1.64,,,
82,Central Conn. St.,47,297.1,172,106,1.62,,,
83,Oregon St.,53,345.1,173,107,1.62,,,
84,SIUE,58,369.0,202,125,1.62,,,
85,Louisiana Tech,56,372.0,210,130,1.62,,,
86,Western Caro.,58,382.0,255,158,1.61,,,
87,Fairfield,51,330.1,262,163,1.61,,,
88,UT Martin,54,364.1,241,150,1.61,,,
89,Campbell,57,362.0,240,150,1.60,,,
,Indiana,59,369.2,224,140,1.60,,,
91,South Fla.,61,415.1,259,162,1.60,,,
92,UCLA,63,381.1,285,181,1.57,,,
93,Canisius,44,289.1,195,124,1.57,,,
94,George Washington,45,310.0,215,137,1.57,,,
95,UMBC,18,111.1,116,74,1.57,,,
96,Kentucky,55,350.2,279,178,1.57,,,
97,North Carolina,51,327.1,235,150,1.57,,,
98,Towson,51,342.1,205,131,1.56,,,
99,Pacific,52,341.1,214,137,1.56,,,
100,Delaware St.,46,291.1,233,150,1.55,,,
101,LMU (CA),52,351.2,251,163,1.54,,,
102,Colorado St.,51,333.2,194,126,1.54,,,
103,Hofstra,54,348.1,258,168,1.54,,,
104,Monmouth,51,330.0,198,129,1.53,,,
,New Mexico,55,360.0,264,172,1.53,,,
106,Michigan,58,374.1,260,170,1.53,,,
107,Utah Valley,54,350.2,227,149,1.52,,,
108,UC Santa Barbara,57,368.0,205,136,1.51,,,
109,Louisville,58,385.0,256,170,1.51,,,
110,Western Mich.,55,361.2,274,182,1.51,,,
111,Ohio St.,53,317.0,277,184,1.51,,,
112,Fresno St.,47,316.1,183,122,1.50,,,
113,UConn,60,383.1,272,184,1.48,,,
114,Cal St. Fullerton,56,372.2,277,188,1.47,,,
115,Sacramento St.,53,349.0,238,162,1.47,,,
116,Fordham,55,370.2,208,142,1.46,,,
117,North Dakota,51,324.1,239,166,1.44,,,
118,Tulsa,53,352.0,237,165,1.44,,,
119,UNI,53,346.2,214,149,1.44,,,
120,SFA,56,366.1,244,170,1.44,,,
121,Wichita St.,52,340.2,192,134,1.43,,,
122,Idaho St.,57,360.0,246,172,1.43,,,
123,Lehigh,54,352.1,220,154,1.43,,,
124,Georgia Tech,61,393.2,270,190,1.42,,,
125,NC State,53,335.0,253,179,1.41,,,
126,Eastern Ill.,59,382.2,298,211,1.41,,,
127,Lindenwood,56,378.0,256,182,1.41,,,
128,Drexel,45,281.0,135,96,1.41,,,
129,Wisconsin,54,349.2,247,176,1.40,,,
130,Samford,59,370.1,259,185,1.40,,,
131,Murray St.,52,345.2,207,148,1.40,,,
132,Jackson St.,48,300.1,144,103,1.40,,,
133,Indiana St.,50,315.1,228,164,1.39,,,
134,Long Beach St.,54,358.0,161,116,1.39,,,
135,Syracuse,44,280.2,230,167,1.38,,,
136,Rutgers,54,342.1,284,207,1.37,,,
137,Massachusetts,49,312.1,160,117,1.37,,,
138,Tarleton St.,61,384.1,240,176,1.36,,,
139,Providence,49,313.1,226,166,1.36,,,
140,Kansas,57,356.2,238,178,1.34,,,
141,Nevada,59,388.1,297,223,1.33,,,
142,Georgetown,42,284.0,165,124,1.33,,,
143,Saint Louis,51,336.2,170,128,1.33,,,
144,McNeese,62,405.2,221,167,1.32,,,
145,Stony Brook,50,325.1,193,146,1.32,,,
146,Wofford,54,356.0,197,150,1.31,,,
147,Clemson,56,359.2,266,203,1.31,,,
148,Pittsburgh,52,331.2,232,178,1.30,,,
149,Purdue,54,339.1,247,190,1.30,,,
150,Merrimack,41,259.2,137,106,1.29,,,
151,Seattle U,51,334.2,218,169,1.29,,,
152,Rhode Island,47,304.2,250,195,1.28,,,
153,Norfolk St.,43,282.1,151,119,1.27,,,
154,N.C. A&T,53,339.2,241,190,1.27,,,
155,UNLV,53,343.0,176,139,1.27,,,
156,Louisiana,56,360.1,206,163,1.26,,,
157,UAB,54,352.0,145,115,1.26,,,
158,Boise St.,55,355.1,250,199,1.26,,,
159,Chattanooga,55,348.0,275,219,1.26,,,
160,UIW,54,330.1,226,181,1.25,,,
161,Iowa,54,358.1,216,173,1.25,,,
162,Austin Peay,54,343.2,164,132,1.24,,,
163,Montana,54,343.1,176,142,1.24,,,
164,North Texas,56,361.0,233,189,1.23,,,
165,Santa Clara,51,336.1,206,168,1.23,,,
166,George Mason,51,344.0,185,151,1.23,,,
167,Southern Utah,51,320.2,180,147,1.22,,,
168,Ohio,58,366.0,223,183,1.22,,,
169,Queens (NC),48,308.0,186,153,1.22,,,
170,Eastern Ky.,53,347.0,269,222,1.21,,,
171,NIU,43,276.1,173,143,1.21,,,
172,Rider,49,315.1,109,91,1.20,,,
173,Presbyterian,52,337.2,206,172,1.20,,,
174,Jacksonville St.,61,400.1,257,216,1.19,,,
175,Northwestern St.,53,337.1,195,164,1.19,,,
176,Ga. Southern,53,341.1,164,138,1.19,,,
177,Portland St.,46,290.0,171,144,1.19,,,
178,Duke,60,387.0,260,221,1.18,,,
179,San Diego St.,50,320.1,192,166,1.16,,,
180,Penn,44,276.0,156,135,1.16,,,
181,Winthrop,53,346.2,171,148,1.16,,,
182,Iona,53,349.0,166,144,1.15,,,
183,East Carolina,59,400.1,230,202,1.14,,,
184,LIU,56,348.2,223,196,1.14,,,
185,Mount St. Mary's,48,304.1,159,140,1.14,,,
186,Houston Christian,47,287.2,135,119,1.13,,,
187,Sacred Heart,54,367.2,220,195,1.13,,,
188,Northern Colo.,51,325.2,149,133,1.12,,,
189,Tennessee Tech,50,313.1,179,160,1.12,,,
190,Middle Tenn.,51,334.0,170,153,1.11,,,
,Stetson,59,377.0,180,162,1.11,,,
192,Loyola Chicago,52,353.2,181,163,1.11,,,
193,A&M-Corpus Christi,53,321.0,143,130,1.10,,,
194,Miami (OH),56,372.1,213,195,1.09,,,
195,Jacksonville,55,365.2,207,190,1.09,,,
196,ETSU,52,341.2,159,146,1.09,,,
197,Ole Miss,62,399.0,273,251,1.09,,,
198,Elon,51,323.0,183,169,1.08,,,
199,Baylor,58,380.1,235,218,1.08,,,
200,Illinois St.,51,342.1,171,160,1.07,,,
201,Akron,60,391.1,194,183,1.06,,,
202,USC Upstate,61,383.0,182,173,1.05,,,
203,Morehead St.,45,295.2,168,160,1.05,,,
204,Central Ark.,57,358.2,160,154,1.04,,,
205,James Madison,51,333.2,218,210,1.04,,,
206,Ball St.,48,311.1,165,159,1.04,,,
207,UTSA,57,378.0,251,244,1.03,,,
208,Illinois,54,343.2,176,173,1.02,,,
209,Kansas City,48,300.1,132,130,1.02,,,
210,Cal Poly,46,297.0,144,142,1.01,,,
211,Florida A&M,54,343.1,158,156,1.01,,,
212,South Dakota,58,370.2,260,257,1.01,,,
213,South Dakota St.,59,363.1,210,209,1.00,,,
214,Boston College,51,318.0,180,180,1.00,,,
215,Missouri St.,50,305.2,187,189,0.99,,,
216,Liberty,57,371.1,253,256,0.99,,,
217,Southeast Mo. St.,53,335.1,204,208,0.98,,,
218,Bowling Green,49,313.0,111,114,0.97,,,
219,Arizona,55,331.0,146,150,0.97,,,
220,Southern Ind.,47,297.2,165,170,0.97,,,
221,Prairie View,46,287.1,144,149,0.97,,,
222,UMES,48,301.1,114,118,0.97,,,
223,Quinnipiac,45,280.1,114,119,0.96,,,
224,Gardner-Webb,57,366.0,197,207,0.95,,,
225,Utah Tech,53,323.1,177,186,0.95,,,
226,Drake,51,329.1,132,139,0.95,,,
227,N.C. Central,48,286.1,140,148,0.95,,,
228,Bucknell,45,267.2,140,149,0.94,,,
229,Green Bay,47,286.2,155,165,0.94,,,
230,Creighton,59,386.1,221,236,0.94,,,
231,Maryland,48,311.2,200,214,0.93,,,
232,San Diego,51,338.0,157,169,0.93,,,
233,Binghamton,47,284.1,165,178,0.93,,,
234,Toledo,50,321.0,164,178,0.92,,,
235,Saint Peter's,51,311.1,181,197,0.92,,,
236,Iowa St.,55,351.0,169,184,0.92,,,
237,San Jose St.,48,305.2,112,122,0.92,,,
238,Butler,46,302.0,145,159,0.91,,,
239,Brown,45,287.0,229,255,0.90,,,
240,Maine,48,285.2,184,206,0.89,,,
241,BYU,51,308.2,216,242,0.89,,,
242,Evansville,51,326.0,242,272,0.89,,,
243,FGCU,54,352.0,196,222,0.88,,,
244,Bellarmine,50,302.1,162,184,0.88,,,
245,Michigan St.,51,317.0,179,204,0.88,,,
246,Longwood,53,336.0,261,298,0.88,,,
247,UC San Diego,51,323.0,156,180,0.87,,,
248,UCF,61,394.2,217,251,0.86,,,
249,Western Ill.,46,282.0,164,190,0.86,,,
250,Morgan St.,43,255.0,124,144,0.86,,,
251,Northern Ky.,51,323.2,176,205,0.86,,,
252,DePaul,50,320.2,177,207,0.86,,,
253,Villanova,53,331.2,136,160,0.85,,,
254,Manhattan,52,337.0,160,189,0.85,,,
255,FDU,52,310.1,184,218,0.84,,,
256,Alabama St.,56,354.0,193,230,0.84,,,
257,North Dakota St.,50,318.2,174,208,0.84,,,
258,Lamar University,58,372.0,173,209,0.83,,,
259,Mercer,50,314.2,169,206,0.82,,,
260,Holy Cross,44,265.1,182,224,0.81,,,
261,Bethune-Cookman,49,305.2,111,139,0.80,,,
262,St. Bonaventure,53,310.0,138,174,0.79,,,
263,Coastal Carolina,57,359.1,179,226,0.79,,,
264,Lafayette,52,327.0,163,206,0.79,,,
265,Bryant,44,275.2,120,152,0.79,,,
266,South Carolina St.,44,276.0,153,194,0.79,,,
267,Bradley,53,325.1,159,203,0.78,,,
268,IU Indy,47,288.1,118,151,0.78,,,
269,Ark.-Pine Bluff,46,265.1,143,183,0.78,,,
270,Southern Miss.,57,373.2,127,165,0.77,,,
271,Houston,51,322.1,162,214,0.76,,,
272,Seton Hall,49,315.0,172,228,0.75,,,
273,Mississippi Val.,39,211.0,88,117,0.75,,,
274,Buffalo,56,357.0,145,196,0.74,,,
275,Utah St.,54,342.0,164,227,0.72,,,
276,Cornell,43,270.1,140,194,0.72,,,
277,Detroit Mercy,47,296.1,161,226,0.71,,,
278,Charlotte,58,371.1,171,245,0.70,,,
279,Stonehill,50,292.2,104,150,0.69,,,
280,Charleston So.,51,318.2,146,213,0.69,,,
281,Memphis,57,357.1,173,256,0.68,,,
282,Coppin St.,36,220.1,94,141,0.67,,,
283,Alcorn,50,297.0,101,153,0.66,,,
284,Weber St.,56,344.2,132,200,0.66,,,
285,CSU Bakersfield,50,295.1,84,130,0.65,,,
286,CSUN,46,291.2,101,165,0.61,,,
287,Kent St.,50,316.1,140,232,0.60,,,
288,Alabama A&M,50,304.2,159,267,0.60,,,
289,Abilene Christian,48,285.2,135,235,0.57,,,
290,Lipscomb,51,323.2,121,212,0.57,,,
291,Hampton,43,259.1,112,199,0.56,,,
292,California,52,315.0,102,183,0.56,,,
293,UIC,54,321.2,137,246,0.56,,,
294,UT Arlington,47,313.1,102,185,0.55,,,
295,UC Riverside,44,268.0,73,134,0.54,,,
296,Dartmouth,33,201.0,76,140,0.54,,,
297,Saint Francis,48,283.0,88,171,0.51,,,
298,UTEP,49,308.1,120,245,0.49,,,
299,Furman,53,318.2,118,243,0.49,,,
300,Niagara,42,250.2,97,209,0.46,,,
301,Tennessee St.,40,247.1,91,205,0.44,,,
302,East Texas A&M,52,313.0,121,286,0.42,,,
303,Grambling,43,263.1,79,212,0.37,,,
304,Kennesaw St.,50,309.2,93,258,0.36,,,
Reclassifying,,,,,,,,,
NR,Mercyhurst,43,258.0,147,130,1.13,,,
NR,New Haven,45,286.0,110,105,1.05,,,
NR,Le Moyne,51,320.1,143,195,0.73,,,
NR,West Ga.,55,353.2,170,239,0.71,,,
,,,,,,,,,
NCAA Softball,,,,,,,,,
Division ITriple Plays,,,,,,,,,
Through Games 06/04/2026,,,,,,,,,
,,,,,,,,,
,,,,,,,,,
Rank,Name,G,W-L,TP,,,,,
1,Loyola Chicago,52,28-24,1,,,,,
,Boise St.,55,25-30,1,,,,,
,CSUN,46,14-32,1,,,,,
,St. John's (NY),55,32-23,1,,,,,
,Hampton,43,10-33,1,,,,,
,Yale,45,17-28,1,,,,,
,Rhode Island,47,21-26,1,,,,,
,Grambling,43,14-28-1,1,,,,,
,,,,,,,,,
NCAA Softball,,,,,,,,,
Division ITeam Strikeouts Per Seven Innings,,,,,,,,,
Through Games 06/04/2026,,,,,,,,,
,,,,,,,,,
,,,,,,,,,
Rank,Name,G,IP,SO,K/7,,,,
1,Belmont,54,360.0,527,10.25,,,,
2,Nebraska,60,400.1,509,8.90,,,,
3,Mississippi St.,64,420.1,523,8.71,,,,
4,Tennessee,61,401.0,481,8.40,,,,
5,Texas Tech,71,424.2,499,8.23,,,,
6,Dayton,50,329.2,383,8.13,,,,
7,Alabama,65,419.0,480,8.02,,,,
8,St. John's (NY),55,367.0,402,7.67,,,,
9,Virginia Tech,60,378.1,411,7.60,,,,
10,Oregon,55,362.2,381,7.35,,,,
11,UMBC,18,111.1,116,7.29,,,,
12,Arizona St.,63,409.2,426,7.28,,,,
13,Texas,65,419.0,405,6.77,,,,
14,Virginia,55,363.2,350,6.74,,,,
15,Arkansas,60,367.2,350,6.66,,,,
16,Central Mich.,49,323.0,299,6.48,,,,
17,Omaha,49,305.0,281,6.45,,,,
18,New Mexico St.,54,348.2,321,6.44,,,,
19,Stanford,54,360.1,330,6.41,,,,
20,South Alabama,59,387.2,353,6.37,,,,
21,Notre Dame,53,339.1,306,6.31,,,,
22,Georgia St.,56,372.0,335,6.30,,,,
23,Texas A&M,57,364.2,326,6.26,,,,
24,Washington,57,366.2,326,6.22,,,,
25,Grand Canyon,64,425.0,376,6.19,,,,
26,UAlbany,45,293.0,258,6.16,,,,
27,UMass Lowell,54,347.1,305,6.15,,,,
28,Ohio St.,53,317.0,277,6.12,,,,
29,Penn St.,54,344.0,299,6.08,,,,
30,Northwestern,50,315.2,274,6.08,,,,
31,Georgia,61,377.0,327,6.07,,,,
32,Texas St.,61,417.0,359,6.03,,,,
33,South Carolina,60,387.0,327,5.91,,,,
34,Oklahoma,62,369.0,310,5.88,,,,
35,Minnesota,52,332.2,279,5.87,,,,
36,Boston U.,62,387.1,324,5.86,,,,
37,Florida St.,62,393.1,329,5.86,,,,
38,Rutgers,54,342.1,284,5.81,,,,
39,Rhode Island,47,304.2,250,5.74,,,,
40,Syracuse,44,280.2,230,5.74,,,,
41,Southern Ill.,51,339.2,275,5.67,,,,
42,Missouri,57,383.1,310,5.66,,,,
43,Troy,54,353.0,284,5.63,,,,
44,Southeastern La.,62,395.0,317,5.62,,,,
45,Delaware St.,46,291.1,233,5.60,,,,
46,Brown,45,287.0,229,5.59,,,,
47,Army West Point,58,378.0,301,5.57,,,,
48,Kentucky,55,350.2,279,5.57,,,,
49,Fairfield,51,330.1,262,5.55,,,,
50,UNC Greensboro,62,410.0,325,5.55,,,,
51,Chattanooga,55,348.0,275,5.53,,,,
52,Marshall,57,377.0,297,5.51,,,,
53,Florida,64,406.2,319,5.49,,,,
54,Eastern Ill.,59,382.2,298,5.45,,,,
55,Harvard,45,302.1,235,5.44,,,,
56,Longwood,53,336.0,261,5.44,,,,
57,Auburn,55,345.2,268,5.43,,,,
58,Eastern Ky.,53,347.0,269,5.43,,,,
59,Nevada,59,388.1,297,5.35,,,,
60,Colgate,55,353.1,270,5.35,,,,
61,Valparaiso,52,330.0,252,5.35,,,,
62,California Baptist,62,410.1,312,5.32,,,,
63,Western Mich.,55,361.2,274,5.30,,,,
64,Oklahoma St.,58,376.0,284,5.29,,,,
65,NC State,53,335.0,253,5.29,,,,
66,Robert Morris,49,308.0,232,5.27,,,,
67,UCLA,63,381.1,285,5.23,,,,
68,LSU,59,388.2,290,5.22,,,,
69,Princeton,49,322.1,240,5.21,,,,
70,Youngstown St.,51,318.1,237,5.21,,,,
71,Cal St. Fullerton,56,372.2,277,5.20,,,,
72,Evansville,51,326.0,242,5.20,,,,
73,UNCW,51,339.2,252,5.19,,,,
74,Hofstra,54,348.1,258,5.18,,,,
75,Clemson,56,359.2,266,5.18,,,,
76,Western Ky.,53,342.1,253,5.17,,,,
77,Delaware,55,352.1,260,5.17,,,,
78,North Dakota,51,324.1,239,5.16,,,,
79,New Mexico,55,360.0,264,5.13,,,,
80,Purdue,54,339.1,247,5.10,,,,
81,Saint Mary's (CA),58,382.1,278,5.09,,,,
82,App State,50,312.1,227,5.09,,,,
83,Oakland,49,314.1,228,5.08,,,,
84,Indiana St.,50,315.1,228,5.06,,,,
85,Radford,51,331.1,239,5.05,,,,
86,Providence,49,313.1,226,5.05,,,,
87,North Carolina,51,327.1,235,5.03,,,,
88,St. Thomas (MN),53,344.0,246,5.01,,,,
89,LMU (CA),52,351.2,251,5.00,,,,
90,UConn,60,383.1,272,4.97,,,,
91,N.C. A&T,53,339.2,241,4.97,,,,
92,Wisconsin,54,349.2,247,4.94,,,,
93,Columbia,45,304.2,215,4.94,,,,
94,Boise St.,55,355.1,250,4.92,,,,
95,Sam Houston,56,360.1,253,4.91,,,,
96,South Dakota,58,370.2,260,4.91,,,,
97,BYU,51,308.2,216,4.90,,,,
98,Pittsburgh,52,331.2,232,4.90,,,,
99,Samford,59,370.1,259,4.90,,,,
100,Nicholls,54,346.1,242,4.89,,,,
101,Fla. Atlantic,54,353.0,246,4.88,,,,
102,Siena,47,319.0,222,4.87,,,,
103,ULM,58,399.2,278,4.87,,,,
104,Michigan,58,374.1,260,4.86,,,,
105,George Washington,45,310.0,215,4.85,,,,
106,Wagner,50,312.0,216,4.85,,,,
107,Holy Cross,44,265.1,182,4.80,,,,
108,Georgia Tech,61,393.2,270,4.80,,,,
109,Ole Miss,62,399.0,273,4.79,,,,
110,UIW,54,330.1,226,4.79,,,,
111,Idaho St.,57,360.0,246,4.78,,,,
112,Sacramento St.,53,349.0,238,4.77,,,,
113,Liberty,57,371.1,253,4.77,,,,
114,Lindenwood,56,378.0,256,4.74,,,,
115,Canisius,44,289.1,195,4.72,,,,
116,Tulsa,53,352.0,237,4.71,,,,
117,Duke,60,387.0,260,4.70,,,,
118,Western Caro.,58,382.0,255,4.67,,,,
119,Kansas,57,356.2,238,4.67,,,,
120,SFA,56,366.1,244,4.66,,,,
121,Louisville,58,385.0,256,4.65,,,,
122,UTSA,57,378.0,251,4.65,,,,
123,Campbell,57,362.0,240,4.64,,,,
124,UT Martin,54,364.1,241,4.63,,,,
125,James Madison,51,333.2,218,4.57,,,,
126,Col. of Charleston,60,397.1,259,4.56,,,,
127,Seattle U,51,334.2,218,4.56,,,,
128,Marist,58,372.2,242,4.55,,,,
129,Utah Valley,54,350.2,227,4.53,,,,
130,North Texas,56,361.0,233,4.52,,,,
131,Howard,47,293.0,189,4.52,,,,
132,Maine,48,285.2,184,4.51,,,,
133,North Florida,61,387.1,249,4.50,,,,
134,Jacksonville St.,61,400.1,257,4.49,,,,
135,Maryland,48,311.2,200,4.49,,,,
136,LIU,56,348.2,223,4.48,,,,
137,Yale,45,283.1,181,4.47,,,,
138,Utah,56,359.1,228,4.44,,,,
139,Texas Southern,42,272.2,172,4.42,,,,
140,Pacific,52,341.1,214,4.39,,,,
141,NIU,43,276.1,173,4.38,,,,
142,Tarleton St.,61,384.1,240,4.37,,,,
143,Lehigh,54,352.1,220,4.37,,,,
144,South Fla.,61,415.1,259,4.37,,,,
145,Baylor,58,380.1,235,4.33,,,,
146,UNI,53,346.2,214,4.32,,,,
147,Saint Joseph's,51,343.2,211,4.30,,,,
148,Santa Clara,51,336.1,206,4.29,,,,
149,Missouri St.,50,305.2,187,4.28,,,,
150,Presbyterian,52,337.2,206,4.27,,,,
151,Ohio,58,366.0,223,4.27,,,,
152,Southeast Mo. St.,53,335.1,204,4.26,,,,
153,Indiana,59,369.2,224,4.24,,,,
154,Queens (NC),48,308.0,186,4.23,,,,
155,Iowa,54,358.1,216,4.22,,,,
156,Monmouth,51,330.0,198,4.20,,,,
157,San Diego St.,50,320.1,192,4.20,,,,
158,Murray St.,52,345.2,207,4.19,,,,
159,Towson,51,342.1,205,4.19,,,,
160,Sacred Heart,54,367.2,220,4.19,,,,
161,Stony Brook,50,325.1,193,4.15,,,,
162,UC Davis,54,376.0,223,4.15,,,,
163,FDU,52,310.1,184,4.15,,,,
164,North Ala.,52,335.1,198,4.13,,,,
165,Portland St.,46,290.0,171,4.13,,,,
166,Western Ill.,46,282.0,164,4.07,,,,
167,Colorado St.,51,333.2,194,4.07,,,,
168,Saint Peter's,51,311.1,181,4.07,,,,
169,Georgetown,42,284.0,165,4.07,,,,
170,Binghamton,47,284.1,165,4.06,,,,
171,Fresno St.,47,316.1,183,4.05,,,,
172,Central Conn. St.,47,297.1,172,4.05,,,,
173,Northwestern St.,53,337.1,195,4.05,,,,
174,South Dakota St.,59,363.1,210,4.05,,,,
175,East Carolina,59,400.1,230,4.02,,,,
176,Miami (OH),56,372.1,213,4.00,,,,
177,Creighton,59,386.1,221,4.00,,,,
178,Louisiana,56,360.1,206,4.00,,,,
179,Tennessee Tech,50,313.1,179,4.00,,,,
180,Hawaii,50,327.0,186,3.98,,,,
181,FIU,52,346.2,197,3.98,,,,
182,Morehead St.,45,295.2,168,3.98,,,,
183,Elon,51,323.0,183,3.97,,,,
184,Jacksonville,55,365.2,207,3.96,,,,
185,Boston College,51,318.0,180,3.96,,,,
186,Penn,44,276.0,156,3.96,,,,
187,Michigan St.,51,317.0,179,3.95,,,,
188,Louisiana Tech,56,372.0,210,3.95,,,,
189,Wichita St.,52,340.2,192,3.95,,,,
190,Southern Utah,51,320.2,180,3.93,,,,
191,Fordham,55,370.2,208,3.93,,,,
192,UC Santa Barbara,57,368.0,205,3.90,,,,
193,FGCU,54,352.0,196,3.90,,,,
194,South Carolina St.,44,276.0,153,3.88,,,,
195,Southern Ind.,47,297.2,165,3.88,,,,
196,Wofford,54,356.0,197,3.87,,,,
197,DePaul,50,320.2,177,3.86,,,,
198,UCF,61,394.2,217,3.85,,,,
199,SIUE,58,369.0,202,3.83,,,,
200,Utah Tech,53,323.1,177,3.83,,,,
201,Seton Hall,49,315.0,172,3.82,,,,
202,North Dakota St.,50,318.2,174,3.82,,,,
203,Alabama St.,56,354.0,193,3.82,,,,
204,McNeese,62,405.2,221,3.81,,,,
205,Northern Ky.,51,323.2,176,3.81,,,,
206,Detroit Mercy,47,296.1,161,3.80,,,,
207,Green Bay,47,286.2,155,3.78,,,,
208,Ark.-Pine Bluff,46,265.1,143,3.77,,,,
209,Gardner-Webb,57,366.0,197,3.77,,,,
210,George Mason,51,344.0,185,3.76,,,,
211,Mercer,50,314.2,169,3.76,,,,
212,Bellarmine,50,302.1,162,3.75,,,,
213,Norfolk St.,43,282.1,151,3.74,,,,
214,Ball St.,48,311.1,165,3.71,,,,
215,Merrimack,41,259.2,137,3.69,,,,
216,Southern U.,52,337.2,178,3.69,,,,
217,Bucknell,45,267.2,140,3.66,,,,
218,Mount St. Mary's,48,304.1,159,3.66,,,,
219,Alabama A&M,50,304.2,159,3.65,,,,
220,Cornell,43,270.1,140,3.63,,,,
221,UNLV,53,343.0,176,3.59,,,,
222,Montana,54,343.1,176,3.59,,,,
223,Massachusetts,49,312.1,160,3.59,,,,
224,Illinois,54,343.2,176,3.58,,,,
225,Loyola Chicago,52,353.2,181,3.58,,,,
226,Toledo,50,321.0,164,3.58,,,,
227,Middle Tenn.,51,334.0,170,3.56,,,,
228,Saint Louis,51,336.2,170,3.53,,,,
229,Houston,51,322.1,162,3.52,,,,
230,Prairie View,46,287.1,144,3.51,,,,
231,Oregon St.,53,345.1,173,3.51,,,,
232,Illinois St.,51,342.1,171,3.50,,,,
233,Lafayette,52,327.0,163,3.49,,,,
234,Coastal Carolina,57,359.1,179,3.49,,,,
235,Akron,60,391.1,194,3.47,,,,
236,Winthrop,53,346.2,171,3.45,,,,
237,N.C. Central,48,286.1,140,3.42,,,,
238,Bradley,53,325.1,159,3.42,,,,
239,Morgan St.,43,255.0,124,3.40,,,,
240,Cal Poly,46,297.0,144,3.39,,,,
241,Memphis,57,357.1,173,3.39,,,,
242,UC San Diego,51,323.0,156,3.38,,,,
243,Iowa St.,55,351.0,169,3.37,,,,
244,Ga. Southern,53,341.1,164,3.36,,,,
245,Drexel,45,281.0,135,3.36,,,,
246,Butler,46,302.0,145,3.36,,,,
247,Utah St.,54,342.0,164,3.36,,,,
248,Jackson St.,48,300.1,144,3.36,,,,
249,Stetson,59,377.0,180,3.34,,,,
250,Austin Peay,54,343.2,164,3.34,,,,
251,Iona,53,349.0,166,3.33,,,,
252,USC Upstate,61,383.0,182,3.33,,,,
253,Manhattan,52,337.0,160,3.32,,,,
254,Abilene Christian,48,285.2,135,3.31,,,,
255,Houston Christian,47,287.2,135,3.29,,,,
256,ETSU,52,341.2,159,3.26,,,,
257,Lamar University,58,372.0,173,3.26,,,,
258,San Diego,51,338.0,157,3.25,,,,
259,Charlotte,58,371.1,171,3.22,,,,
260,Florida A&M,54,343.1,158,3.22,,,,
261,Charleston So.,51,318.2,146,3.21,,,,
262,Northern Colo.,51,325.2,149,3.20,,,,
263,Long Beach St.,54,358.0,161,3.15,,,,
264,Central Ark.,57,358.2,160,3.12,,,,
265,A&M-Corpus Christi,53,321.0,143,3.12,,,,
266,St. Bonaventure,53,310.0,138,3.12,,,,
267,Kent St.,50,316.1,140,3.10,,,,
268,Arizona,55,331.0,146,3.09,,,,
269,Kansas City,48,300.1,132,3.08,,,,
270,Bryant,44,275.2,120,3.05,,,,
271,Hampton,43,259.1,112,3.02,,,,
272,Coppin St.,36,220.1,94,2.99,,,,
273,UIC,54,321.2,137,2.98,,,,
274,Mississippi Val.,39,211.0,88,2.92,,,,
275,UAB,54,352.0,145,2.88,,,,
276,Villanova,53,331.2,136,2.87,,,,
277,IU Indy,47,288.1,118,2.86,,,,
278,Quinnipiac,45,280.1,114,2.85,,,,
279,Buffalo,56,357.0,145,2.84,,,,
280,Drake,51,329.1,132,2.81,,,,
281,UTEP,49,308.1,120,2.72,,,,
282,Niagara,42,250.2,97,2.71,,,,
283,East Texas A&M,52,313.0,121,2.71,,,,
284,Weber St.,56,344.2,132,2.68,,,,
285,UMES,48,301.1,114,2.65,,,,
286,Dartmouth,33,201.0,76,2.65,,,,
287,Lipscomb,51,323.2,121,2.62,,,,
288,Furman,53,318.2,118,2.59,,,,
289,Tennessee St.,40,247.1,91,2.58,,,,
290,San Jose St.,48,305.2,112,2.56,,,,
291,Bethune-Cookman,49,305.2,111,2.54,,,,
292,Stonehill,50,292.2,104,2.49,,,,
293,Bowling Green,49,313.0,111,2.48,,,,
294,CSUN,46,291.2,101,2.42,,,,
295,Rider,49,315.1,109,2.42,,,,
296,Alcorn,50,297.0,101,2.38,,,,
297,Southern Miss.,57,373.2,127,2.38,,,,
298,UT Arlington,47,313.1,102,2.28,,,,
299,California,52,315.0,102,2.27,,,,
300,Saint Francis,48,283.0,88,2.18,,,,
Reclassifying,,,,,,,,,
NR,Mercyhurst,43,258.0,147,3.99,,,,
NR,West Ga.,55,353.2,170,3.36,,,,
NR,Le Moyne,51,320.1,143,3.12,,,,
NR,New Haven,45,286.0,110,2.69,,,,
,,,,,,,,,
NCAA Softball,,,,,,,,,
Division IOn Base Percentage,,,,,,,,,
Through Games 06/04/2026,,,,,,,,,
,,,,,,,,,
,,,,,,,,,
Rank,Name,G,AB,H,BB,HBP,SF,SH,PCT
1,UCLA,63,1706,647,325,71,26,6,0.490
2,Oklahoma,62,1666,639,302,44,18,11,0.485
3,Texas Tech,71,1828,679,316,52,35,11,0.469
4,Florida,64,1738,618,298,35,21,8,0.455
5,Indiana,59,1513,523,235,77,26,32,0.451
6,Texas A&M,57,1481,504,244,51,26,16,0.443
7,Boston U.,62,1638,550,279,56,24,11,0.443
8,Prairie View,46,1175,385,217,38,15,28,0.443
9,Robert Morris,49,1467,547,160,37,17,18,0.443
10,Louisville,58,1583,547,233,54,22,38,0.441
11,Arkansas,60,1537,522,251,39,16,14,0.441
12,UNI,53,1483,481,289,23,14,8,0.438
13,North Carolina,51,1379,480,193,42,21,27,0.437
14,Omaha,49,1272,403,228,57,17,2,0.437
15,Florida St.,62,1623,567,249,26,31,7,0.436
16,Campbell,57,1496,484,251,54,21,25,0.433
17,Virginia Tech,60,1653,573,244,20,21,5,0.432
18,Duke,60,1656,587,204,32,28,10,0.429
19,Georgia,61,1585,553,206,28,19,19,0.428
20,Ohio,58,1572,525,227,48,29,16,0.426
21,Penn St.,54,1411,425,274,36,12,33,0.424
22,Texas,65,1721,577,242,33,14,22,0.424
23,Cornell,43,1176,407,156,11,19,18,0.421
24,Jackson St.,48,1265,408,202,21,15,18,0.420
25,Youngstown St.,51,1404,473,188,22,14,28,0.420
26,Washington,57,1547,501,217,47,13,17,0.419
27,Grand Canyon,64,1626,510,260,51,25,39,0.418
28,Nevada,59,1686,579,185,43,15,29,0.418
29,Rutgers,54,1422,435,235,49,13,21,0.418
30,Alabama,65,1641,526,236,51,17,30,0.418
31,UIW,54,1390,452,198,32,16,28,0.417
32,Kansas,57,1468,481,192,45,18,27,0.417
33,UCF,61,1550,496,231,40,21,34,0.416
34,Arizona,55,1405,478,168,27,17,18,0.416
35,Central Ark.,57,1445,446,260,18,18,15,0.416
36,Wichita St.,52,1409,443,218,34,12,14,0.415
37,Stanford,54,1477,484,212,30,32,11,0.415
38,Oklahoma St.,58,1493,466,221,53,18,37,0.415
39,Arizona St.,63,1691,550,206,60,13,17,0.414
40,Iowa St.,55,1483,482,222,24,29,21,0.414
41,McNeese,62,1575,500,254,22,23,33,0.414
42,Oregon,55,1460,473,194,49,37,20,0.411
43,Jacksonville St.,61,1651,501,272,33,11,24,0.410
44,Stetson,59,1568,491,217,50,16,4,0.410
45,Alabama A&M,50,1342,436,164,44,23,16,0.409
46,Wofford,54,1428,454,206,28,20,58,0.409
47,Utah Valley,54,1476,494,166,36,25,27,0.409
48,Western Ky.,53,1374,453,179,14,18,34,0.408
49,Princeton,49,1393,484,119,35,19,8,0.407
50,Tarleton St.,61,1583,493,231,37,18,33,0.407
51,LSU,59,1531,439,274,45,12,11,0.407
52,Miami (OH),56,1552,514,158,55,21,10,0.407
53,Utah,56,1449,439,226,42,21,29,0.407
54,Nebraska,60,1659,539,195,37,14,21,0.405
55,App State,50,1316,401,199,33,19,18,0.404
56,Binghamton,47,1207,376,160,36,13,13,0.404
57,Ball St.,48,1313,389,197,49,14,12,0.404
58,Florida A&M,54,1419,447,199,24,18,20,0.404
59,Southeastern La.,62,1619,547,166,24,18,49,0.403
60,Idaho St.,57,1470,475,186,27,23,33,0.403
61,Butler,46,1241,372,207,19,20,36,0.402
62,Ohio St.,53,1341,411,193,27,9,13,0.402
63,Providence,49,1274,378,195,33,8,25,0.401
64,St. Thomas (MN),53,1428,427,231,25,21,9,0.401
65,Buffalo,56,1516,469,220,26,25,11,0.400
66,UNLV,53,1366,416,174,52,13,28,0.400
67,Virginia,55,1416,408,245,28,19,15,0.399
68,USC Upstate,61,1591,524,156,44,27,36,0.398
69,Purdue,54,1409,447,156,44,20,24,0.397
70,NIU,43,1189,387,130,19,16,27,0.396
71,Northwestern,50,1321,395,178,43,15,13,0.396
72,Auburn,55,1389,393,233,40,25,9,0.395
73,Cal St. Fullerton,56,1482,499,126,28,19,40,0.395
74,UMBC,18,414,120,53,21,4,12,0.394
75,Gardner-Webb,57,1576,510,184,17,27,21,0.394
76,Fla. Atlantic,54,1389,408,197,46,22,13,0.394
77,Troy,54,1418,447,160,34,19,39,0.393
78,Central Mich.,49,1383,449,156,6,10,33,0.393
79,Texas St.,61,1561,439,265,34,20,40,0.393
80,NC State,53,1327,388,186,39,12,9,0.392
81,Howard,47,1204,368,152,26,13,26,0.391
82,Georgia Tech,61,1590,488,196,36,18,21,0.391
,Green Bay,47,1266,401,139,27,17,25,0.391
84,Texas Southern,42,1055,319,134,31,17,34,0.391
85,Wisconsin,54,1387,423,170,42,26,32,0.391
86,North Florida,61,1548,468,208,30,22,30,0.390
87,Northwestern St.,53,1374,392,182,66,19,15,0.390
88,North Dakota St.,50,1395,425,184,22,17,14,0.390
89,Charlotte,58,1497,451,200,33,24,13,0.390
90,Clemson,56,1423,407,223,27,12,22,0.390
91,Notre Dame,53,1402,430,175,26,17,31,0.390
92,Creighton,59,1581,498,178,29,22,32,0.390
93,Houston,51,1309,371,200,34,13,23,0.389
94,Harvard,45,1286,391,167,24,20,14,0.389
95,Marist,58,1527,469,198,21,24,32,0.389
96,UC Santa Barbara,57,1574,513,143,24,9,17,0.389
97,Northern Colo.,51,1370,418,159,36,13,6,0.388
98,St. John's (NY),55,1548,479,165,43,13,20,0.388
99,FIU,52,1399,445,145,26,19,31,0.388
100,UConn,60,1554,448,247,21,26,26,0.387
101,Michigan,58,1581,487,174,41,16,23,0.387
102,Louisiana Tech,56,1497,439,201,40,20,28,0.387
103,Penn,44,1175,356,138,28,9,8,0.387
,UT Arlington,47,1297,387,158,35,10,13,0.387
105,Ole Miss,62,1629,480,197,57,16,15,0.387
106,UNC Greensboro,62,1627,486,202,41,17,34,0.386
107,California Baptist,62,1601,480,180,55,16,53,0.386
108,LIU,56,1408,402,188,51,16,18,0.385
109,Southern Ill.,51,1381,411,189,14,9,20,0.385
110,Western Caro.,58,1609,504,181,23,24,32,0.385
111,Tennessee,61,1519,427,215,52,18,24,0.385
112,South Carolina St.,44,1177,361,149,12,20,24,0.384
113,Southern Miss.,57,1459,414,205,49,27,32,0.384
114,George Washington,45,1243,352,169,40,10,24,0.384
115,Chattanooga,55,1414,423,177,33,26,45,0.384
116,South Carolina,60,1523,430,208,50,14,17,0.383
117,Eastern Ill.,59,1592,471,194,40,17,34,0.383
118,LMU (CA),52,1440,455,144,23,20,32,0.382
119,Saint Mary's (CA),58,1528,468,155,44,18,27,0.382
120,Delaware,55,1394,387,201,44,15,17,0.382
121,UNCW,51,1395,434,150,16,13,9,0.381
122,Akron,60,1603,465,223,22,16,12,0.381
123,North Ala.,52,1385,426,152,22,17,18,0.381
124,Long Beach St.,54,1430,436,159,33,28,30,0.381
125,Jacksonville,55,1412,403,180,47,17,25,0.380
126,UC San Diego,51,1351,423,120,37,17,26,0.380
127,New Mexico St.,54,1464,449,134,43,5,11,0.380
128,South Dakota St.,59,1586,483,185,21,20,20,0.380
129,Louisiana,56,1426,425,168,29,13,48,0.380
130,Fairfield,51,1272,351,170,54,17,63,0.380
131,SFA,56,1536,464,176,23,12,22,0.380
132,Lindenwood,56,1542,470,177,15,18,24,0.378
133,Western Mich.,55,1457,426,168,40,14,39,0.378
134,Central Conn. St.,47,1262,390,138,10,15,13,0.378
135,Grambling,43,1103,323,134,25,16,13,0.377
136,UAlbany,45,1203,370,115,25,10,28,0.377
137,Nicholls,54,1427,429,158,28,19,20,0.377
138,Dartmouth,33,863,256,106,9,7,5,0.377
139,Bowling Green,49,1263,328,190,52,9,36,0.376
140,Colorado St.,51,1305,359,173,46,12,25,0.376
141,Bethune-Cookman,49,1227,359,150,23,15,35,0.376
142,Fordham,55,1516,432,196,28,8,32,0.375
143,James Madison,51,1397,431,141,17,15,24,0.375
144,Belmont,54,1432,416,180,23,16,11,0.375
145,Lehigh,54,1498,446,162,30,13,30,0.375
146,Seattle U,51,1443,443,145,21,20,10,0.374
147,IU Indy,47,1215,341,158,28,9,18,0.374
148,Austin Peay,54,1453,424,161,38,17,6,0.373
149,Yale,45,1167,322,160,27,10,15,0.373
150,South Fla.,61,1563,457,172,44,25,62,0.373
151,Alabama St.,56,1445,420,164,35,17,43,0.373
152,North Texas,56,1520,448,160,34,11,18,0.372
153,Colgate,55,1449,402,188,37,12,20,0.372
154,Hawaii,50,1317,381,155,20,8,30,0.371
155,Eastern Ky.,53,1327,357,185,42,22,34,0.371
156,Montana,54,1435,422,152,31,15,20,0.370
157,Memphis,57,1402,397,161,44,18,53,0.370
158,Liberty,57,1492,424,178,34,15,21,0.370
159,Utah Tech,53,1383,424,136,12,17,21,0.370
160,Quinnipiac,45,1223,381,102,18,13,6,0.369
161,Sacramento St.,53,1376,415,133,22,12,40,0.369
162,Marshall,57,1462,406,191,25,8,22,0.369
163,Morgan St.,43,1090,318,136,6,15,16,0.369
164,Lamar University,58,1530,430,165,57,16,22,0.369
165,Wagner,50,1253,337,159,42,7,22,0.368
166,Valparaiso,52,1322,362,191,13,12,45,0.368
167,San Diego St.,50,1317,411,96,29,15,27,0.368
168,Coastal Carolina,57,1457,409,182,27,18,17,0.367
169,Bryant,44,1063,278,147,33,6,29,0.367
170,Oregon St.,53,1439,414,165,21,12,17,0.367
171,Western Ill.,46,1214,346,148,15,12,24,0.366
172,Southern U.,52,1340,408,106,34,17,27,0.366
173,Illinois St.,51,1425,416,153,21,14,22,0.366
174,New Mexico,55,1441,412,160,35,26,36,0.365
175,Rhode Island,47,1200,324,173,20,23,21,0.365
176,Murray St.,52,1412,404,147,35,11,32,0.365
177,UTSA,57,1508,444,155,20,13,20,0.365
178,Georgia St.,56,1541,458,145,22,11,22,0.364
179,Longwood,53,1318,354,178,24,10,39,0.363
180,Baylor,58,1481,409,177,37,20,25,0.363
181,UIC,54,1351,397,123,32,14,36,0.363
182,Missouri,57,1473,390,195,38,10,34,0.363
183,Hofstra,54,1429,414,153,19,14,32,0.363
184,Columbia,45,1230,334,150,30,7,28,0.363
185,Samford,59,1538,436,151,47,12,25,0.363
186,Boise St.,55,1435,394,171,36,18,24,0.362
187,Sam Houston,56,1420,399,140,47,12,34,0.362
188,Rider,49,1333,396,125,20,17,20,0.362
189,UC Davis,54,1469,414,170,26,22,32,0.362
190,Northern Ky.,51,1301,375,122,35,17,28,0.361
191,Southern Utah,51,1339,386,118,41,14,27,0.360
192,BYU,51,1269,355,146,24,18,16,0.360
193,Queens (NC),48,1257,352,141,23,13,23,0.360
194,UMass Lowell,54,1430,399,161,24,9,22,0.360
195,California,52,1317,356,159,32,14,13,0.359
196,Maryland,48,1254,346,138,33,15,36,0.359
197,Army West Point,58,1552,453,148,25,19,28,0.359
198,Oakland,49,1312,407,97,12,17,19,0.359
199,DePaul,50,1284,367,136,18,14,29,0.359
200,Kent St.,50,1291,368,130,25,12,26,0.359
201,Iowa,54,1439,407,139,43,21,19,0.359
202,Winthrop,53,1386,393,158,9,9,33,0.359
203,Tennessee Tech,50,1301,345,178,17,12,20,0.358
204,Seton Hall,49,1294,357,147,32,24,10,0.358
205,Evansville,51,1338,360,166,26,12,29,0.358
206,Georgetown,42,1160,331,119,17,9,26,0.358
207,North Dakota,51,1317,346,180,22,14,15,0.357
208,Drexel,45,1156,322,137,9,9,16,0.357
209,Utah St.,54,1438,410,117,53,17,14,0.357
210,Furman,53,1325,363,132,43,8,15,0.357
211,Southeast Mo. St.,53,1376,380,156,23,12,21,0.357
212,FDU,52,1284,373,122,20,18,14,0.357
213,Presbyterian,52,1367,387,147,17,17,37,0.356
214,SIUE,58,1389,359,186,32,15,38,0.356
215,UT Martin,54,1443,412,148,15,12,29,0.355
216,Iona,53,1397,389,139,37,19,29,0.355
217,Norfolk St.,43,1147,335,97,18,7,16,0.355
218,Mississippi St.,64,1618,440,187,31,20,12,0.355
219,Syracuse,44,1093,257,179,28,10,15,0.354
220,Canisius,44,1162,320,127,21,12,20,0.354
221,Tulsa,53,1427,378,161,44,15,24,0.354
222,ETSU,52,1374,374,156,22,12,28,0.353
223,Villanova,53,1339,333,183,39,12,14,0.353
224,Towson,51,1385,382,149,23,15,13,0.352
225,Santa Clara,51,1309,351,148,27,11,32,0.352
226,ULM,58,1522,419,170,15,10,35,0.352
227,Ga. Southern,53,1367,371,139,37,12,20,0.352
228,Drake,51,1351,362,160,20,13,16,0.351
229,Saint Louis,51,1306,317,203,23,15,22,0.351
230,Fresno St.,47,1254,363,103,20,9,29,0.351
231,Michigan St.,51,1279,310,185,33,9,21,0.351
232,Middle Tenn.,51,1301,329,181,21,13,11,0.350
233,Saint Joseph's,51,1355,373,139,28,20,26,0.350
234,FGCU,54,1403,376,172,12,13,25,0.350
235,Massachusetts,49,1228,321,141,31,12,32,0.349
236,Brown,45,1134,301,121,30,10,28,0.349
237,Dayton,50,1309,366,128,19,15,28,0.349
238,Pittsburgh,52,1299,328,168,31,14,32,0.349
239,Ark.-Pine Bluff,46,1115,298,115,27,7,21,0.348
240,Col. of Charleston,60,1549,419,158,36,19,13,0.348
241,San Jose St.,48,1244,342,120,22,8,25,0.347
242,Weber St.,56,1499,431,128,17,15,21,0.347
243,Saint Francis,48,1204,313,131,32,4,14,0.347
244,East Carolina,59,1497,402,166,25,20,64,0.347
245,UAB,54,1394,370,155,25,11,31,0.347
246,George Mason,51,1316,334,147,48,16,11,0.346
247,Kansas City,48,1198,300,159,23,13,25,0.346
248,Alcorn,50,1222,333,126,16,13,33,0.345
249,Monmouth,51,1322,359,133,23,16,30,0.345
250,Manhattan,52,1397,382,132,26,13,31,0.344
251,Boston College,51,1308,350,142,15,10,24,0.344
252,Bradley,53,1436,390,150,14,12,14,0.344
253,Mount St. Mary's,48,1216,320,131,21,8,27,0.343
254,Lafayette,52,1341,339,166,19,8,16,0.342
255,Indiana St.,50,1262,327,146,15,6,24,0.341
256,Abilene Christian,48,1191,322,111,20,10,9,0.340
257,Bellarmine,50,1210,303,145,22,6,21,0.340
258,Siena,47,1257,333,127,21,13,45,0.339
259,CSUN,46,1169,308,89,48,8,27,0.339
260,Kentucky,55,1424,393,121,19,10,27,0.339
261,Radford,51,1320,354,131,15,11,18,0.339
262,Lipscomb,51,1346,380,108,12,12,32,0.338
263,Maine,48,1178,271,176,20,7,8,0.338
264,Missouri St.,50,1210,303,140,26,11,20,0.338
265,Tennessee St.,40,1035,267,117,12,8,18,0.338
266,Delaware St.,46,1124,297,116,14,11,41,0.338
267,Bucknell,45,1119,289,117,18,5,21,0.337
268,Toledo,50,1360,373,106,30,18,29,0.336
269,Mercer,50,1212,306,130,26,7,14,0.336
270,UTEP,49,1219,316,126,19,11,25,0.335
271,South Alabama,59,1425,356,155,33,18,30,0.334
272,Coppin St.,36,926,236,96,14,4,15,0.333
273,Pacific,52,1341,339,129,36,11,43,0.332
274,Stonehill,50,1239,324,116,18,7,24,0.332
275,Detroit Mercy,47,1233,299,137,31,9,7,0.331
276,Stony Brook,50,1309,333,117,35,9,39,0.330
277,Loyola Chicago,52,1387,366,128,15,13,41,0.330
278,Hampton,43,1062,276,95,17,6,7,0.329
279,Illinois,54,1376,346,124,38,8,30,0.329
280,South Dakota,58,1532,412,123,16,6,28,0.329
281,Portland St.,46,1192,297,126,18,13,22,0.327
282,Elon,51,1256,293,151,27,12,29,0.326
283,Morehead St.,45,1273,336,91,27,5,20,0.325
284,N.C. A&T,53,1364,338,136,23,6,27,0.325
285,Sacred Heart,54,1476,387,122,20,10,32,0.325
286,UMES,48,1192,283,136,25,15,13,0.325
287,Niagara,42,1044,264,104,11,10,10,0.324
288,A&M-Corpus Christi,53,1252,278,169,24,9,21,0.324
289,San Diego,51,1342,354,83,34,12,25,0.320
290,Southern Ind.,47,1186,296,114,16,18,18,0.319
291,Mississippi Val.,39,903,228,83,6,2,7,0.319
292,Houston Christian,47,1123,270,121,14,13,15,0.319
293,N.C. Central,48,1147,278,107,27,12,35,0.319
294,Minnesota,52,1300,309,141,17,8,40,0.319
295,Merrimack,41,1027,221,144,12,4,14,0.318
296,Kennesaw St.,50,1255,305,110,30,10,27,0.317
297,Cal Poly,46,1167,300,99,6,8,48,0.316
298,CSU Bakersfield,50,1211,299,104,21,8,14,0.315
299,Saint Peter's,51,1313,338,94,21,11,28,0.315
300,Charleston So.,51,1256,311,99,13,10,23,0.307
301,East Texas A&M,52,1216,288,109,17,8,19,0.307
302,Holy Cross,44,1057,236,105,21,8,22,0.304
303,UC Riverside,44,1066,242,92,26,5,19,0.303
304,St. Bonaventure,53,1267,283,117,18,8,10,0.296
Reclassifying,,,,,,,,,
NR,Mercyhurst,43,1110,307,88,22,5,19,0.340
NR,Le Moyne,51,1304,332,106,15,8,33,0.316
NR,West Ga.,55,1370,312,146,25,9,40,0.312
NR,New Haven,45,1132,262,105,22,8,23,0.307
,,,,,,,,,
,,,,,,,,,
"      <script type=""text/javascript"">",,,,,,,,,
"var gaJsHost = ((""https:"" == document.location.protocol) ? ""https://ssl."" : ""http://www."");document.write(unescape(""%3Cscript src='"" + gaJsHost + ""google-analytics.com/ga.js' type='text/javascript'%3E%3C/script%3E""));",,,,,,,,,
</script>,,,,,,,,,
"<script type=""text/javascript"">",,,,,,,,,
try {,,,,,,,,,
"var pageTracker = _gat._getTracker(""UA-2045383-4"");",,,,,,,,,
pageTracker._trackPageview();                                              ,,,,,,,,,
} catch(err) {},,,,,,,,,
</script>,,,,,,,,,
,,,,,,,,,
      ,,,,,,,,,